# Blender 5.1.0
# www.blender.org
mtllib sp_rooftop.mtl
o mesh_60.013
v 10.414000 -7.315200 32.511997
v 10.414000 -7.315200 32.918400
v 12.039600 -7.315200 32.511997
v 12.039600 -7.366000 32.918400
v 12.039600 -7.366000 32.511997
v 12.039600 -7.315200 32.918400
v 10.414000 -7.366000 32.918400
v 10.414000 -7.366000 32.511997
vn -0.0000 1.0000 -0.0000
vn -0.0000 -1.0000 -0.0000
vn -0.0000 -0.0000 -1.0000
vn -0.0000 -0.0000 1.0000
vn 1.0000 -0.0000 -0.0000
vn -1.0000 -0.0000 -0.0000
vt 18.000000 7.000000
vt 17.750000 6.000000
vt 18.000000 6.000000
vt 17.750000 7.000000
vt 6.000000 -2.000000
vt 7.000000 -2.031250
vt 6.000000 -2.031250
vt 7.000000 -2.000000
vt 17.750000 -2.000000
vt 18.000000 -2.031250
vt 17.750000 -2.031250
vt 18.000000 -2.000000
s 1
usemtl materials/dev/reflectivity_30.vmat
f 6/1/1 1/2/1 2/3/1
f 7/3/2 5/4/2 4/1/2
f 1/5/3 5/6/3 8/7/3
f 7/7/4 6/8/4 2/5/4
f 3/9/5 4/10/5 5/11/5
f 8/11/6 2/12/6 1/9/6
f 6/1/1 3/4/1 1/2/1
f 7/3/2 8/2/2 5/4/2
f 1/5/3 3/8/3 5/6/3
f 7/7/4 4/6/4 6/8/4
f 3/9/5 6/12/5 4/10/5
f 8/11/6 7/10/6 2/12/6
o mesh_123.050
v 26.060400 -11.556999 97.485207
v 25.958799 -11.556999 97.485207
v 26.060400 -11.556999 97.586800
v 25.958799 -13.182600 97.586800
v 26.060400 -13.182600 97.586800
v 25.958799 -11.556999 97.586800
v 25.958799 -13.182600 97.485207
v 26.060400 -13.182600 97.485207
vn -0.0000 1.0000 -0.0000
vn -0.0000 -1.0000 -0.0000
vn 1.0000 -0.0000 -0.0000
vn -1.0000 -0.0000 -0.0000
vn -0.0000 -0.0000 1.0000
vn -0.0000 -0.0000 -1.0000
vt 42.000000 12.062500
vt 41.937500 12.000000
vt 42.000000 12.000000
vt 41.937500 12.062500
vt 11.000000 -8.000000
vt 11.062500 -9.000000
vt 11.000000 -9.000000
vt 11.062500 -8.000000
vt 41.937500 -8.000000
vt 42.000000 -9.000000
vt 41.937500 -9.000000
vt 42.000000 -8.000000
s 1
usemtl materials/dev/reflectivity_30.vmat
f 14/13/7 9/14/7 10/15/7
f 15/15/8 13/16/8 12/13/8
f 9/17/9 13/18/9 16/19/9
f 15/19/10 14/20/10 10/17/10
f 11/21/11 12/22/11 13/23/11
f 16/23/12 10/24/12 9/21/12
f 14/13/7 11/16/7 9/14/7
f 15/15/8 16/14/8 13/16/8
f 9/17/9 11/20/9 13/18/9
f 15/19/10 12/18/10 14/20/10
f 11/21/11 14/24/11 12/22/11
f 16/23/12 15/22/12 10/24/12
o mesh_123.031
v 30.835600 -14.833600 92.608406
v 30.835600 -14.833600 92.709999
v 30.937201 -14.833600 92.608406
v 30.937201 -16.459200 92.709999
v 30.937201 -16.459200 92.608406
v 30.937201 -14.833600 92.709999
v 30.835600 -16.459200 92.709999
v 30.835600 -16.459200 92.608406
vn -0.0000 1.0000 -0.0000
vn -0.0000 -1.0000 -0.0000
vn -0.0000 -0.0000 -1.0000
vn -0.0000 -0.0000 1.0000
vn 1.0000 -0.0000 -0.0000
vn -1.0000 -0.0000 -0.0000
vt 42.000000 12.062500
vt 41.937500 12.000000
vt 42.000000 12.000000
vt 41.937500 12.062500
vt 11.000000 -8.000000
vt 11.062500 -9.000000
vt 11.000000 -9.000000
vt 11.062500 -8.000000
vt 41.937500 -8.000000
vt 42.000000 -9.000000
vt 41.937500 -9.000000
vt 42.000000 -8.000000
s 1
usemtl materials/dev/reflectivity_30.vmat
f 22/25/13 17/26/13 18/27/13
f 23/27/14 21/28/14 20/25/14
f 17/29/15 21/30/15 24/31/15
f 23/31/16 22/32/16 18/29/16
f 19/33/17 20/34/17 21/35/17
f 24/35/18 18/36/18 17/33/18
f 22/25/13 19/28/13 17/26/13
f 23/27/14 24/26/14 21/28/14
f 17/29/15 19/32/15 21/30/15
f 23/31/16 20/30/16 22/32/16
f 19/33/17 22/36/17 20/34/17
f 24/35/18 23/34/18 18/36/18
o mesh_120.010
v 30.886400 -13.182600 97.536003
v 26.009600 -13.182600 97.536003
v 30.886400 -13.182600 99.161598
v 26.009600 -13.233400 99.161598
v 30.886400 -13.233400 99.161598
v 26.009600 -13.182600 99.161598
v 26.009600 -13.233400 97.536003
v 30.886400 -13.233400 97.536003
vn -0.0000 1.0000 -0.0000
vn -0.0000 -1.0000 -0.0000
vn 1.0000 -0.0000 -0.0000
vn -1.0000 -0.0000 -0.0000
vn -0.0000 -0.0000 1.0000
vn -0.0000 -0.0000 -1.0000
vt 36.000000 19.000000
vt 33.000000 18.000000
vt 36.000000 18.000000
vt 33.000000 19.000000
vt 17.000000 -8.968750
vt 18.000000 -9.000000
vt 17.000000 -9.000000
vt 18.000000 -8.968750
vt 33.000000 -8.968750
vt 36.000000 -9.000000
vt 33.000000 -9.000000
vt 36.000000 -8.968750
s 1
usemtl materials/dev/reflectivity_30.vmat
f 30/37/19 25/38/19 26/39/19
f 31/39/20 29/40/20 28/37/20
f 25/41/21 29/42/21 32/43/21
f 31/43/22 30/44/22 26/41/22
f 27/45/23 28/46/23 29/47/23
f 32/47/24 26/48/24 25/45/24
f 30/37/19 27/40/19 25/38/19
f 31/39/20 32/38/20 29/40/20
f 25/41/21 27/44/21 29/42/21
f 31/43/22 28/42/22 30/44/22
f 27/45/23 30/48/23 28/46/23
f 32/47/24 31/46/24 26/48/24
o mesh_123.023
v 30.835600 -14.833600 87.731606
v 30.835600 -14.833600 87.833199
v 30.937201 -14.833600 87.731606
v 30.937201 -16.459200 87.833199
v 30.937201 -16.459200 87.731606
v 30.937201 -14.833600 87.833199
v 30.835600 -16.459200 87.833199
v 30.835600 -16.459200 87.731606
vn -0.0000 1.0000 -0.0000
vn -0.0000 -1.0000 -0.0000
vn -0.0000 -0.0000 -1.0000
vn -0.0000 -0.0000 1.0000
vn 1.0000 -0.0000 -0.0000
vn -1.0000 -0.0000 -0.0000
vt 42.000000 12.062500
vt 41.937500 12.000000
vt 42.000000 12.000000
vt 41.937500 12.062500
vt 11.000000 -8.000000
vt 11.062500 -9.000000
vt 11.000000 -9.000000
vt 11.062500 -8.000000
vt 41.937500 -8.000000
vt 42.000000 -9.000000
vt 41.937500 -9.000000
vt 42.000000 -8.000000
s 1
usemtl materials/dev/reflectivity_30.vmat
f 38/49/25 33/50/25 34/51/25
f 39/51/26 37/52/26 36/49/26
f 33/53/27 37/54/27 40/55/27
f 39/55/28 38/56/28 34/53/28
f 35/57/29 36/58/29 37/59/29
f 40/59/30 34/60/30 33/57/30
f 38/49/25 35/52/25 33/50/25
f 39/51/26 40/50/26 37/52/26
f 33/53/27 35/56/27 37/54/27
f 39/55/28 36/54/28 38/56/28
f 35/57/29 38/60/29 36/58/29
f 40/59/30 39/58/30 34/60/30
o mesh_60.024
v 10.414000 -5.080000 28.041601
v 10.414000 -5.080000 28.448000
v 12.039600 -5.080000 28.041601
v 12.039600 -5.130800 28.448000
v 12.039600 -5.130800 28.041601
v 12.039600 -5.080000 28.448000
v 10.414000 -5.130800 28.448000
v 10.414000 -5.130800 28.041601
vn -0.0000 1.0000 -0.0000
vn -0.0000 -1.0000 -0.0000
vn -0.0000 -0.0000 -1.0000
vn -0.0000 -0.0000 1.0000
vn 1.0000 -0.0000 -0.0000
vn -1.0000 -0.0000 -0.0000
vt 18.000000 7.000000
vt 17.750000 6.000000
vt 18.000000 6.000000
vt 17.750000 7.000000
vt 6.000000 -2.000000
vt 7.000000 -2.031250
vt 6.000000 -2.031250
vt 7.000000 -2.000000
vt 17.750000 -2.000000
vt 18.000000 -2.031250
vt 17.750000 -2.031250
vt 18.000000 -2.000000
s 1
usemtl materials/dev/reflectivity_30.vmat
f 46/61/31 41/62/31 42/63/31
f 47/63/32 45/64/32 44/61/32
f 41/65/33 45/66/33 48/67/33
f 47/67/34 46/68/34 42/65/34
f 43/69/35 44/70/35 45/71/35
f 48/71/36 42/72/36 41/69/36
f 46/61/31 43/64/31 41/62/31
f 47/63/32 48/62/32 45/64/32
f 41/65/33 43/68/33 45/66/33
f 47/67/34 44/66/34 46/68/34
f 43/69/35 46/72/35 44/70/35
f 48/71/36 47/70/36 42/72/36
o mesh_123.064
v 29.311600 -13.207999 99.110802
v 29.209999 -13.207999 99.110802
v 29.311600 -13.207999 99.212395
v 29.209999 -14.833600 99.212395
v 29.311600 -14.833600 99.212395
v 29.209999 -13.207999 99.212395
v 29.209999 -14.833600 99.110802
v 29.311600 -14.833600 99.110802
vn -0.0000 1.0000 -0.0000
vn -0.0000 -1.0000 -0.0000
vn 1.0000 -0.0000 -0.0000
vn -1.0000 -0.0000 -0.0000
vn -0.0000 -0.0000 1.0000
vn -0.0000 -0.0000 -1.0000
vt 42.000000 12.062500
vt 41.937500 12.000000
vt 42.000000 12.000000
vt 41.937500 12.062500
vt 11.000000 -8.000000
vt 11.062500 -9.000000
vt 11.000000 -9.000000
vt 11.062500 -8.000000
vt 41.937500 -8.000000
vt 42.000000 -9.000000
vt 41.937500 -9.000000
vt 42.000000 -8.000000
s 1
usemtl materials/dev/reflectivity_30.vmat
f 54/73/37 49/74/37 50/75/37
f 55/75/38 53/76/38 52/73/38
f 49/77/39 53/78/39 56/79/39
f 55/79/40 54/80/40 50/77/40
f 51/81/41 52/82/41 53/83/41
f 56/83/42 50/84/42 49/81/42
f 54/73/37 51/76/37 49/74/37
f 55/75/38 56/74/38 53/76/38
f 49/77/39 51/80/39 53/78/39
f 55/79/40 52/78/40 54/80/40
f 51/81/41 54/84/41 52/82/41
f 56/83/42 55/82/42 50/84/42
o mesh_123.070
v 16.306801 -11.556999 97.485207
v 16.205200 -11.556999 97.485207
v 16.306801 -11.556999 97.586800
v 16.205200 -13.182600 97.586800
v 16.306801 -13.182600 97.586800
v 16.205200 -11.556999 97.586800
v 16.205200 -13.182600 97.485207
v 16.306801 -13.182600 97.485207
vn -0.0000 1.0000 -0.0000
vn -0.0000 -1.0000 -0.0000
vn 1.0000 -0.0000 -0.0000
vn -1.0000 -0.0000 -0.0000
vn -0.0000 -0.0000 1.0000
vn -0.0000 -0.0000 -1.0000
vt 42.000000 12.062500
vt 41.937500 12.000000
vt 42.000000 12.000000
vt 41.937500 12.062500
vt 11.000000 -8.000000
vt 11.062500 -9.000000
vt 11.000000 -9.000000
vt 11.062500 -8.000000
vt 41.937500 -8.000000
vt 42.000000 -9.000000
vt 41.937500 -9.000000
vt 42.000000 -8.000000
s 1
usemtl materials/dev/reflectivity_30.vmat
f 62/85/43 57/86/43 58/87/43
f 63/87/44 61/88/44 60/85/44
f 57/89/45 61/90/45 64/91/45
f 63/91/46 62/92/46 58/89/46
f 59/93/47 60/94/47 61/95/47
f 64/95/48 58/96/48 57/93/48
f 62/85/43 59/88/43 57/86/43
f 63/87/44 64/86/44 61/88/44
f 57/89/45 59/92/45 61/90/45
f 63/91/46 60/90/46 62/92/46
f 59/93/47 62/96/47 60/94/47
f 64/95/48 63/94/48 58/96/48
o mesh_120.011
v 26.009600 -9.906000 97.536003
v 21.132799 -9.906000 97.536003
v 26.009600 -9.906000 99.161598
v 21.132799 -9.956800 99.161598
v 26.009600 -9.956800 99.161598
v 21.132799 -9.906000 99.161598
v 21.132799 -9.956800 97.536003
v 26.009600 -9.956800 97.536003
vn -0.0000 1.0000 -0.0000
vn -0.0000 -1.0000 -0.0000
vn 1.0000 -0.0000 -0.0000
vn -1.0000 -0.0000 -0.0000
vn -0.0000 -0.0000 1.0000
vn -0.0000 -0.0000 -1.0000
vt 36.000000 19.000000
vt 33.000000 18.000000
vt 36.000000 18.000000
vt 33.000000 19.000000
vt 17.000000 -8.968750
vt 18.000000 -9.000000
vt 17.000000 -9.000000
vt 18.000000 -8.968750
vt 33.000000 -8.968750
vt 36.000000 -9.000000
vt 33.000000 -9.000000
vt 36.000000 -8.968750
s 1
usemtl materials/dev/reflectivity_30.vmat
f 70/97/49 65/98/49 66/99/49
f 71/99/50 69/100/50 68/97/50
f 65/101/51 69/102/51 72/103/51
f 71/103/52 70/104/52 66/101/52
f 67/105/53 68/106/53 69/107/53
f 72/107/54 66/108/54 65/105/54
f 70/97/49 67/100/49 65/98/49
f 71/99/50 72/98/50 69/100/50
f 65/101/51 67/104/51 69/102/51
f 71/103/52 68/102/52 70/104/52
f 67/105/53 70/108/53 68/106/53
f 72/107/54 71/106/54 66/108/54
o prop_static_models/dev/dev_cube.vmdl.006
v 27.237728 -13.202720 71.782135
v 28.098362 -13.202720 70.403046
v 28.097916 -14.828320 70.402763
v 27.237284 -14.828320 71.781853
v 29.477449 -13.203243 71.263680
v 28.616817 -13.203243 72.642769
v 28.616371 -14.828843 72.642487
v 29.477005 -14.828843 71.263397
v 28.616371 -14.828843 72.642487
v 27.237284 -14.828320 71.781853
v 28.097916 -14.828320 70.402763
v 29.477005 -14.828843 71.263397
v 27.237728 -13.202720 71.782135
v 28.616817 -13.203243 72.642769
v 29.477449 -13.203243 71.263680
v 28.098362 -13.202720 70.403046
v 29.477005 -14.828843 71.263397
v 28.097916 -14.828320 70.402763
v 28.098362 -13.202720 70.403046
v 29.477449 -13.203243 71.263680
v 27.237284 -14.828320 71.781853
v 28.616371 -14.828843 72.642487
v 28.616817 -13.203243 72.642769
v 27.237728 -13.202720 71.782135
vn -0.8478 0.0013 -0.5303
vn 0.8484 -0.0003 0.5294
vn 0.0005 -1.0000 0.0003
vn 0.0011 1.0000 0.0007
vn 0.5302 -0.0000 -0.8478
vn -0.5286 -0.0000 0.8489
vt -3.000000 -2.500000
vt -3.000000 -2.000000
vt -3.500000 -2.000000
vt -3.500000 -2.500000
vt -2.500000 1.000000
vt -2.500000 1.500000
vt -2.000000 1.500000
vt -2.000000 1.000000
vt -3.500000 1.000000
vt -3.500000 1.500000
vt -3.000000 1.500000
vt -3.000000 1.000000
s 1
usemtl materials/dev/reflectivity_30.vmat
f 73/109/55 74/110/55 75/111/55
f 73/109/55 75/111/55 76/112/55
f 77/110/56 78/109/56 79/112/56
f 77/110/56 79/112/56 80/111/56
f 81/113/57 82/114/57 83/115/57
f 81/113/57 83/115/57 84/116/57
f 85/114/58 86/113/58 87/116/58
f 85/114/58 87/116/58 88/115/58
f 89/117/59 90/118/59 91/119/59
f 89/117/59 91/119/59 92/120/59
f 93/118/60 94/117/60 95/120/60
f 93/118/60 95/120/60 96/119/60
o mesh_123.005
v 30.835600 -14.833600 77.978004
v 30.835600 -14.833600 78.079597
v 30.937201 -14.833600 77.978004
v 30.937201 -16.459200 78.079597
v 30.937201 -16.459200 77.978004
v 30.937201 -14.833600 78.079597
v 30.835600 -16.459200 78.079597
v 30.835600 -16.459200 77.978004
vn -0.0000 1.0000 -0.0000
vn -0.0000 -1.0000 -0.0000
vn -0.0000 -0.0000 -1.0000
vn -0.0000 -0.0000 1.0000
vn 1.0000 -0.0000 -0.0000
vn -1.0000 -0.0000 -0.0000
vt 42.000000 12.062500
vt 41.937500 12.000000
vt 42.000000 12.000000
vt 41.937500 12.062500
vt 11.000000 -8.000000
vt 11.062500 -9.000000
vt 11.000000 -9.000000
vt 11.062500 -8.000000
vt 41.937500 -8.000000
vt 42.000000 -9.000000
vt 41.937500 -9.000000
vt 42.000000 -8.000000
s 1
usemtl materials/dev/reflectivity_30.vmat
f 102/121/61 97/122/61 98/123/61
f 103/123/62 101/124/62 100/121/62
f 97/125/63 101/126/63 104/127/63
f 103/127/64 102/128/64 98/125/64
f 99/129/65 100/130/65 101/131/65
f 104/131/66 98/132/66 97/129/66
f 102/121/61 99/124/61 97/122/61
f 103/123/62 104/122/62 101/124/62
f 97/125/63 99/128/63 101/126/63
f 103/127/64 100/126/64 102/128/64
f 99/129/65 102/132/65 100/130/65
f 104/131/66 103/130/66 98/132/66
o info_player_start_models/editor/playerstart.vmdl
v -0.102243 0.002954 0.107366
v -0.124188 0.002954 0.194544
v -0.181755 0.002954 0.186964
v -0.184587 0.002954 0.096525
v -0.185214 0.002954 -0.071333
v -0.050996 0.002954 -0.053663
v 0.082959 0.002954 0.107361
v 0.165301 0.002954 0.096520
v 0.164066 0.002954 0.186748
v 0.104902 0.002954 0.194539
v 0.165928 0.002954 -0.071338
v 0.031712 0.002954 -0.053668
v -0.123817 0.126449 -0.032875
v -0.139662 0.126449 -0.082964
v -0.094899 0.126449 -0.082964
v -0.168580 0.126449 -0.032875
v -0.065982 0.126449 -0.032875
v -0.139662 0.126449 0.017214
v -0.094899 0.126449 0.017214
v 0.101938 0.126449 -0.032875
v 0.044102 0.126449 -0.032875
v 0.073020 0.126449 -0.082964
v 0.073020 0.126449 0.017214
v 0.117782 0.126449 0.017214
v 0.146703 0.126449 -0.032875
v 0.117782 0.126449 -0.082964
v 0.028425 0.032301 -0.090660
v 0.125684 0.032301 -0.103464
v -0.145146 0.032301 -0.103485
v -0.047887 0.032301 -0.090678
v 0.000632 1.813232 -0.000561
v -0.047130 1.771688 -0.089494
v -0.072583 1.771688 -0.020719
v 0.000632 1.813232 -0.000561
v 0.000632 1.771688 -0.116655
v 0.000632 1.813232 -0.000561
v 0.048397 1.771688 -0.089494
v 0.000632 1.813232 -0.000561
v 0.073848 1.771688 -0.020719
v 0.000632 1.813232 -0.000561
v -0.063744 1.771688 0.057488
v -0.024747 1.771688 0.108532
v 0.026012 1.771688 0.108532
v 0.000632 1.813232 -0.000561
v 0.000632 1.813232 -0.000561
v 0.065009 1.771688 0.057488
v -0.106876 0.525158 -0.009121
v -0.137452 0.525158 -0.064219
v -0.076299 0.525158 -0.064219
v -0.168031 0.525158 -0.009121
v -0.045720 0.525158 -0.009121
v -0.137452 0.525158 0.045974
v -0.076299 0.525158 0.045974
v 0.054419 0.525158 -0.064219
v 0.115575 0.525158 -0.064219
v 0.084996 0.525158 -0.009121
v 0.146152 0.525158 -0.009121
v 0.023843 0.525158 -0.009121
v 0.115575 0.525158 0.045974
v 0.054420 0.525158 0.045974
v -0.073939 1.692621 0.126279
v -0.073939 1.692621 0.131201
v 0.000805 1.692598 0.131201
v 0.000805 1.692598 0.126279
v 0.075550 1.692621 0.126279
v 0.075550 1.692621 0.131201
v -0.023754 1.647657 0.126279
v -0.057592 1.647657 0.126279
v -0.057592 1.647657 0.131201
v -0.023754 1.647657 0.131201
v 0.025364 1.647657 0.126279
v 0.025364 1.647657 0.131201
v 0.059202 1.647657 0.131201
v 0.059202 1.647657 0.126279
v 0.025474 1.617182 0.111671
v 0.000462 1.617182 0.111671
v 0.000462 1.617182 0.124371
v 0.025474 1.617182 0.124371
v -0.024547 1.617182 0.111671
v -0.024547 1.617182 0.124371
v 0.017013 1.568384 0.138166
v 0.000462 1.569715 0.124371
v 0.000462 1.564074 0.141160
v -0.016086 1.571605 0.102339
v 0.000462 1.569715 0.124371
v 0.000462 1.568625 0.100950
v 0.017013 1.571605 0.102339
v 0.000462 1.569715 0.124371
v -0.016086 1.578366 0.129172
v 0.000462 1.564074 0.141160
v 0.000462 1.569715 0.124371
v -0.264137 0.700222 0.047147
v -0.293484 0.686803 0.015964
v -0.273512 0.683433 -0.001379
v -0.244165 0.696849 0.029804
v 0.264137 0.700222 0.047147
v 0.244165 0.696849 0.029804
v 0.273512 0.683433 -0.001379
v 0.293484 0.686803 0.015964
v 0.333390 0.797824 -0.016657
v 0.302425 0.792599 -0.043551
v 0.310678 0.855650 -0.042741
v 0.330650 0.859020 -0.025398
v 0.307454 0.739196 -0.016396
v 0.327426 0.742566 0.000950
v 0.293484 0.686803 0.015964
v 0.273512 0.683433 -0.001379
v -0.302425 0.792599 -0.043551
v -0.307454 0.739196 -0.016396
v -0.333390 0.797824 -0.016657
v -0.310678 0.855650 -0.042741
v -0.330650 0.859020 -0.025397
v -0.327426 0.742566 0.000950
v -0.293484 0.686803 0.015964
v -0.273512 0.683433 -0.001379
v 0.000462 1.569715 0.124371
v 0.017013 1.568384 0.138166
v 0.017013 1.578366 0.129172
v -0.057592 1.647657 0.131201
v -0.057592 1.647657 0.126279
v -0.066050 1.657055 0.126279
v -0.066050 1.657055 0.131201
v -0.027366 1.591803 0.111671
v -0.016086 1.578366 0.129172
v -0.016086 1.571605 0.102339
v -0.016086 1.571605 0.102339
v 0.000462 1.569715 0.124371
v 0.054872 1.505184 -0.003990
v 0.173622 1.476319 -0.003990
v 0.173622 1.498511 -0.069512
v 0.115044 1.434892 0.068958
v 0.054872 1.527376 -0.069512
v 0.054872 1.429509 0.095895
v -0.063881 1.527376 -0.069512
v -0.063881 1.429509 0.095895
v -0.063881 1.505184 -0.003990
v -0.182631 1.498511 -0.069512
v -0.124054 1.434892 0.068958
v -0.182631 1.476319 -0.003990
v 0.059202 1.647657 0.131201
v 0.067663 1.657055 0.131201
v 0.067663 1.657055 0.126279
v 0.059202 1.647657 0.126279
v 0.028293 1.591803 0.111671
v 0.017013 1.571605 0.102339
v 0.017013 1.578366 0.129172
v 0.017013 1.571605 0.102339
v 0.000462 1.569715 0.124371
v 0.255146 1.381958 -0.013173
v 0.225933 1.385928 -0.070919
v 0.205549 1.462611 -0.058176
v 0.230835 1.468465 -0.002860
v 0.244218 1.287610 -0.086584
v 0.274503 1.283790 -0.028814
v 0.280063 1.184681 -0.050124
v 0.259324 1.187046 -0.087899
v 0.314086 1.089477 -0.041463
v 0.285821 1.076145 -0.089235
v 0.279898 1.172611 -0.054991
v 0.259532 1.162601 -0.091488
v 0.318795 0.876676 -0.013190
v 0.299182 0.867425 -0.046340
v -0.254622 1.381958 -0.013172
v -0.230312 1.468465 -0.002860
v -0.205026 1.462611 -0.058176
v -0.225410 1.385926 -0.070919
v -0.243695 1.287610 -0.086584
v -0.273980 1.283790 -0.028814
v -0.279540 1.184681 -0.050124
v -0.258801 1.187046 -0.087899
v -0.027366 1.591803 0.124371
v -0.313563 1.089477 -0.041463
v -0.279375 1.172611 -0.054991
v -0.285298 1.076145 -0.089235
v -0.259009 1.162601 -0.091488
v -0.318272 0.876676 -0.013190
v -0.298658 0.867425 -0.046340
v 0.028293 1.591803 0.124371
v 0.288435 0.872487 -0.012375
v 0.268821 0.876328 0.021829
v 0.249207 0.867075 -0.011323
v 0.299182 0.880516 0.021013
v 0.268821 0.863237 -0.045524
v 0.318795 0.876676 -0.013190
v 0.299182 0.867425 -0.046340
v -0.298658 0.880516 0.021013
v -0.318272 0.876676 -0.013190
v -0.287912 0.872487 -0.012375
v -0.298658 0.867425 -0.046340
v -0.268298 0.876328 0.021829
v -0.268298 0.863234 -0.045524
v -0.248684 0.867075 -0.011323
v 0.285821 1.095012 0.007821
v 0.299182 0.880516 0.021013
v 0.314086 1.089477 -0.041463
v 0.318795 0.876676 -0.013190
v 0.279898 1.172611 -0.054991
v 0.259532 1.177000 -0.017402
v 0.255146 1.381958 -0.013173
v 0.230835 1.468465 -0.002860
v 0.205549 1.447589 0.048702
v 0.225933 1.369855 0.043434
v 0.244218 1.271539 0.027770
v 0.274503 1.283790 -0.028814
v 0.259324 1.176543 -0.013160
v 0.280063 1.184681 -0.050124
v -0.313563 1.089477 -0.041463
v -0.285298 1.095012 0.007823
v -0.279375 1.172611 -0.054991
v -0.259009 1.177000 -0.017402
v -0.298658 0.880516 0.021013
v -0.318272 0.876676 -0.013190
v 0.066698 0.870933 -0.000000
v -0.080978 0.870933 -0.000000
v -0.080978 0.913003 -0.072865
v 0.066698 0.913003 -0.072865
v -0.273980 1.283790 -0.028814
v -0.243695 1.271537 0.027770
v -0.254622 1.381958 -0.013172
v -0.258801 1.176543 -0.013160
v -0.279540 1.184681 -0.050124
v -0.225410 1.369855 0.043434
v -0.205026 1.447589 0.048702
v -0.230312 1.468465 -0.002860
v -0.154816 0.955073 -0.000000
v -0.080978 0.913003 -0.072865
v -0.080978 0.870933 -0.000000
v 0.140536 0.955073 -0.000000
v 0.066698 0.870933 -0.000000
v 0.066698 0.913003 -0.072865
v 0.333390 0.797824 -0.016657
v 0.268905 0.811733 0.054892
v 0.281142 0.775155 0.047909
v 0.275956 0.870816 0.035288
v 0.330650 0.859020 -0.025398
v 0.327426 0.742566 0.000950
v 0.264137 0.700222 0.047147
v 0.293484 0.686803 0.015964
v -0.281142 0.775157 0.047909
v -0.327426 0.742566 0.000950
v -0.264137 0.700222 0.047147
v -0.293484 0.686803 0.015964
v -0.333390 0.797824 -0.016657
v -0.268905 0.811733 0.054892
v -0.275956 0.870816 0.035288
v -0.330650 0.859020 -0.025397
v 0.066698 0.913003 0.072865
v -0.080978 0.913003 0.072865
v -0.080978 0.870933 -0.000000
v 0.066698 0.870933 -0.000000
v -0.154816 0.955073 -0.000000
v -0.080978 0.870933 -0.000000
v -0.080978 0.913003 0.072865
v 0.140536 0.955073 -0.000000
v 0.066698 0.913003 0.072865
v 0.066698 0.870933 -0.000000
v 0.015039 1.676918 0.126279
v 0.015039 1.676918 0.131201
v 0.017844 1.655176 0.131201
v 0.014084 1.684325 0.126279
v 0.014084 1.684325 0.131201
v 0.017844 1.655176 0.126279
v 0.025364 1.647657 0.126279
v 0.025364 1.647657 0.131201
v -0.012474 1.684325 0.126279
v -0.013429 1.676918 0.126279
v -0.013429 1.676918 0.131201
v -0.012474 1.684325 0.131201
v -0.016233 1.655176 0.131201
v -0.016233 1.655176 0.126279
v -0.023754 1.647657 0.126279
v -0.023754 1.647657 0.131201
v -0.016086 1.568384 0.138166
v -0.022197 1.542925 0.137071
v 0.000462 1.564074 0.141160
v -0.034414 1.559844 0.137071
v 0.000462 1.543395 0.137071
v 0.023124 1.542925 0.137071
v 0.017013 1.568384 0.138166
v 0.035342 1.559844 0.137071
v -0.016086 1.568384 0.138166
v -0.034414 1.571688 0.129197
v 0.017013 1.568384 0.138166
v 0.035342 1.571688 0.129197
v 0.017013 1.578366 0.129172
v 0.017013 1.568384 0.138166
v 0.036281 1.591803 0.124371
v 0.028293 1.591803 0.124371
v 0.017013 1.578366 0.129172
v 0.020302 1.610601 0.124371
v 0.025474 1.617182 0.124371
v 0.000462 1.617182 0.124371
v 0.000462 1.611074 0.124371
v -0.019375 1.610601 0.124371
v -0.024547 1.617182 0.124371
v -0.035354 1.591803 0.124371
v -0.027366 1.591803 0.124371
v -0.016086 1.578366 0.129172
v -0.016086 1.568384 0.138166
v 0.000462 1.564074 0.141160
v -0.016086 1.578366 0.129172
v -0.155461 1.220897 -0.122870
v -0.063881 1.034397 -0.104767
v -0.111168 1.034397 -0.072314
v -0.054823 1.220897 -0.145387
v -0.182631 1.373325 -0.138877
v 0.045814 1.220897 -0.145387
v -0.063881 1.414033 -0.151755
v -0.182631 1.498511 -0.069512
v -0.063881 1.527376 -0.069512
v 0.054872 1.527376 -0.069512
v 0.054872 1.034397 -0.104767
v 0.054872 1.414033 -0.151755
v 0.173622 1.498511 -0.069512
v 0.173622 1.373325 -0.138877
v 0.146451 1.220897 -0.122870
v 0.102159 1.034397 -0.072314
v -0.191806 0.641759 0.001549
v -0.185402 0.835243 0.004216
v -0.142331 0.835243 -0.080081
v -0.163434 0.947882 0.001549
v -0.124132 0.938037 -0.077239
v -0.147155 0.641759 -0.082748
v -0.168031 0.525158 -0.009121
v -0.137452 0.525158 -0.064219
v -0.205026 1.447589 0.048702
v -0.167008 1.417104 0.044417
v -0.176873 1.439901 -0.006873
v -0.141722 1.411249 -0.010902
v -0.230312 1.468465 -0.002860
v -0.167008 1.432123 -0.062461
v -0.205026 1.462611 -0.058176
v 0.205549 1.447589 0.048702
v 0.177396 1.439903 -0.006873
v 0.167531 1.417104 0.044417
v 0.142245 1.411249 -0.010902
v 0.230835 1.468465 -0.002860
v 0.167531 1.432126 -0.062461
v 0.205549 1.462611 -0.058176
v 0.163525 0.835243 0.004216
v 0.120454 0.835243 -0.080081
v 0.141554 0.947882 0.001549
v 0.102253 0.938037 -0.077239
v 0.169926 0.641759 0.001549
v 0.125275 0.641759 -0.082748
v 0.146152 0.525158 -0.009121
v 0.115575 0.525158 -0.064219
v -0.194086 0.384437 -0.014115
v -0.165199 0.512554 -0.010343
v -0.135174 0.512554 -0.065441
v -0.152415 0.384437 -0.086294
v -0.168580 0.126449 -0.032875
v -0.139662 0.126449 -0.082964
v -0.194086 0.384437 -0.014115
v -0.152415 0.384437 0.058062
v -0.165199 0.512554 -0.010343
v -0.135174 0.512554 0.044755
v -0.139662 0.126449 0.017214
v -0.168580 0.126449 -0.032875
v -0.191806 0.641759 0.001549
v -0.147155 0.641759 0.085847
v -0.185402 0.835243 0.004216
v -0.137452 0.525158 0.045974
v -0.168031 0.525158 -0.009121
v -0.142331 0.835243 0.088516
v -0.124132 0.938037 0.080338
v -0.163434 0.947882 0.001549
v 0.130536 0.384437 -0.086294
v 0.172207 0.384437 -0.014115
v 0.146703 0.126449 -0.032875
v 0.117782 0.126449 -0.082964
v 0.113294 0.512554 -0.065441
v 0.143322 0.512554 -0.010343
v 0.130536 0.384437 0.058062
v 0.117782 0.126449 0.017214
v 0.172207 0.384437 -0.014115
v 0.146703 0.126449 -0.032875
v 0.143322 0.512554 -0.010343
v 0.113294 0.512554 0.044755
v 0.163525 0.835243 0.004216
v 0.141554 0.947882 0.001549
v 0.102253 0.938037 0.080338
v 0.120454 0.835243 0.088516
v 0.125275 0.641759 0.085847
v 0.169926 0.641759 0.001549
v 0.115575 0.525158 0.045974
v 0.146152 0.525158 -0.009121
v -0.243695 1.287610 -0.086584
v -0.197919 1.281240 -0.087478
v -0.217322 1.181275 -0.088712
v -0.258801 1.187046 -0.087899
v -0.176675 1.354706 -0.075309
v -0.225410 1.385926 -0.070919
v -0.167008 1.432123 -0.062461
v -0.205026 1.462611 -0.058176
v 0.225933 1.385928 -0.070919
v 0.177198 1.354706 -0.075309
v 0.167531 1.432126 -0.062461
v 0.205549 1.462611 -0.058176
v 0.244218 1.287610 -0.086584
v 0.198443 1.281240 -0.087478
v 0.217843 1.181275 -0.088712
v 0.259324 1.187046 -0.087899
v -0.154816 0.955073 -0.000000
v -0.080978 0.997140 -0.072865
v -0.080978 0.913003 -0.072865
v 0.140536 0.955073 -0.000000
v 0.066698 0.913003 -0.072865
v 0.066698 0.997140 -0.072865
v -0.142331 0.835243 -0.080081
v -0.065466 0.810806 -0.080081
v -0.147155 0.641759 -0.082748
v -0.059962 0.893910 -0.077239
v -0.124132 0.938037 -0.077239
v -0.079662 0.641759 -0.082748
v -0.137452 0.525158 -0.064219
v -0.076299 0.525158 -0.064219
v 0.120454 0.835243 -0.080081
v 0.125275 0.641759 -0.082748
v 0.043589 0.810806 -0.080081
v 0.038082 0.893910 -0.077239
v 0.102253 0.938037 -0.077239
v 0.057785 0.641759 -0.082748
v 0.115575 0.525158 -0.064219
v 0.054419 0.525158 -0.064219
v 0.030805 1.701223 0.122992
v 0.026012 1.771688 0.108532
v -0.024747 1.771688 0.108532
v -0.029540 1.701223 0.122992
v -0.025895 1.590154 0.113378
v 0.027160 1.590154 0.113378
v -0.013472 1.566197 0.118445
v 0.014737 1.566197 0.118445
v 0.173622 1.413060 -0.003990
v 0.173622 1.476319 -0.003990
v 0.115044 1.434892 0.068958
v 0.120058 1.311816 0.109235
v 0.173622 1.498511 -0.069512
v 0.173622 1.373325 -0.138877
v 0.144503 1.339886 -0.003990
v 0.120058 1.311816 0.109235
v 0.120058 1.311816 0.109235
v 0.146451 1.220897 -0.122870
v 0.101059 1.178443 0.077218
v 0.102159 1.034397 0.069080
v 0.102159 1.034397 -0.072314
v -0.129070 1.311816 0.109235
v -0.153513 1.339886 -0.003990
v -0.182631 1.373325 -0.138877
v -0.124054 1.434892 0.068958
v -0.162997 1.430076 -0.003990
v -0.162997 1.430076 -0.003990
v -0.182631 1.498511 -0.069512
v -0.124054 1.434892 0.068958
v -0.182631 1.476319 -0.003990
v -0.155461 1.220897 -0.122870
v -0.110068 1.178443 0.077218
v -0.111168 1.034397 0.069080
v -0.111168 1.034397 -0.072314
v 0.242580 1.026094 -0.079505
v 0.218798 1.156980 -0.090396
v 0.259532 1.162601 -0.091488
v 0.285821 1.076145 -0.089235
v 0.299182 0.867425 -0.046340
v 0.268821 0.863237 -0.045524
v -0.242057 1.026094 -0.079505
v -0.259009 1.162601 -0.091488
v -0.218277 1.156980 -0.090396
v -0.285298 1.076145 -0.089235
v -0.298658 0.867425 -0.046340
v -0.268298 0.863234 -0.045524
v 0.010691 1.649479 0.131201
v 0.017844 1.655176 0.131201
v 0.006932 1.674812 0.131201
v 0.020091 1.641018 0.131201
v 0.015039 1.676918 0.131201
v 0.025364 1.647657 0.131201
v 0.063330 1.641018 0.131201
v 0.059202 1.647657 0.131201
v 0.067663 1.657055 0.131201
v 0.075550 1.653238 0.131201
v 0.067663 1.684315 0.131201
v 0.075550 1.692621 0.131201
v 0.043558 1.684320 0.131201
v 0.000805 1.692598 0.131201
v 0.014084 1.684325 0.131201
v 0.000805 1.675752 0.131201
v -0.012474 1.684325 0.131201
v -0.041948 1.684320 0.131201
v -0.013429 1.676918 0.131201
v -0.073939 1.692621 0.131201
v -0.005321 1.674812 0.131201
v -0.066050 1.684315 0.131201
v -0.016233 1.655176 0.131201
v -0.073939 1.653238 0.131201
v -0.009080 1.649479 0.131201
v -0.066050 1.657055 0.131201
v -0.018481 1.641018 0.131201
v -0.061719 1.641018 0.131201
v -0.023754 1.647657 0.131201
v -0.057592 1.647657 0.131201
v 0.066698 0.913003 -0.072865
v -0.080978 0.913003 -0.072865
v -0.080978 0.997140 -0.072865
v 0.066698 0.997140 -0.072865
v -0.027366 1.591803 0.111671
v -0.016086 1.571605 0.102339
v -0.035354 1.591803 0.111671
v -0.019375 1.610601 0.111671
v -0.034414 1.559679 0.096776
v -0.024547 1.617182 0.111671
v -0.022197 1.544345 0.089626
v 0.000462 1.617182 0.111671
v 0.000462 1.544772 0.089824
v 0.000462 1.611074 0.111671
v 0.000462 1.568625 0.100950
v 0.020302 1.610601 0.111671
v 0.025474 1.617182 0.111671
v 0.036281 1.591803 0.111671
v 0.028293 1.591803 0.111671
v 0.017013 1.571605 0.102339
v 0.023124 1.544345 0.089626
v 0.035342 1.559679 0.096776
v -0.154816 0.955073 -0.000000
v -0.080978 0.913003 0.072865
v -0.080978 0.997140 0.072865
v 0.120454 0.835243 0.088516
v 0.102253 0.938037 0.080338
v 0.038082 0.893910 0.080338
v 0.043589 0.810806 0.088516
v 0.125275 0.641759 0.085847
v 0.057785 0.641759 0.085847
v 0.115575 0.525158 0.045974
v 0.054420 0.525158 0.045974
v -0.142331 0.835243 0.088516
v -0.147155 0.641759 0.085847
v -0.065466 0.810806 0.088516
v -0.059962 0.893910 0.080338
v -0.124132 0.938037 0.080338
v -0.079662 0.641759 0.085847
v -0.137452 0.525158 0.045974
v -0.076299 0.525158 0.045974
v 0.140536 0.955073 -0.000000
v 0.066698 0.997140 0.072865
v 0.066698 0.913003 0.072865
v 0.075550 1.653238 0.126279
v 0.075550 1.692621 0.126279
v 0.075550 1.692621 0.131201
v 0.075550 1.653238 0.131201
v -0.063881 1.034397 0.069080
v -0.006500 1.034397 -0.003990
v 0.054872 1.034397 -0.003990
v 0.054872 1.034397 0.069080
v 0.054872 1.034397 -0.104767
v 0.102159 1.034397 -0.072314
v -0.063881 1.034397 -0.104767
v 0.077721 1.034397 -0.003990
v 0.102159 1.034397 -0.003990
v 0.102159 1.034397 0.069080
v -0.063881 1.034397 -0.003990
v -0.111168 1.034397 0.069080
v -0.088318 1.034397 -0.003990
v -0.111168 1.034397 -0.072314
v -0.111168 1.034397 -0.003990
v -0.073939 1.653238 0.126279
v -0.073939 1.653238 0.131201
v -0.073939 1.692621 0.131201
v -0.073939 1.692621 0.126279
v -0.139662 0.126449 0.017214
v -0.079538 0.339964 0.058062
v -0.152415 0.384437 0.058062
v -0.094899 0.126449 0.017214
v -0.075121 0.512557 0.044755
v -0.135174 0.512554 0.044755
v -0.079538 0.339964 -0.086294
v -0.135174 0.512554 -0.065441
v -0.075121 0.512554 -0.065441
v -0.152415 0.384437 -0.086294
v -0.139662 0.126449 -0.082964
v -0.094899 0.126449 -0.082964
v 0.117782 0.126449 0.017214
v 0.130536 0.384437 0.058062
v 0.057658 0.339964 0.058062
v 0.073020 0.126449 0.017214
v 0.053241 0.512554 0.044755
v 0.113294 0.512554 0.044755
v 0.057658 0.339964 -0.086294
v 0.053241 0.512554 -0.065441
v 0.113294 0.512554 -0.065441
v 0.130536 0.384437 -0.086294
v 0.117782 0.126449 -0.082964
v 0.073020 0.126449 -0.082964
v -0.124054 1.434892 0.068958
v -0.063881 1.311816 0.109235
v -0.063881 1.429509 0.095895
v 0.054872 1.429509 0.095895
v 0.115044 1.434892 0.068958
v 0.054872 1.311816 0.109235
v -0.124054 1.434892 0.068958
v -0.129070 1.311816 0.109235
v -0.110068 1.178443 0.077218
v -0.054823 1.178443 0.077218
v -0.063881 1.034397 0.069080
v -0.111168 1.034397 0.069080
v 0.045814 1.178443 0.077218
v 0.054872 1.034397 0.069080
v 0.101059 1.178443 0.077218
v 0.102159 1.034397 0.069080
v 0.120058 1.311816 0.109235
v 0.115044 1.434892 0.068958
v 0.066698 0.997140 0.072865
v -0.080978 0.997140 0.072865
v -0.080978 0.913003 0.072865
v 0.066698 0.913003 0.072865
v -0.238643 1.166990 -0.053899
v -0.259009 1.162601 -0.091488
v -0.279375 1.172611 -0.054991
v -0.218277 1.156980 -0.090396
v -0.259009 1.177000 -0.017402
v -0.197909 1.161372 -0.052807
v -0.218277 1.171382 -0.016309
v 0.077119 1.712544 0.054930
v 0.057630 1.618544 0.063622
v 0.077119 1.627975 -0.006589
v 0.023084 1.538686 0.058090
v 0.087620 1.710657 -0.032121
v 0.029748 1.551056 0.094851
v 0.027160 1.590154 0.113378
v 0.014737 1.566197 0.118445
v 0.029748 1.551056 0.094851
v 0.030805 1.701223 0.122992
v 0.026012 1.771688 0.108532
v 0.065009 1.771688 0.057488
v 0.073848 1.771688 -0.020719
v 0.087620 1.710657 -0.032121
v 0.218798 1.171382 -0.016309
v 0.259532 1.177000 -0.017402
v 0.239164 1.166990 -0.053899
v 0.279898 1.172611 -0.054991
v 0.198432 1.161372 -0.052807
v 0.259532 1.162601 -0.091488
v 0.218798 1.156980 -0.090396
v -0.075855 1.712544 0.054930
v -0.075855 1.627975 -0.006589
v -0.056363 1.618544 0.063622
v -0.021819 1.538686 0.058090
v -0.086352 1.710657 -0.032121
v -0.028481 1.551056 0.094851
v -0.025895 1.590154 0.113378
v -0.013472 1.566197 0.118445
v -0.028481 1.551056 0.094851
v -0.029540 1.701223 0.122992
v -0.024747 1.771688 0.108532
v -0.063744 1.771688 0.057488
v -0.072583 1.771688 -0.020719
v -0.086352 1.710657 -0.032121
v -0.162997 1.430076 -0.003990
v 0.057785 0.641759 -0.082748
v 0.013134 0.641759 0.001549
v 0.043589 0.810806 -0.080081
v 0.054419 0.525158 -0.064219
v 0.023843 0.525158 -0.009121
v 0.000518 0.810806 0.004216
v -0.001219 0.884062 0.001549
v 0.038082 0.893910 -0.077239
v -0.154816 0.955073 -0.000000
v -0.080978 1.039210 -0.000000
v -0.080978 0.997140 -0.072865
v 0.140536 0.955073 -0.000000
v 0.066698 0.997140 -0.072865
v 0.066698 1.039210 -0.000000
v 0.015987 0.339964 -0.014115
v 0.044102 0.126449 -0.032875
v 0.073020 0.126449 0.017214
v 0.057658 0.339964 0.058062
v 0.053241 0.512554 0.044755
v 0.023216 0.512554 -0.010343
v 0.015987 0.339964 -0.014115
v 0.023216 0.512554 -0.010343
v 0.053241 0.512554 -0.065441
v 0.057658 0.339964 -0.086294
v 0.044102 0.126449 -0.032875
v 0.073020 0.126449 -0.082964
v 0.031712 0.002954 -0.053668
v 0.072921 0.074892 0.081935
v 0.043325 0.108016 0.022515
v 0.031669 0.108016 -0.066017
v 0.028425 0.032301 -0.090660
v 0.082959 0.002954 0.107361
v 0.092367 0.041905 0.172024
v 0.104902 0.002954 0.194539
v -0.079662 0.641759 -0.082748
v -0.065466 0.810806 -0.080081
v -0.035011 0.641759 0.001549
v -0.076299 0.525158 -0.064219
v -0.045720 0.525158 -0.009121
v -0.022395 0.810806 0.004216
v -0.020660 0.884062 0.001549
v -0.059962 0.893910 -0.077239
v 0.043589 0.810806 0.088516
v 0.038082 0.893910 0.080338
v 0.000518 0.810806 0.004216
v -0.001219 0.884062 0.001549
v 0.013134 0.641759 0.001549
v 0.057785 0.641759 0.085847
v 0.054420 0.525158 0.045974
v 0.023843 0.525158 -0.009121
v -0.154816 0.955073 -0.000000
v -0.080978 0.997140 0.072865
v -0.080978 1.039210 -0.000000
v -0.037864 0.339964 -0.014115
v -0.045095 0.512554 -0.010343
v -0.075121 0.512557 0.044755
v -0.079538 0.339964 0.058062
v -0.094899 0.126449 0.017214
v -0.065982 0.126449 -0.032875
v 0.102159 1.034397 0.069080
v 0.102159 1.034397 -0.003990
v 0.102159 1.034397 -0.072314
v -0.111168 1.034397 0.069080
v -0.111168 1.034397 -0.072314
v -0.111168 1.034397 -0.003990
v -0.037864 0.339964 -0.014115
v -0.079538 0.339964 -0.086294
v -0.075121 0.512554 -0.065441
v -0.045095 0.512554 -0.010343
v -0.065982 0.126449 -0.032875
v -0.094899 0.126449 -0.082964
v 0.140536 0.955073 -0.000000
v 0.066698 1.039210 -0.000000
v 0.066698 0.997140 0.072865
v -0.079662 0.641759 0.085847
v -0.035011 0.641759 0.001549
v -0.065466 0.810806 0.088516
v -0.076299 0.525158 0.045974
v -0.045720 0.525158 -0.009121
v -0.022395 0.810806 0.004216
v -0.059962 0.893910 0.080338
v -0.020660 0.884062 0.001549
v -0.050996 0.002954 -0.053663
v -0.062786 0.108016 0.022494
v -0.092382 0.074892 0.081918
v -0.051130 0.108016 -0.066035
v -0.047887 0.032301 -0.090678
v -0.102243 0.002954 0.107366
v -0.111826 0.041905 0.172004
v -0.124188 0.002954 0.194544
v 0.087620 1.710657 -0.032121
v 0.057389 1.699339 -0.089096
v 0.048397 1.771688 -0.089494
v 0.000632 1.771688 -0.116655
v 0.048397 1.771688 -0.089494
v 0.000632 1.684470 -0.121354
v 0.050536 1.605374 -0.070488
v 0.000632 1.605374 -0.098854
v 0.050536 1.605374 -0.070488
v 0.050536 1.605374 -0.070488
v 0.029748 1.551056 0.094851
v 0.299182 0.880516 0.021013
v 0.285821 1.095012 0.007821
v 0.242580 1.044961 0.017551
v 0.268821 0.876328 0.021829
v 0.218798 1.171382 -0.016309
v 0.259532 1.177000 -0.017402
v -0.298658 0.880516 0.021013
v -0.242057 1.044961 0.017551
v -0.285298 1.095012 0.007823
v -0.268298 0.876328 0.021829
v -0.218277 1.171382 -0.016309
v -0.259009 1.177000 -0.017402
v -0.237940 0.806506 0.027998
v -0.261170 0.771784 0.030564
v -0.307454 0.739196 -0.016396
v -0.056124 1.699339 -0.089096
v -0.086352 1.710657 -0.032121
v -0.047130 1.771688 -0.089494
v -0.047130 1.771688 -0.089494
v 0.000632 1.771688 -0.116655
v 0.000632 1.684470 -0.121354
v -0.049271 1.605374 -0.070488
v 0.000632 1.605374 -0.098854
v -0.049271 1.605374 -0.070488
v -0.049271 1.605374 -0.070488
v -0.028481 1.551056 0.094851
v 0.237940 0.806506 0.027998
v 0.307454 0.739196 -0.016396
v 0.261170 0.771784 0.030564
v 0.035342 1.559844 0.137071
v 0.023124 1.542925 0.137071
v 0.023124 1.542925 0.124371
v 0.035342 1.559679 0.096776
v 0.035342 1.571688 0.129197
v 0.036281 1.591803 0.111671
v 0.036281 1.591803 0.124371
v 0.025474 1.617182 0.124371
v 0.025474 1.617182 0.111671
v 0.217843 1.170770 -0.013970
v 0.197104 1.173137 -0.051747
v 0.238585 1.178908 -0.050935
v 0.217843 1.181275 -0.088712
v 0.259324 1.176543 -0.013160
v 0.259324 1.187046 -0.087899
v 0.280063 1.184681 -0.050124
v -0.196581 1.173137 -0.051747
v -0.217322 1.170770 -0.013970
v -0.238062 1.178908 -0.050935
v -0.258801 1.176543 -0.013160
v -0.217322 1.181275 -0.088712
v -0.279540 1.184681 -0.050124
v -0.258801 1.187046 -0.087899
v -0.034414 1.559679 0.096776
v -0.035354 1.591803 0.124371
v -0.035354 1.591803 0.111671
v -0.024547 1.617182 0.124371
v -0.024547 1.617182 0.111671
v -0.034414 1.571688 0.129197
v -0.034414 1.559844 0.137071
v -0.022197 1.542925 0.124371
v -0.022197 1.542925 0.137071
v 0.225933 1.369855 0.043434
v 0.205549 1.447589 0.048702
v 0.167531 1.417104 0.044417
v 0.177198 1.338636 0.039045
v 0.244218 1.271539 0.027770
v 0.198443 1.265166 0.026876
v 0.217843 1.170770 -0.013970
v 0.259324 1.176543 -0.013160
v -0.225410 1.369855 0.043434
v -0.243695 1.271537 0.027770
v -0.176675 1.338636 0.039045
v -0.167008 1.417104 0.044417
v -0.205026 1.447589 0.048702
v -0.197919 1.265166 0.026876
v -0.217322 1.170770 -0.013970
v -0.258801 1.176543 -0.013160
v 0.066698 0.997140 -0.072865
v -0.080978 0.997140 -0.072865
v -0.080978 1.039210 -0.000000
v 0.066698 1.039210 -0.000000
v -0.066050 1.657055 0.126279
v -0.066050 1.684315 0.126279
v -0.066050 1.684315 0.131201
v -0.066050 1.657055 0.131201
v 0.067663 1.657055 0.126279
v 0.067663 1.657055 0.131201
v 0.067663 1.684315 0.131201
v 0.067663 1.684315 0.126279
v 0.066698 1.039210 -0.000000
v -0.080978 1.039210 -0.000000
v -0.080978 0.997140 0.072865
v 0.066698 0.997140 0.072865
v 0.006932 1.674812 0.126279
v 0.017844 1.655176 0.126279
v 0.010691 1.649479 0.126279
v 0.020091 1.641018 0.126279
v 0.015039 1.676918 0.126279
v 0.025364 1.647657 0.126279
v 0.063330 1.641018 0.126279
v 0.059202 1.647657 0.126279
v 0.067663 1.657055 0.126279
v 0.075550 1.653238 0.126279
v 0.067663 1.684315 0.126279
v 0.075550 1.692621 0.126279
v 0.043558 1.684320 0.126279
v 0.014084 1.684325 0.126279
v 0.000805 1.692598 0.126279
v 0.000805 1.675752 0.126279
v -0.013429 1.676918 0.126279
v -0.005321 1.674812 0.126279
v -0.012474 1.684325 0.126279
v -0.016233 1.655176 0.126279
v -0.073939 1.692621 0.126279
v -0.009080 1.649479 0.126279
v -0.041948 1.684320 0.126279
v -0.018481 1.641018 0.126279
v -0.066050 1.684315 0.126279
v -0.023754 1.647657 0.126279
v -0.073939 1.653238 0.126279
v -0.061719 1.641018 0.126279
v -0.066050 1.657055 0.126279
v -0.057592 1.647657 0.126279
v -0.197919 1.281240 -0.087478
v -0.167632 1.268986 -0.030894
v -0.196581 1.173137 -0.051747
v -0.217322 1.181275 -0.088712
v -0.176675 1.354706 -0.075309
v -0.147462 1.342606 -0.018702
v -0.141722 1.411249 -0.010902
v -0.167008 1.432123 -0.062461
v -0.213792 1.031629 -0.030218
v -0.248684 0.867075 -0.011323
v -0.242057 1.026094 -0.079505
v -0.268298 0.863234 -0.045524
v -0.218277 1.156980 -0.090396
v -0.197909 1.161372 -0.052807
v 0.177198 1.354706 -0.075309
v 0.147985 1.342606 -0.018702
v 0.142245 1.411249 -0.010902
v 0.167531 1.432126 -0.062461
v 0.168156 1.268989 -0.030894
v 0.198443 1.281240 -0.087478
v 0.197104 1.173137 -0.051747
v 0.217843 1.181275 -0.088712
v -0.145146 0.032301 -0.103485
v -0.185214 0.002954 -0.071333
v -0.160045 0.108016 0.009690
v -0.160045 0.108016 0.009690
v -0.148389 0.108016 -0.078839
v -0.152049 0.074892 0.074061
v -0.160045 0.108016 0.009690
v -0.185214 0.002954 -0.071333
v -0.185214 0.002954 -0.071333
v -0.184587 0.002954 0.096525
v -0.181755 0.002954 0.186964
v -0.171496 0.041905 0.164150
v 0.214315 1.031629 -0.030218
v 0.198432 1.161372 -0.052807
v 0.218798 1.156980 -0.090396
v 0.242580 1.026094 -0.079505
v 0.249207 0.867075 -0.011323
v 0.268821 0.863237 -0.045524
v 0.125684 0.032301 -0.103464
v 0.140584 0.108016 0.009710
v 0.165928 0.002954 -0.071338
v 0.140584 0.108016 0.009710
v 0.128928 0.108016 -0.078821
v 0.132591 0.074892 0.074079
v 0.165928 0.002954 -0.071338
v 0.140584 0.108016 0.009710
v 0.165928 0.002954 -0.071338
v 0.165301 0.002954 0.096520
v 0.152034 0.041905 0.164168
v 0.164066 0.002954 0.186748
v -0.307454 0.739196 -0.016396
v -0.302425 0.792599 -0.043551
v -0.237940 0.806506 0.027998
v -0.310678 0.855650 -0.042741
v -0.255984 0.867446 0.017943
v -0.237940 0.806506 0.027998
v 0.307454 0.739196 -0.016396
v 0.237940 0.806506 0.027998
v 0.302425 0.792599 -0.043551
v 0.255984 0.867446 0.017943
v 0.310678 0.855650 -0.042741
v 0.237940 0.806506 0.027998
v -0.237940 0.806506 0.027998
v -0.255984 0.867446 0.017943
v -0.268905 0.811733 0.054892
v -0.275956 0.870816 0.035288
v -0.261170 0.771784 0.030564
v -0.281142 0.775157 0.047909
v -0.264137 0.700222 0.047147
v -0.244165 0.696849 0.029804
v 0.237940 0.806506 0.027998
v 0.268905 0.811733 0.054892
v 0.255984 0.867446 0.017943
v 0.275956 0.870816 0.035288
v 0.261170 0.771784 0.030564
v 0.281142 0.775155 0.047909
v 0.264137 0.700222 0.047147
v 0.244165 0.696849 0.029804
v 0.120058 1.311816 0.109235
v 0.173622 1.373325 -0.138877
v 0.144503 1.339886 -0.003990
v -0.009080 1.649479 0.126279
v -0.009080 1.649479 0.131201
v -0.018481 1.641018 0.131201
v -0.018481 1.641018 0.126279
v -0.005321 1.674812 0.126279
v -0.005321 1.674812 0.131201
v 0.062954 0.903755 0.001549
v 0.102253 0.938037 0.080338
v 0.141554 0.947882 0.001549
v 0.038082 0.893910 0.080338
v -0.001219 0.884062 0.001549
v 0.038082 0.893910 -0.077239
v -0.242057 1.044961 0.017551
v -0.213792 1.031629 -0.030218
v -0.218277 1.171382 -0.016309
v -0.197909 1.161372 -0.052807
v -0.268298 0.876328 0.021829
v -0.248684 0.867075 -0.011323
v 0.102253 0.938037 -0.077239
v -0.019375 1.610601 0.111671
v -0.019375 1.610601 0.124371
v -0.027366 1.591803 0.124371
v -0.027366 1.591803 0.111671
v -0.176675 1.338636 0.039045
v -0.147462 1.342606 -0.018702
v -0.141722 1.411249 -0.010902
v -0.167008 1.417104 0.044417
v -0.167632 1.268986 -0.030894
v -0.197919 1.265166 0.026876
v -0.217322 1.170770 -0.013970
v -0.196581 1.173137 -0.051747
v 0.010691 1.649479 0.126279
v 0.020091 1.641018 0.126279
v 0.020091 1.641018 0.131201
v 0.010691 1.649479 0.131201
v 0.006932 1.674812 0.126279
v 0.006932 1.674812 0.131201
v -0.084831 0.903755 0.001549
v -0.163434 0.947882 0.001549
v -0.124132 0.938037 0.080338
v -0.059962 0.893910 0.080338
v -0.020660 0.884062 0.001549
v -0.059962 0.893910 -0.077239
v 0.242580 1.044961 0.017551
v 0.218798 1.171382 -0.016309
v 0.214315 1.031629 -0.030218
v 0.198432 1.161372 -0.052807
v 0.268821 0.876328 0.021829
v 0.249207 0.867075 -0.011323
v -0.124132 0.938037 -0.077239
v 0.020302 1.610601 0.111671
v 0.028293 1.591803 0.111671
v 0.028293 1.591803 0.124371
v 0.020302 1.610601 0.124371
v 0.198443 1.265166 0.026876
v 0.177198 1.338636 0.039045
v 0.168156 1.268989 -0.030894
v 0.217843 1.170770 -0.013970
v 0.197104 1.173137 -0.051747
v 0.147985 1.342606 -0.018702
v 0.142245 1.411249 -0.010902
v 0.167531 1.417104 0.044417
v 0.125684 0.032301 -0.103464
v 0.028425 0.032301 -0.090660
v 0.031669 0.108016 -0.066017
v 0.128928 0.108016 -0.078821
v -0.145146 0.032301 -0.103485
v -0.148389 0.108016 -0.078839
v -0.051130 0.108016 -0.066035
v -0.047887 0.032301 -0.090678
v -0.261170 0.771784 0.030564
v -0.244165 0.696849 0.029804
v -0.307454 0.739196 -0.016396
v -0.273512 0.683433 -0.001379
v 0.275956 0.870816 0.035288
v 0.330650 0.859020 -0.025398
v 0.310678 0.855650 -0.042741
v 0.255984 0.867446 0.017943
v -0.275956 0.870816 0.035288
v -0.255984 0.867446 0.017943
v -0.310678 0.855650 -0.042741
v -0.330650 0.859020 -0.025397
v 0.261170 0.771784 0.030564
v 0.307454 0.739196 -0.016396
v 0.244165 0.696849 0.029804
v 0.273512 0.683433 -0.001379
v 0.023124 1.544345 0.089626
v -0.022197 1.544345 0.089626
v 0.063330 1.641018 0.126279
v 0.075550 1.653238 0.126279
v 0.075550 1.653238 0.131201
v 0.063330 1.641018 0.131201
v -0.061719 1.641018 0.126279
v -0.061719 1.641018 0.131201
v -0.073939 1.653238 0.131201
v -0.073939 1.653238 0.126279
v -0.028481 1.551056 0.094851
v 0.029748 1.551056 0.094851
v 0.014737 1.566197 0.118445
v -0.013472 1.566197 0.118445
v -0.021819 1.538686 0.058090
v 0.023084 1.538686 0.058090
v -0.021819 1.538686 0.058090
v -0.049271 1.605374 -0.070488
v 0.000632 1.605374 -0.098854
v 0.050536 1.605374 -0.070488
v 0.023084 1.538686 0.058090
v 0.000462 1.543395 0.124371
v 0.000462 1.543395 0.137071
v -0.022197 1.542925 0.137071
v -0.022197 1.542925 0.124371
v 0.023124 1.542925 0.124371
v 0.023124 1.542925 0.137071
v -0.022197 1.544345 0.089626
v 0.000462 1.544772 0.089824
v 0.023124 1.544345 0.089626
v 0.000462 1.611074 0.111671
v 0.000462 1.611074 0.124371
v -0.019375 1.610601 0.124371
v -0.019375 1.610601 0.111671
v 0.020302 1.610601 0.124371
v 0.020302 1.610601 0.111671
v -0.018481 1.641018 0.126279
v -0.018481 1.641018 0.131201
v -0.061719 1.641018 0.131201
v -0.061719 1.641018 0.126279
v 0.020091 1.641018 0.126279
v 0.063330 1.641018 0.126279
v 0.063330 1.641018 0.131201
v 0.020091 1.641018 0.131201
v 0.000805 1.675752 0.126279
v 0.000805 1.675752 0.131201
v -0.005321 1.674812 0.131201
v -0.005321 1.674812 0.126279
v 0.006932 1.674812 0.131201
v 0.006932 1.674812 0.126279
v 0.043558 1.684320 0.126279
v 0.067663 1.684315 0.126279
v 0.067663 1.684315 0.131201
v 0.043558 1.684320 0.131201
v 0.014084 1.684325 0.126279
v 0.014084 1.684325 0.131201
v -0.041948 1.684320 0.131201
v -0.041948 1.684320 0.126279
v -0.012474 1.684325 0.126279
v -0.012474 1.684325 0.131201
v -0.066050 1.684315 0.131201
v -0.066050 1.684315 0.126279
v 0.143322 0.512554 -0.010343
v 0.113294 0.512554 -0.065441
v 0.083269 0.512554 -0.010343
v 0.053241 0.512554 -0.065441
v 0.113294 0.512554 0.044755
v 0.023216 0.512554 -0.010343
v 0.053241 0.512554 0.044755
v -0.075121 0.512554 -0.065441
v -0.135174 0.512554 -0.065441
v -0.105148 0.512554 -0.010343
v -0.165199 0.512554 -0.010343
v -0.045095 0.512554 -0.010343
v -0.135174 0.512554 0.044755
v -0.075121 0.512557 0.044755
v -0.111826 0.041905 0.172004
v -0.171496 0.041905 0.164150
v -0.124188 0.002954 0.194544
v -0.181755 0.002954 0.186964
v -0.152049 0.074892 0.074061
v -0.092382 0.074892 0.081918
v -0.160045 0.108016 0.009690
v -0.062786 0.108016 0.022494
v -0.148389 0.108016 -0.078839
v -0.051130 0.108016 -0.066035
v 0.031669 0.108016 -0.066017
v 0.043325 0.108016 0.022515
v 0.140584 0.108016 0.009710
v 0.128928 0.108016 -0.078821
v 0.072921 0.074892 0.081935
v 0.132591 0.074892 0.074079
v 0.092367 0.041905 0.172024
v 0.152034 0.041905 0.164168
v 0.104902 0.002954 0.194539
v 0.164066 0.002954 0.186748
vn -0.0000 -1.0000 -0.0000
vn 0.0412 -0.9414 -0.3348
vn -0.0412 -0.9414 -0.3348
vn -0.0689 -0.7931 -0.6052
vn -0.0688 -0.7931 -0.6053
vn 0.0688 -0.7931 -0.6052
vn -0.2758 0.9554 -0.1059
vn -0.3332 0.9055 -0.2627
vn -0.4647 0.8843 -0.0450
vn -0.1587 0.9801 -0.1193
vn 0.0012 0.9373 -0.3485
vn -0.3331 0.9055 -0.2627
vn 0.1586 0.9801 -0.1193
vn 0.3331 0.9055 -0.2627
vn 0.0013 0.9373 -0.3485
vn 0.2758 0.9554 -0.1059
vn 0.4647 0.8843 -0.0450
vn 0.3332 0.9055 -0.2627
vn -0.3091 0.9501 0.0420
vn -0.4232 0.8912 0.1632
vn -0.1801 0.9312 0.3169
vn -0.4647 0.8843 -0.0449
vn 0.1801 0.9312 0.3169
vn 0.0012 0.9733 0.2295
vn 0.3091 0.9501 0.0420
vn 0.4232 0.8912 0.1632
vn 0.4647 0.8843 -0.0449
vn 0.0010 1.0000 0.0010
vn 0.0010 1.0000 0.0009
vn -0.1454 0.7811 0.6072
vn -0.2352 0.9605 0.1485
vn -0.0696 0.8307 0.5524
vn 0.2806 0.9511 -0.1290
vn 0.0512 0.9985 0.0177
vn 0.0011 0.9987 -0.0503
vn -0.2806 0.9511 -0.1290
vn 0.0010 0.9987 -0.0503
vn -0.0350 0.9980 -0.0520
vn 0.5805 0.8013 0.1448
vn 0.2826 0.7940 0.5383
vn 0.3729 0.9279 0.0013
vn 0.1089 -0.9468 0.3028
vn -0.1089 -0.9468 0.3028
vn 0.6542 -0.2031 -0.7286
vn 0.6560 -0.0708 -0.7514
vn 0.6471 -0.4032 -0.6471
vn 0.6046 -0.5185 -0.6046
vn -0.6542 -0.2031 -0.7286
vn -0.6471 -0.4032 -0.6471
vn -0.6560 -0.0708 -0.7514
vn -0.6046 -0.5185 -0.6046
vn -0.3663 0.7857 0.4986
vn -0.3662 0.7857 0.4986
vn -0.2520 0.5024 0.8271
vn 0.7395 0.6731 0.0014
vn 0.7395 0.6732 0.0014
vn 0.8127 0.5785 -0.0700
vn 0.6606 0.7503 -0.0238
vn 0.6460 0.7436 -0.1725
vn 0.4985 0.8552 -0.1418
vn 0.6606 0.7504 -0.0238
vn 0.2337 0.9721 -0.0204
vn 0.1154 0.8788 0.4629
vn 0.2220 0.8562 0.4666
vn 0.2323 0.9250 0.3007
vn 0.0944 0.5882 0.8032
vn 0.1088 0.9390 0.3264
vn 0.0944 0.8032 0.5882
vn -0.1088 0.9389 0.3264
vn -0.0944 0.8032 0.5882
vn -0.1154 0.8789 0.4629
vn -0.2323 0.9250 0.3007
vn -0.0944 0.5882 0.8032
vn -0.2220 0.8562 0.4666
vn -0.7395 0.6731 0.0014
vn -0.8127 0.5785 -0.0700
vn -0.6460 0.7436 -0.1726
vn -0.7020 0.7019 -0.1207
vn -0.4985 0.8552 -0.1418
vn -0.1430 0.9897 0.0011
vn -0.7019 0.7019 -0.1207
vn 0.8659 0.2694 -0.4215
vn 0.8659 0.2693 -0.4215
vn 0.8679 0.1914 -0.4584
vn 0.8854 0.1392 -0.4435
vn 0.8395 0.0933 -0.5353
vn 0.8023 0.2273 -0.5519
vn 0.8024 0.2273 -0.5519
vn 0.8700 -0.0425 -0.4912
vn 0.8700 -0.0425 -0.4913
vn -0.8659 0.2694 -0.4215
vn -0.8659 0.2693 -0.4215
vn -0.8679 0.1914 -0.4584
vn -0.8854 0.1392 -0.4435
vn 0.7627 0.6468 0.0014
vn -0.8395 0.0933 -0.5353
vn -0.8023 0.2273 -0.5519
vn -0.8024 0.2273 -0.5519
vn -0.8700 -0.0425 -0.4912
vn -0.8700 -0.0425 -0.4913
vn -0.7627 0.6468 0.0014
vn 0.1452 -0.9718 0.1860
vn 0.1452 -0.9718 0.1859
vn -0.1452 -0.9718 0.1859
vn -0.1452 -0.9718 0.1860
vn 0.8461 0.2463 0.4728
vn 0.8715 0.0918 0.4817
vn 0.8461 0.2463 0.4727
vn 0.8073 0.4189 0.4157
vn 0.8638 0.1164 0.4901
vn 0.8520 0.1932 0.4866
vn 0.8520 0.1931 0.4866
vn 0.8759 0.0229 0.4819
vn 0.8760 0.0229 0.4818
vn 0.8852 -0.0449 0.4630
vn -0.8461 0.2463 0.4728
vn -0.8461 0.2463 0.4727
vn -0.8073 0.4189 0.4157
vn -0.8715 0.0918 0.4817
vn -0.0000 -0.8664 -0.4993
vn -0.0000 -0.8665 -0.4992
vn -0.0000 -0.8664 -0.4994
vn -0.8760 0.0229 0.4818
vn -0.8759 0.0229 0.4819
vn -0.8638 0.1164 0.4901
vn -0.8842 -0.0422 0.4652
vn -0.8520 0.1931 0.4866
vn -0.8520 0.1932 0.4866
vn -0.6897 -0.6358 -0.3465
vn 0.6897 -0.6358 -0.3465
vn 0.7479 0.1205 0.6528
vn 0.7479 0.1204 0.6528
vn 0.7070 -0.0210 0.7069
vn 0.7479 0.1205 0.6527
vn 0.7070 -0.0211 0.7069
vn 0.6443 -0.1725 0.7450
vn 0.6443 -0.1725 0.7451
vn -0.7070 -0.0210 0.7069
vn -0.7070 -0.0211 0.7069
vn -0.6443 -0.1725 0.7450
vn -0.6443 -0.1725 0.7451
vn -0.7479 0.1205 0.6528
vn -0.7479 0.1204 0.6528
vn -0.7479 0.1205 0.6527
vn -0.0000 -0.8664 0.4993
vn -0.0000 -0.8665 0.4993
vn -0.6897 -0.6358 0.3465
vn 0.6897 -0.6358 0.3465
vn 0.9924 0.1234 0.0011
vn 0.8957 0.4446 0.0013
vn 0.6960 0.7181 0.0014
vn -0.9924 0.1234 0.0011
vn -0.8957 0.4446 0.0013
vn -0.6960 0.7181 0.0014
vn -0.1904 0.1670 0.9674
vn -0.0712 -0.0723 0.9948
vn -0.0000 -0.0677 0.9977
vn -0.1750 0.2645 0.9484
vn -0.0000 -0.1862 0.9825
vn 0.0712 -0.0723 0.9948
vn 0.1904 0.1670 0.9674
vn 0.1750 0.2645 0.9484
vn -0.1614 0.3957 0.9041
vn -0.2217 0.4630 0.8582
vn -0.1751 0.2646 0.9483
vn 0.2062 0.2960 0.9327
vn 0.1750 0.2646 0.9483
vn 0.2217 0.4630 0.8582
vn 0.1130 0.4089 0.9056
vn 0.1205 0.7479 0.6528
vn 0.0198 0.1871 0.9821
vn 0.0011 0.1631 0.9866
vn -0.0453 0.4907 0.8701
vn -0.0000 -0.0010 1.0000
vn -0.0198 0.1871 0.9821
vn -0.0686 0.4996 0.8635
vn -0.1720 0.6196 0.7658
vn 0.1405 0.8709 0.4710
vn 0.0466 0.5942 0.8030
vn -0.1720 0.6197 0.7658
vn -0.4204 -0.2727 -0.8654
vn -0.2765 -0.2552 -0.9265
vn -0.5204 -0.3389 -0.7838
vn -0.0961 -0.1137 -0.9889
vn -0.2232 0.0811 -0.9714
vn 0.0961 -0.1136 -0.9889
vn -0.1088 0.3264 -0.9390
vn -0.1948 0.5148 -0.8349
vn -0.0700 0.5785 -0.8127
vn 0.0700 0.5785 -0.8127
vn 0.2765 -0.2552 -0.9265
vn 0.1088 0.3264 -0.9389
vn 0.1948 0.5148 -0.8349
vn 0.2232 0.0811 -0.9714
vn 0.4204 -0.2727 -0.8654
vn 0.5204 -0.3389 -0.7838
vn -0.8842 -0.0422 -0.4652
vn -0.8859 0.0910 -0.4548
vn -0.8772 0.1649 -0.4510
vn -0.8708 -0.1437 -0.4702
vn 0.5621 0.8093 0.1703
vn 0.6251 0.7547 0.1991
vn 0.5713 0.8121 0.1189
vn 0.6272 0.7695 0.1201
vn 0.4901 0.8638 0.1164
vn 0.6259 0.7799 0.0014
vn 0.5524 0.8307 0.0696
vn -0.5621 0.8093 0.1703
vn -0.5713 0.8121 0.1189
vn -0.6251 0.7547 0.1991
vn -0.6272 0.7695 0.1201
vn -0.4901 0.8638 0.1164
vn -0.6259 0.7799 0.0014
vn -0.5524 0.8307 0.0696
vn 0.8859 0.0910 -0.4548
vn 0.8859 0.0910 -0.4549
vn 0.8771 0.1649 -0.4510
vn 0.8852 -0.0449 -0.4630
vn 0.8708 -0.1437 -0.4702
vn -0.8635 0.0686 -0.4996
vn -0.8520 0.1931 -0.4866
vn -0.8520 0.1932 -0.4866
vn -0.8613 0.0231 0.5075
vn -0.8638 -0.1195 0.4895
vn -0.8798 -0.1153 0.4612
vn -0.8789 0.1154 0.4629
vn -0.8572 -0.2218 0.4648
vn -0.8772 0.1649 0.4510
vn 0.8635 0.0686 -0.4996
vn 0.8520 0.1932 -0.4866
vn 0.8613 0.0231 0.5075
vn 0.8638 -0.1195 0.4895
vn 0.8789 0.1154 0.4629
vn 0.8772 0.1649 0.4510
vn 0.8798 -0.1153 0.4612
vn 0.8572 -0.2218 0.4648
vn 0.0011 0.0858 -0.9963
vn -0.0172 0.0152 -0.9997
vn -0.0171 0.0151 -0.9997
vn 0.0192 0.1455 -0.9892
vn -0.0192 0.1455 -0.9892
vn 0.0010 0.0858 -0.9963
vn 0.0172 0.0153 -0.9997
vn 0.0172 0.0152 -0.9997
vn -0.6960 0.0014 -0.7181
vn 0.6960 0.0014 -0.7181
vn 0.0010 0.0312 -0.9995
vn 0.0010 0.0313 -0.9995
vn -0.0000 -0.0677 -0.9977
vn 0.0172 0.0151 -0.9997
vn 0.0171 0.0152 -0.9997
vn -0.0000 -0.1655 -0.9862
vn -0.0172 0.0151 -0.9997
vn -0.0171 0.0152 -0.9997
vn 0.0010 0.0482 0.9988
vn 0.0012 0.2050 0.9788
vn 0.0010 0.0655 0.9979
vn 0.0011 0.0655 0.9978
vn 0.0011 0.2050 0.9788
vn 0.9319 -0.0431 0.3602
vn 0.9469 0.0012 0.3214
vn 0.6777 0.1206 0.7253
vn 0.9215 0.0409 0.3863
vn 1.0000 -0.0010 -0.0000
vn 0.9788 -0.1783 0.1008
vn 0.9290 -0.3528 0.1117
vn 0.9534 -0.2604 0.1522
vn 0.9788 -0.1783 0.1009
vn 0.9471 -0.1075 0.3024
vn 0.9834 -0.1175 0.1381
vn 0.9768 -0.0798 0.1988
vn 0.9864 -0.1156 0.1167
vn 0.9734 -0.2292 -0.0000
vn -0.9644 0.0408 0.2612
vn -0.9738 0.0600 0.2193
vn -0.9775 -0.0201 0.2101
vn -0.9644 0.0409 0.2613
vn -0.7517 -0.0238 0.6591
vn -0.9384 -0.1089 0.3280
vn -0.9553 -0.1753 0.2381
vn -0.9664 -0.2562 0.0194
vn -0.9553 -0.1753 0.2382
vn -0.8715 -0.0889 0.4823
vn -0.9052 -0.3926 0.1628
vn -0.9834 -0.1175 0.1381
vn -0.9768 -0.0798 0.1988
vn -0.9864 -0.1156 0.1168
vn -0.9734 -0.2292 -0.0000
vn -0.0544 -0.1121 -0.9922
vn -0.0172 -0.0871 -0.9960
vn -0.0725 -0.0941 -0.9929
vn -0.0561 -0.1531 -0.9866
vn 0.0186 -0.1896 -0.9817
vn 0.0544 -0.1121 -0.9922
vn 0.0725 -0.0941 -0.9929
vn 0.0172 -0.0871 -0.9961
vn 0.0561 -0.1531 -0.9866
vn -0.0186 -0.1896 -0.9817
vn -0.0000 -0.0010 -1.0000
vn 0.0012 0.2050 -0.9788
vn 0.0013 0.4194 -0.9078
vn 0.0012 0.2978 -0.9546
vn 0.0013 0.4195 -0.9078
vn -0.6959 0.0014 0.7181
vn -0.0172 0.0152 0.9997
vn -0.0183 0.0872 0.9960
vn -0.0172 0.0151 0.9997
vn -0.0000 -0.1655 0.9862
vn -0.0000 -0.3211 0.9471
vn 0.0172 0.0152 0.9997
vn 0.0172 0.0151 0.9997
vn 0.0183 0.0872 0.9960
vn 0.6959 0.0014 0.7181
vn -1.0000 -0.0010 -0.0000
vn -0.0570 -0.1745 0.9830
vn -0.0172 -0.0871 0.9960
vn -0.0334 -0.0344 0.9989
vn 0.0537 0.0712 0.9960
vn 0.0356 0.0700 -0.9969
vn 0.0379 0.1481 -0.9883
vn 0.0011 0.1234 -0.9924
vn -0.0159 -0.0010 -0.9999
vn 0.0570 -0.1745 0.9830
vn 0.0334 -0.0344 0.9989
vn 0.0172 -0.0871 0.9960
vn -0.0537 0.0712 0.9960
vn -0.0356 0.0700 -0.9969
vn -0.0379 0.1481 -0.9883
vn 0.0159 -0.0010 -0.9999
vn -0.4657 0.2185 0.8576
vn -0.0857 0.0010 0.9963
vn -0.2038 0.1013 0.9738
vn 0.2038 0.1013 0.9738
vn 0.5345 0.1692 0.8281
vn 0.0858 0.0011 0.9963
vn -0.2195 0.4345 0.8735
vn 0.0010 0.0313 0.9995
vn -0.0000 -0.1428 0.9898
vn -0.0000 -0.1428 0.9897
vn -0.0000 -0.0502 0.9987
vn -0.0000 -0.0503 0.9987
vn 0.2195 0.4345 0.8735
vn 0.1439 0.9717 -0.1872
vn 0.9446 0.0215 0.3275
vn 0.9265 -0.2551 0.2765
vn 0.9528 -0.3030 0.0200
vn 0.8814 -0.4724 -0.0000
vn 0.9881 -0.0761 -0.1334
vn 0.8818 -0.2944 0.3684
vn 0.8193 -0.1440 0.5550
vn 0.7364 -0.2303 0.6361
vn 0.8154 -0.1963 0.5447
vn 0.8192 -0.1440 0.5551
vn 0.8213 0.0463 0.5686
vn 0.8078 0.1736 0.5632
vn 0.9124 0.2118 0.3503
vn 0.9498 0.1970 -0.2432
vn 0.9773 0.0177 -0.2110
vn -0.1439 0.9717 -0.1872
vn -0.9446 0.0215 0.3275
vn -0.9528 -0.3030 0.0200
vn -0.9265 -0.2551 0.2766
vn -0.8814 -0.4724 -0.0000
vn -0.9881 -0.0761 -0.1334
vn -0.8818 -0.2944 0.3684
vn -0.8193 -0.1440 0.5550
vn -0.7364 -0.2303 0.6361
vn -0.8192 -0.1440 0.5551
vn -0.8154 -0.1963 0.5446
vn -0.8213 0.0463 0.5686
vn -0.8078 0.1736 0.5632
vn -0.9124 0.2119 0.3502
vn -0.9498 0.1970 -0.2432
vn -0.9773 0.0177 -0.2110
vn -0.9552 -0.2395 0.1739
vn -0.9052 -0.3926 0.1627
vn -0.8782 -0.0651 -0.4738
vn -0.6910 0.6354 -0.3447
vn 0.6910 0.6354 -0.3447
vn -0.8634 -0.0657 0.5002
vn -0.8542 -0.1419 0.5002
vn -0.8670 0.0013 -0.4983
vn -0.8701 0.0454 -0.4907
vn -0.8634 -0.0657 -0.5002
vn -0.9619 -0.0592 0.2669
vn -0.9511 -0.0847 0.2971
vn -0.9660 -0.0822 0.2453
vn -0.9919 0.0189 0.1255
vn -0.9708 -0.1232 0.2058
vn 0.8792 -0.0679 -0.4715
vn -0.8894 -0.0200 0.4567
vn -0.8708 -0.1437 0.4702
vn -0.6910 0.6354 0.3447
vn 0.8634 -0.0657 0.5002
vn 0.8551 -0.1449 0.4978
vn 0.0009 1.0000 0.0009
vn 0.8670 0.0013 -0.4983
vn 0.8701 0.0454 -0.4907
vn 0.8634 -0.0657 -0.5002
vn 0.6910 0.6354 0.3447
vn 0.8708 -0.1437 0.4702
vn 0.8904 -0.0227 0.4546
vn 0.9619 -0.0592 0.2669
vn 0.9660 -0.0822 0.2453
vn 0.9511 -0.0847 0.2970
vn 0.9919 0.0189 0.1255
vn 0.9708 -0.1233 0.2058
vn 0.9553 -0.1753 0.2382
vn 0.9497 0.1970 -0.2433
vn 0.9526 0.0212 -0.3034
vn 0.7721 0.0210 -0.6352
vn 0.9293 0.1102 -0.3524
vn 0.4907 0.0454 -0.8701
vn 0.7720 0.0209 -0.6353
vn 0.5102 -0.0926 -0.8551
vn 0.8154 -0.1962 -0.5446
vn 0.5166 -0.1949 -0.8338
vn 0.9773 0.0176 -0.2111
vn 0.8365 -0.3043 -0.4557
vn 0.7721 0.0209 -0.6352
vn 0.9528 -0.3030 0.0199
vn 0.8944 -0.3414 -0.2891
vn 0.9331 -0.2957 0.2045
vn 0.0887 0.0361 0.9954
vn 0.0379 0.1481 0.9883
vn 0.0367 0.1079 0.9935
vn 0.0174 0.0318 0.9993
vn -0.0609 0.2424 0.9683
vn -0.0887 0.0361 0.9954
vn -0.0367 0.1079 0.9935
vn -0.0379 0.1481 0.9882
vn -0.0174 0.0318 0.9993
vn 0.0609 0.2424 0.9683
vn 0.7483 -0.4566 -0.4812
vn 0.7639 -0.5283 -0.3706
vn 0.7483 -0.4566 -0.4813
vn -0.9497 0.1970 -0.2433
vn -0.7721 0.0210 -0.6352
vn -0.9526 0.0213 -0.3034
vn -0.9293 0.1102 -0.3524
vn -0.7720 0.0209 -0.6353
vn -0.4907 0.0454 -0.8701
vn -0.5102 -0.0926 -0.8551
vn -0.8154 -0.1962 -0.5446
vn -0.5166 -0.1949 -0.8338
vn -0.9773 0.0177 -0.2111
vn -0.7721 0.0209 -0.6352
vn -0.8365 -0.3043 -0.4557
vn -0.9528 -0.3030 0.0199
vn -0.8943 -0.3414 -0.2892
vn -0.9331 -0.2957 0.2045
vn -0.7483 -0.4566 -0.4812
vn -0.7483 -0.4566 -0.4813
vn -0.7639 -0.5283 -0.3706
vn 0.9177 -0.3972 -0.0000
vn 0.8173 -0.5762 -0.0000
vn 0.9734 -0.2293 -0.0000
vn 0.9999 -0.0169 -0.0000
vn 0.9830 0.1838 0.0011
vn 0.9189 0.3945 0.0013
vn 0.1405 -0.9801 -0.1405
vn 0.1405 -0.9800 -0.1405
vn 0.1405 -0.9800 -0.1406
vn -0.1405 -0.9800 -0.1405
vn -0.1405 -0.9800 -0.1406
vn -0.1405 -0.9801 -0.1405
vn -0.9734 -0.2293 -0.0000
vn -0.9945 0.1043 0.0011
vn -0.9830 0.1838 0.0011
vn -0.9189 0.3945 0.0013
vn -0.9994 -0.0333 -0.0000
vn -0.9066 -0.4221 -0.0000
vn -0.8173 -0.5762 -0.0000
vn -0.0175 -0.1060 0.9942
vn -0.0350 -0.0886 0.9955
vn 0.0197 -0.2794 0.9600
vn 0.0423 -0.3867 0.9212
vn 0.0422 -0.3867 0.9212
vn 0.0175 -0.1060 0.9942
vn -0.0197 -0.2794 0.9600
vn 0.0350 -0.0886 0.9955
vn -0.0422 -0.3867 0.9212
vn 0.0013 0.8670 -0.4983
vn 1.0000 -0.0011 -0.0000
vn -1.0000 -0.0011 -0.0000
vn 0.0013 0.8670 0.4983
vn 0.8551 -0.1450 -0.4978
vn 0.8551 -0.1449 -0.4978
vn 0.8725 -0.0918 -0.4800
vn 0.8572 -0.2218 -0.4648
vn 0.8572 -0.2219 -0.4648
vn 0.8618 -0.1697 -0.4781
vn -0.8715 -0.0888 -0.4823
vn -0.8542 -0.1419 -0.5002
vn -0.9163 0.2591 -0.3055
vn -0.8416 0.4916 -0.2238
vn -0.9163 0.2592 -0.3054
vn -0.9665 0.2108 -0.1462
vn -0.9924 0.0011 -0.1234
vn -0.9163 0.2591 -0.3054
vn -0.9590 0.2708 0.0835
vn -0.9986 0.0489 0.0177
vn -0.9227 0.3753 -0.0880
vn -0.9446 0.3275 0.0215
vn -0.9590 0.2709 0.0834
vn -0.9644 0.2612 0.0408
vn -0.8572 -0.2218 -0.4648
vn -0.8618 -0.1697 -0.4781
vn 0.9163 0.2591 -0.3055
vn 0.8416 0.4916 -0.2237
vn 0.9665 0.2108 -0.1462
vn 0.9163 0.2591 -0.3054
vn 0.9924 0.0011 -0.1234
vn 0.9590 0.2708 0.0835
vn 0.9986 0.0490 0.0178
vn 0.9240 0.3721 -0.0879
vn 0.9590 0.2709 0.0834
vn 0.9291 0.3699 0.0013
vn 0.9526 0.3034 0.0212
vn 0.7499 -0.2856 -0.5967
vn 0.7493 -0.1204 -0.6512
vn 0.7739 -0.2807 -0.5677
vn 0.7254 0.1207 -0.6777
vn 0.7254 0.1206 -0.6777
vn -0.7499 -0.2856 -0.5967
vn -0.7739 -0.2807 -0.5677
vn -0.7493 -0.1204 -0.6512
vn -0.7254 0.1206 -0.6777
vn -0.7254 0.1207 -0.6777
vn 0.6591 -0.0238 0.7517
vn 0.6562 0.3159 0.6853
vn 0.6413 -0.0952 0.7614
vn 0.6623 0.1463 0.7348
vn 0.6623 0.1464 0.7348
vn -0.6591 -0.0238 0.7517
vn -0.6562 0.3159 0.6853
vn -0.6413 -0.0952 0.7614
vn -0.6623 0.1463 0.7348
vn 0.1041 -0.9686 -0.2260
vn 0.1041 -0.9686 -0.2259
vn 0.8812 -0.4727 -0.0000
vn 0.6739 -0.7388 -0.0000
vn 0.9897 -0.1428 -0.0000
vn -0.4730 0.8811 0.0013
vn -0.5085 0.8561 -0.0926
vn -0.4983 0.8670 0.0013
vn -0.4128 0.9098 -0.0441
vn -0.2518 0.9678 0.0012
vn -0.4128 0.9098 0.0441
vn 0.8466 -0.0691 0.5277
vn 0.8611 -0.0204 0.5080
vn 0.8467 -0.1174 0.5190
vn -0.5085 0.8561 0.0926
vn 0.9178 -0.3971 -0.0000
vn 0.8726 -0.2197 0.4363
vn 0.8726 -0.2196 0.4363
vn 0.8863 -0.1391 0.4417
vn 0.8392 -0.3303 0.4321
vn 0.8391 -0.3303 0.4321
vn 0.8408 -0.3561 0.4078
vn -0.8813 -0.4725 -0.0000
vn -0.6739 -0.7388 -0.0000
vn -0.9897 -0.1428 -0.0000
vn 0.4730 0.8811 0.0013
vn 0.4983 0.8670 0.0013
vn 0.5085 0.8561 -0.0926
vn 0.4128 0.9097 -0.0441
vn 0.2518 0.9678 0.0012
vn 0.4128 0.9097 0.0441
vn -0.8466 -0.0691 0.5277
vn -0.8611 -0.0204 0.5080
vn -0.8467 -0.1174 0.5190
vn 0.5085 0.8561 0.0926
vn -0.9178 -0.3971 -0.0000
vn -0.8392 -0.3303 0.4321
vn -0.8726 -0.2196 0.4363
vn -0.8391 -0.3303 0.4321
vn -0.8408 -0.3561 0.4078
vn -0.8863 -0.1391 0.4417
vn -0.1308 0.3062 -0.9429
vn -0.1309 0.3062 -0.9429
vn 0.1308 0.3062 -0.9429
vn 0.1309 0.3062 -0.9429
vn 0.6459 0.1726 -0.7436
vn 0.6459 0.1725 -0.7437
vn 0.7170 -0.0955 -0.6905
vn 0.0011 0.9825 -0.1864
vn -0.6459 0.1726 -0.7436
vn -0.7170 -0.0955 -0.6905
vn -0.6459 0.1725 -0.7437
vn 0.7993 -0.6009 -0.0000
vn -0.7993 -0.6009 -0.0000
vn 0.6967 -0.7174 -0.0000
vn -0.6967 -0.7174 -0.0000
vn -0.0000 -0.9073 0.4205
vn -0.0000 -0.8354 0.5497
vn -0.0000 -0.9466 0.3225
vn -0.0000 -0.9073 -0.4206
vn -0.2429 -0.8773 -0.4139
vn -0.0209 -0.9149 -0.4031
vn 0.1145 -0.9060 -0.4076
vn -0.0000 -0.8805 -0.4740
vn -0.0000 -0.9999 -0.0159
vn 0.0159 -0.9999 -0.0000
vn 0.0162 -0.9997 -0.0162
vn -0.0161 -0.9997 -0.0161
vn -0.0159 -0.9999 -0.0000
vn 0.0164 -0.9993 -0.0328
vn -0.0000 -0.9995 -0.0323
vn -0.0164 -0.9993 -0.0328
vn 0.1441 -0.9896 -0.0000
vn -0.1441 -0.9896 -0.0000
vn -0.0002 -1.0000 -0.0000
vn 0.0001 -1.0000 -0.0000
vn 0.0002 -1.0000 -0.0000
vn -0.0706 0.7711 0.6328
vn -0.0706 0.7711 0.6327
vn -0.1174 0.5173 0.8477
vn -0.0436 0.9210 0.3872
vn -0.0439 0.9210 0.3870
vn -0.0403 0.9704 0.2380
vn 0.0403 0.9704 0.2380
vn 0.0436 0.9210 0.3872
vn 0.0706 0.7711 0.6328
vn 0.1174 0.5173 0.8477
vt 0.653188 0.000519
vt 0.686087 0.000519
vt 0.772271 0.000519
vt 0.776574 0.000519
vt 0.777490 0.000519
vt 0.576373 0.000519
vt 0.375683 0.000519
vt 0.252297 0.000519
vt 0.254189 0.000519
vt 0.342784 0.000519
vt 0.251381 0.000519
vt 0.452498 0.000519
vt 0.685476 0.068606
vt 0.709189 0.068606
vt 0.642170 0.068606
vt 0.752586 0.068606
vt 0.598895 0.068606
vt 0.347270 0.068728
vt 0.433882 0.068606
vt 0.390576 0.068728
vt 0.390576 0.068606
vt 0.323496 0.068728
vt 0.280190 0.068606
vt 0.457381 0.016724
vt 0.311686 0.016724
vt 0.717490 0.016724
vt 0.571673 0.016724
vt 0.499100 0.999512
vt 0.570574 0.976623
vt 0.608692 0.976623
vt 0.499100 0.976623
vt 0.427473 0.976623
vt 0.389386 0.976623
vt 0.595477 0.976623
vt 0.537095 0.976623
vt 0.460982 0.976623
vt 0.402570 0.976623
vt 0.660085 0.288705
vt 0.705893 0.288705
vt 0.614277 0.288705
vt 0.751793 0.288705
vt 0.568499 0.288705
vt 0.418470 0.288705
vt 0.326792 0.288705
vt 0.372692 0.288705
vt 0.280984 0.288705
vt 0.464278 0.288705
vt 0.999481 0.999512
vt 0.499985 0.999329
vt 0.000488 0.999512
vt 0.664083 0.699423
vt 0.890286 0.699423
vt 0.335887 0.699423
vt 0.109684 0.699423
vt 0.335185 0.496109
vt 0.502274 0.496109
vt 0.669393 0.496109
vt 0.391675 0.170415
vt 0.502274 0.179327
vt 0.502274 0.141606
vt 0.612873 0.191900
vt 0.502274 0.172002
vt 0.391675 0.191900
vt 0.612873 0.237007
vt 0.895688 0.385327
vt 0.939695 0.377911
vt 0.909787 0.376019
vt 0.865780 0.383404
vt 0.104282 0.385327
vt 0.134190 0.383404
vt 0.090182 0.376019
vt 0.060274 0.377911
vt 0.000488 0.439100
vt 0.046876 0.436323
vt 0.034486 0.471114
vt 0.004578 0.472915
vt 0.039399 0.406812
vt 0.009400 0.408704
vt 0.953093 0.436323
vt 0.960570 0.406812
vt 0.999481 0.439100
vt 0.965484 0.471114
vt 0.995392 0.472915
vt 0.990570 0.408704
vt 0.391675 0.237007
vt 0.946776 0.762230
vt 0.688284 0.326701
vt 0.417798 0.829524
vt 0.239875 0.813623
vt 0.239875 0.825800
vt 0.327586 0.790704
vt 0.417798 0.841823
vt 0.417798 0.787713
vt 0.595691 0.841823
vt 0.595691 0.787713
vt 0.595691 0.829524
vt 0.773583 0.825800
vt 0.685873 0.790704
vt 0.773583 0.813623
vt 0.053194 0.762230
vt 0.316294 0.326701
vt 0.117679 0.761528
vt 0.161473 0.763726
vt 0.191992 0.806024
vt 0.154180 0.809229
vt 0.134098 0.709403
vt 0.088687 0.707327
vt 0.080386 0.652608
vt 0.111484 0.653920
vt 0.029389 0.600116
vt 0.071780 0.592731
vt 0.080599 0.646016
vt 0.111179 0.640400
vt 0.022370 0.482711
vt 0.051790 0.477615
vt 0.881497 0.761528
vt 0.845088 0.809229
vt 0.807184 0.806024
vt 0.837672 0.763726
vt 0.865078 0.709403
vt 0.910489 0.707327
vt 0.918790 0.652608
vt 0.887692 0.653920
vt 0.969787 0.600116
vt 0.918577 0.646016
vt 0.927396 0.592731
vt 0.888089 0.640400
vt 0.976897 0.482711
vt 0.947478 0.477615
vt 0.067873 0.480422
vt 0.097171 0.482528
vt 0.126591 0.477401
vt 0.051790 0.484817
vt 0.097171 0.475204
vt 0.947478 0.484817
vt 0.931394 0.480422
vt 0.901975 0.482528
vt 0.901975 0.475204
vt 0.872585 0.477401
vt 0.071780 0.603107
vt 0.111179 0.648427
vt 0.191992 0.797723
vt 0.161473 0.754814
vt 0.134098 0.700613
vt 0.111484 0.648122
vt 0.927396 0.603107
vt 0.888089 0.648427
vt 0.400098 0.479507
vt 0.621296 0.479507
vt 0.621296 0.502701
vt 0.400098 0.502701
vt 0.865078 0.700613
vt 0.887692 0.648122
vt 0.837672 0.754814
vt 0.807184 0.797723
vt 0.731986 0.525926
vt 0.289376 0.525926
vt 0.097079 0.446822
vt 0.078799 0.426618
vt 0.086581 0.479415
vt 0.921171 0.426618
vt 0.902890 0.446822
vt 0.913388 0.479415
vt 0.404889 0.894711
vt 0.386090 0.749626
vt 0.411298 0.944121
vt 0.588672 0.944121
vt 0.595080 0.894711
vt 0.613880 0.749626
vt 0.612873 0.170415
vt 0.653676 0.000519
vt 0.735374 0.113407
vt 0.502274 0.003601
vt 0.350871 0.000519
vt 0.269173 0.113407
vt 0.735374 0.192511
vt 0.269173 0.192511
vt 0.262886 0.326701
vt 0.369671 0.452101
vt 0.502274 0.455306
vt 0.634877 0.452101
vt 0.741691 0.326701
vt 0.732871 0.672628
vt 0.595691 0.569720
vt 0.666585 0.569720
vt 0.582080 0.672628
vt 0.773583 0.756706
vt 0.431379 0.672628
vt 0.595691 0.779229
vt 0.417798 0.569720
vt 0.417798 0.779229
vt 0.239875 0.756706
vt 0.280587 0.672628
vt 0.346873 0.569720
vt 0.787378 0.353008
vt 0.777795 0.459822
vt 0.713187 0.459822
vt 0.744896 0.522019
vt 0.685995 0.516526
vt 0.720481 0.353008
vt 0.750175 0.780908
vt 0.764977 0.793512
vt 0.712272 0.777703
vt 0.750175 0.789209
vt 0.234199 0.793512
vt 0.248970 0.780908
vt 0.286874 0.777703
vt 0.248970 0.789209
vt 0.254982 0.459822
vt 0.319498 0.459822
vt 0.287881 0.522019
vt 0.346782 0.516526
vt 0.245399 0.353008
vt 0.312296 0.353008
vt 0.790796 0.211005
vt 0.747490 0.281716
vt 0.702475 0.281716
vt 0.728385 0.211005
vt 0.304392 0.211005
vt 0.241981 0.211005
vt 0.330271 0.281716
vt 0.285287 0.281716
vt 0.796472 0.705924
vt 0.825587 0.650807
vt 0.764672 0.746513
vt 0.234474 0.746513
vt 0.202673 0.705924
vt 0.173589 0.650807
vt 0.621296 0.549120
vt 0.400098 0.549120
vt 0.598071 0.446303
vt 0.589770 0.492203
vt 0.619373 0.353008
vt 0.434675 0.446303
vt 0.442885 0.492203
vt 0.413373 0.353008
vt 0.453780 0.937712
vt 0.544298 0.937712
vt 0.538774 0.876400
vt 0.459273 0.876400
vt 0.520188 0.863216
vt 0.477889 0.863216
vt 0.239875 0.778710
vt 0.320078 0.722800
vt 0.283486 0.738304
vt 0.348582 0.649220
vt 0.693381 0.722800
vt 0.729972 0.738304
vt 0.744194 0.788110
vt 0.664876 0.649220
vt 0.136570 0.565111
vt 0.172185 0.637318
vt 0.862697 0.565111
vt 0.826991 0.637318
vt 0.433882 0.711600
vt 0.459090 0.880703
vt 0.371075 0.655110
vt 0.082186 0.655110
vt 0.000488 0.736717
vt 0.053194 0.944121
vt 0.214270 0.944121
vt 0.499985 0.886929
vt 0.785699 0.944121
vt 0.540880 0.880703
vt 0.946776 0.944121
vt 0.999481 0.736717
vt 0.566088 0.711600
vt 0.628895 0.655110
vt 0.917783 0.655110
vt 0.735374 0.112308
vt 0.653676 0.010010
vt 0.502274 0.012818
vt 0.350871 0.010010
vt 0.269173 0.112308
vt 0.509690 0.569720
vt 0.383587 0.569720
vt 0.632282 0.569720
vt 0.619190 0.186529
vt 0.612476 0.281716
vt 0.413587 0.186529
vt 0.420179 0.281716
vt 0.595691 0.722800
vt 0.417798 0.722800
vt 0.582080 0.649220
vt 0.431379 0.649220
vt 0.857479 0.642903
vt 0.796472 0.639821
vt 0.826991 0.645314
vt 0.384472 0.943907
vt 0.413678 0.892117
vt 0.384472 0.897305
vt 0.465377 0.848018
vt 0.368694 0.942930
vt 0.455397 0.854823
vt 0.172185 0.645314
vt 0.141697 0.642903
vt 0.202673 0.639821
vt 0.613575 0.943907
vt 0.613575 0.897305
vt 0.584399 0.892117
vt 0.532670 0.848018
vt 0.629383 0.942930
vt 0.542680 0.854823
vt 0.480270 0.353008
vt 0.499191 0.446303
vt 0.501785 0.486709
vt 0.621296 0.572405
vt 0.400098 0.572405
vt 0.475997 0.186529
vt 0.465194 0.281716
vt 0.390698 0.040223
vt 0.435072 0.058504
vt 0.452589 0.058504
vt 0.361583 0.022004
vt 0.552477 0.353008
vt 0.533586 0.446303
vt 0.530992 0.486709
vt 0.556688 0.186529
vt 0.567583 0.281716
vt 0.594073 0.058504
vt 0.638386 0.040223
vt 0.576586 0.058504
vt 0.667470 0.022004
vt 0.413984 0.936613
vt 0.499100 0.928404
vt 0.424299 0.884823
vt 0.499100 0.884823
vt 0.136570 0.575518
vt 0.862697 0.575518
vt 0.856471 0.443922
vt 0.891293 0.424818
vt 0.584094 0.936613
vt 0.573779 0.884823
vt 0.143498 0.443922
vt 0.108676 0.424818
vt 0.173589 0.645009
vt 0.204688 0.646321
vt 0.142491 0.649403
vt 0.794488 0.646321
vt 0.825587 0.645009
vt 0.856685 0.649403
vt 0.234474 0.737602
vt 0.202673 0.697104
vt 0.764672 0.737602
vt 0.796472 0.697104
vt 0.751183 0.699210
vt 0.720878 0.739830
vt 0.820276 0.568224
vt 0.278298 0.739830
vt 0.248085 0.699210
vt 0.739799 0.058504
vt 0.722282 0.058504
vt 0.727775 0.040223
vt 0.756890 0.022004
vt 0.178899 0.568224
vt 0.289376 0.058504
vt 0.306772 0.058504
vt 0.301279 0.040223
vt 0.272195 0.022004
vt 0.883480 0.477615
vt 0.116489 0.477615
vt 0.405683 0.497604
vt 0.627094 0.497604
vt 0.375195 0.281716
vt 0.657491 0.281716
s 1
usemtl materials/models/editor/player_start.vmat
f 105/133/67 106/134/67 107/135/67
f 105/133/67 107/135/67 108/136/67
f 109/137/68 105/133/67 108/136/67
f 109/137/68 110/138/68 105/133/67
f 111/139/67 112/140/67 113/141/67
f 111/139/67 113/141/67 114/142/67
f 115/143/69 112/140/67 111/139/67
f 115/143/69 111/139/67 116/144/69
f 117/145/67 118/146/67 119/147/67
f 120/148/67 118/146/67 117/145/67
f 117/145/67 119/147/67 121/149/67
f 120/148/67 117/145/67 122/146/67
f 117/145/67 121/149/67 123/147/67
f 117/145/67 123/147/67 122/146/67
f 124/150/67 125/151/67 126/152/67
f 124/150/67 127/153/67 125/151/67
f 124/150/67 128/154/67 127/153/67
f 129/155/67 124/150/67 130/154/67
f 124/150/67 126/152/67 130/154/67
f 129/155/67 128/154/67 124/150/67
f 116/144/69 131/156/70 132/157/71
f 116/144/69 132/157/71 115/143/69
f 109/137/68 133/158/72 110/138/68
f 133/158/72 134/159/72 110/138/68
f 135/160/73 136/161/74 137/162/75
f 138/160/76 139/163/77 136/161/78
f 140/160/79 141/164/80 139/163/81
f 142/160/82 143/165/83 141/164/84
f 144/160/85 145/166/86 146/167/87
f 144/160/85 137/162/88 145/166/86
f 147/168/89 148/160/90 146/167/87
f 149/160/91 147/168/89 150/169/92
f 149/160/91 150/169/92 143/165/93
f 151/170/67 152/171/67 153/172/67
f 154/173/67 152/171/67 151/170/67
f 151/170/67 153/172/67 155/174/67
f 154/173/67 151/170/67 156/171/67
f 151/170/67 155/174/67 157/172/67
f 151/170/67 157/172/67 156/171/67
f 158/175/67 159/176/67 160/177/67
f 160/177/67 159/176/67 161/178/67
f 158/175/67 160/177/67 162/179/67
f 160/177/67 161/178/67 163/176/67
f 164/175/67 162/179/67 160/177/67
f 163/176/67 164/175/67 160/177/67
f 165/180/94 166/180/95 167/181/94
f 165/180/94 167/181/94 168/181/94
f 169/182/94 168/181/94 167/181/94
f 169/182/94 167/181/94 170/182/94
f 171/183/94 172/184/94 173/184/94
f 171/183/94 173/184/94 174/183/94
f 175/185/94 176/185/94 177/186/94
f 175/185/94 177/186/94 178/186/94
f 179/187/94 180/188/94 181/188/94
f 179/187/94 181/188/94 182/187/94
f 183/189/94 181/188/94 180/188/94
f 183/189/94 184/189/94 181/188/94
f 185/190/96 186/191/97 187/192/98
f 188/193/99 189/191/100 190/194/101
f 191/195/102 190/194/103 192/191/104
f 193/196/105 194/192/106 195/191/107
f 196/197/108 197/198/108 198/199/108
f 196/197/108 198/199/108 199/200/108
f 200/201/109 201/202/109 202/203/109
f 200/201/109 202/203/109 203/204/109
f 204/205/110 205/206/110 206/207/111
f 204/205/110 206/207/111 207/208/111
f 205/206/110 204/205/110 208/209/112
f 204/205/110 209/210/112 208/209/112
f 208/209/112 209/210/112 210/204/113
f 208/209/112 210/204/113 211/203/113
f 212/211/114 213/212/115 214/213/114
f 214/213/114 215/214/116 212/211/114
f 214/213/114 216/215/116 215/214/116
f 213/212/115 217/216/115 214/213/114
f 213/212/115 218/198/117 217/216/115
f 213/212/115 219/199/117 218/198/117
f 220/191/118 221/190/119 222/217/120
f 223/184/121 224/184/121 225/218/121
f 223/184/121 225/218/121 226/218/122
f 227/219/123 228/196/124 229/193/125
f 230/193/126 228/196/127 231/191/128
f 232/220/129 233/221/130 234/222/131
f 232/220/129 235/223/132 233/221/130
f 232/220/129 234/222/131 236/224/133
f 232/220/129 237/225/134 235/223/132
f 232/220/129 236/224/133 238/226/135
f 232/220/129 239/227/136 237/225/134
f 232/220/129 238/226/135 240/228/137
f 232/220/129 240/228/137 239/227/136
f 240/228/137 238/226/135 241/229/138
f 240/228/137 242/230/139 239/227/136
f 240/228/137 241/229/138 243/231/140
f 240/228/137 243/231/140 242/230/139
f 244/186/141 245/232/141 246/232/141
f 244/186/141 246/232/141 247/186/141
f 248/233/142 249/195/143 250/217/144
f 251/195/145 252/191/146 250/217/147
f 253/234/148 254/235/149 255/236/149
f 253/234/148 255/236/149 256/237/148
f 257/238/150 254/235/149 253/234/148
f 258/239/150 257/238/150 253/234/148
f 257/238/150 258/239/150 259/240/151
f 257/238/150 259/240/151 260/241/151
f 261/242/152 262/243/152 263/244/153
f 262/243/152 264/245/154 263/244/153
f 261/242/152 265/246/155 262/243/152
f 265/246/155 266/247/156 262/243/152
f 267/248/157 268/249/157 269/250/158
f 267/248/157 269/250/158 270/251/158
f 267/248/157 270/251/158 271/252/159
f 272/253/159 267/248/157 271/252/159
f 271/252/159 273/254/160 272/253/159
f 271/252/159 274/255/160 273/254/160
f 227/219/123 275/219/161 228/196/124
f 276/256/162 277/257/163 278/258/162
f 277/257/163 279/259/164 278/258/162
f 276/256/162 278/258/162 280/260/165
f 278/258/162 281/261/166 280/260/165
f 248/233/142 250/217/144 282/233/167
f 283/262/168 284/263/168 285/264/169
f 283/262/168 286/265/169 284/263/168
f 283/262/168 285/264/169 287/266/169
f 283/262/168 288/246/168 286/265/169
f 289/247/169 283/262/168 287/266/169
f 289/247/169 288/246/168 283/262/168
f 290/267/170 291/260/171 292/268/171
f 292/268/171 291/260/171 293/261/171
f 290/267/170 292/268/171 294/269/171
f 295/270/171 292/268/171 293/261/171
f 296/271/170 294/269/171 292/268/171
f 295/270/171 296/271/170 292/268/171
f 297/272/172 298/265/173 299/242/174
f 298/265/173 300/246/173 299/242/174
f 299/242/174 301/244/175 297/272/172
f 301/244/175 302/273/175 297/272/172
f 303/234/176 304/237/177 305/274/178
f 303/234/176 305/274/178 306/275/176
f 303/234/176 306/275/176 307/276/179
f 308/239/180 303/234/176 307/276/179
f 307/276/179 309/277/181 308/239/180
f 309/277/181 310/240/181 308/239/180
f 311/256/182 312/278/183 313/257/184
f 312/278/183 314/279/184 313/257/184
f 312/278/183 311/256/182 315/267/185
f 311/256/182 316/260/185 315/267/185
f 317/280/186 318/281/187 319/282/186
f 317/280/186 319/282/186 320/283/188
f 321/253/189 322/284/190 323/248/191
f 322/284/190 321/253/189 324/285/192
f 321/253/189 325/254/192 324/285/192
f 322/284/190 326/286/191 323/248/191
f 323/248/191 326/286/191 327/287/193
f 323/248/191 327/287/193 328/249/194
f 329/288/195 330/282/195 331/281/195
f 332/289/196 333/280/196 334/283/196
f 335/205/197 336/290/198 337/291/199
f 335/205/197 338/292/200 336/290/198
f 335/205/197 339/208/198 338/292/200
f 335/205/197 337/291/199 340/210/201
f 337/291/199 341/201/202 340/210/201
f 341/201/202 342/204/203 340/210/201
f 343/293/204 344/216/205 345/197/206
f 344/216/205 346/198/207 345/197/206
f 347/213/208 344/216/205 343/293/204
f 347/213/208 343/293/204 348/294/209
f 347/213/208 348/294/209 349/295/210
f 347/213/208 349/295/210 350/215/209
f 351/283/211 352/282/212 353/281/211
f 351/283/211 353/281/211 354/280/211
f 355/288/213 356/281/213 357/282/213
f 358/289/214 359/283/214 360/280/214
f 361/296/215 362/296/215 363/297/216
f 364/298/215 362/296/215 361/296/215
f 364/298/215 365/298/215 362/296/215
f 361/296/215 363/297/216 366/297/216
f 363/297/216 367/185/217 366/297/216
f 363/297/216 368/185/217 367/185/217
f 369/299/218 370/300/218 371/300/218
f 369/299/218 371/300/218 372/299/218
f 370/300/218 373/301/219 371/300/218
f 370/300/218 374/301/219 373/301/219
f 373/301/219 374/301/219 375/183/220
f 373/301/219 375/183/220 376/183/220
f 377/302/221 378/303/222 379/192/223
f 377/302/221 380/304/224 378/303/222
f 379/192/223 378/303/222 381/305/225
f 379/192/223 381/305/225 382/306/226
f 383/190/227 379/192/223 382/306/226
f 383/190/227 382/306/226 384/307/228
f 385/302/229 386/308/230 380/304/231
f 387/190/232 384/307/233 388/309/234
f 388/309/234 389/217/235 390/190/236
f 389/217/235 388/309/234 391/310/237
f 392/233/238 393/217/239 391/310/237
f 391/310/237 394/311/240 392/233/238
f 391/310/237 395/187/240 394/311/240
f 395/187/240 396/188/240 394/311/240
f 396/188/240 397/312/240 394/311/240
f 398/313/240 397/312/240 396/188/240
f 399/189/240 398/313/240 396/188/240
f 400/314/241 398/313/240 399/189/240
f 400/314/241 401/219/238 398/313/240
f 401/219/238 400/314/241 402/196/242
f 402/196/242 400/314/241 386/308/230
f 386/308/230 403/302/243 402/196/242
f 404/192/244 405/196/245 403/302/246
f 406/315/247 407/316/248 408/317/249
f 409/318/250 407/316/248 406/315/247
f 409/318/250 406/315/247 410/319/251
f 407/316/248 409/318/250 411/320/252
f 409/318/250 410/319/251 412/321/253
f 412/321/253 411/320/252 409/318/250
f 413/229/254 412/321/253 410/319/251
f 412/321/253 413/229/254 414/226/255
f 412/321/253 414/226/255 415/224/256
f 407/316/248 411/320/252 416/322/257
f 412/321/253 415/224/256 417/323/258
f 412/321/253 417/323/258 411/320/252
f 417/323/258 415/224/256 418/222/259
f 418/222/259 419/324/260 417/323/258
f 411/320/252 417/323/258 419/324/260
f 411/320/252 419/324/260 420/325/261
f 411/320/252 420/325/261 416/322/257
f 420/325/261 421/326/262 416/322/257
f 422/327/263 423/328/264 424/329/264
f 423/328/264 425/330/265 424/329/264
f 425/330/265 426/331/265 424/329/264
f 422/327/263 424/329/264 427/332/263
f 427/332/263 428/173/266 422/327/263
f 427/332/263 429/171/266 428/173/266
f 430/287/267 431/333/268 432/334/269
f 431/333/268 433/335/270 432/334/269
f 432/334/269 434/249/271 430/287/267
f 432/334/269 433/335/270 435/336/272
f 432/334/269 436/250/273 434/249/271
f 436/250/273 432/334/269 435/336/272
f 437/274/274 438/337/275 439/338/276
f 438/337/275 440/339/277 439/338/276
f 438/337/275 437/274/274 441/237/278
f 442/340/279 440/339/277 438/337/275
f 438/337/275 441/237/278 443/236/280
f 443/236/280 442/340/279 438/337/275
f 444/341/281 445/342/282 446/343/283
f 445/342/282 447/344/283 446/343/283
f 448/345/284 445/342/282 444/341/281
f 448/345/284 449/346/284 445/342/282
f 449/346/284 448/345/284 450/178/285
f 449/346/284 450/178/285 451/176/285
f 452/347/286 453/348/287 454/349/288
f 452/347/286 454/349/288 455/350/286
f 452/347/286 455/350/286 456/148/165
f 455/350/286 457/146/165 456/148/165
f 458/347/289 459/350/289 460/348/194
f 459/350/289 461/349/194 460/348/194
f 458/347/289 462/146/290 459/350/289
f 458/347/289 463/148/290 462/146/290
f 464/327/291 465/332/291 466/328/292
f 465/332/291 464/327/291 467/171/293
f 464/327/291 468/173/293 467/171/293
f 465/332/291 469/329/292 466/328/292
f 466/328/292 469/329/292 470/331/294
f 466/328/292 470/331/294 471/330/294
f 472/351/295 473/352/295 474/155/156
f 472/351/295 474/155/156 475/154/155
f 473/352/295 472/351/295 476/353/296
f 473/352/295 476/353/296 477/354/296
f 478/351/297 479/154/298 480/352/297
f 479/154/298 481/155/298 480/352/297
f 480/352/297 482/354/177 478/351/297
f 482/354/177 483/353/178 478/351/297
f 484/341/299 485/343/300 486/344/300
f 484/341/299 486/344/300 487/342/299
f 484/341/299 487/342/299 488/346/301
f 489/345/301 484/341/299 488/346/301
f 488/346/301 490/176/302 489/345/301
f 490/176/302 491/178/302 489/345/301
f 492/252/303 493/355/303 494/356/304
f 492/252/303 494/356/304 495/255/305
f 496/357/306 493/355/303 492/252/303
f 497/251/306 496/357/306 492/252/303
f 497/251/306 498/336/306 496/357/306
f 497/251/306 499/250/306 498/336/306
f 500/235/307 501/358/307 502/340/307
f 500/235/307 502/340/307 503/236/307
f 500/235/307 504/238/308 501/358/307
f 504/238/308 505/359/303 501/358/307
f 504/238/308 506/360/309 505/359/303
f 504/238/308 507/241/310 506/360/309
f 508/288/311 509/361/311 510/282/311
f 511/289/312 512/283/312 513/362/312
f 514/329/313 515/363/314 516/332/315
f 514/329/313 517/364/316 515/363/314
f 514/329/313 518/331/317 517/364/316
f 515/363/314 519/365/315 516/332/315
f 516/332/315 519/365/315 520/171/318
f 519/365/315 521/172/318 520/171/318
f 522/342/314 523/346/315 524/366/313
f 522/342/314 524/366/313 525/367/319
f 522/342/314 525/367/319 526/344/320
f 523/346/315 527/368/315 524/366/313
f 527/368/315 523/346/315 528/176/318
f 527/368/315 528/176/318 529/175/318
f 530/369/321 531/168/322 532/167/322
f 530/369/321 532/167/322 533/370/321
f 530/369/321 533/370/321 534/371/323
f 530/369/321 534/371/323 535/372/324
f 535/372/324 534/371/323 536/373/325
f 535/372/324 536/373/325 537/374/322
f 538/375/326 539/221/327 540/223/328
f 540/223/328 541/376/329 538/375/326
f 542/222/330 539/221/327 538/375/326
f 543/324/331 542/222/330 538/375/326
f 538/375/326 544/377/332 543/324/331
f 538/375/326 545/376/333 544/377/332
f 543/324/334 546/376/335 547/325/336
f 546/376/335 548/378/337 547/325/336
f 549/326/338 547/325/336 548/378/337
f 550/326/339 547/325/336 549/326/338
f 551/379/340 552/380/341 553/319/342
f 551/379/343 554/230/344 555/381/345
f 556/381/346 553/319/342 552/380/341
f 556/381/346 552/380/341 551/379/340
f 557/229/347 553/319/342 556/381/346
f 556/381/348 558/230/349 559/231/350
f 553/319/342 560/315/351 551/379/340
f 560/315/351 561/382/352 551/379/340
f 562/317/353 561/382/352 560/315/351
f 560/315/351 563/317/354 562/317/353
f 564/383/355 565/384/356 566/245/357
f 564/383/355 566/245/357 567/243/358
f 567/243/358 568/247/359 564/383/355
f 568/247/359 569/266/359 564/383/355
f 570/385/360 571/259/361 572/386/362
f 570/385/360 573/258/363 571/259/361
f 573/258/363 570/385/360 574/261/364
f 570/385/360 575/270/364 574/261/364
f 576/387/240 577/297/240 578/388/240
f 576/387/240 579/389/240 577/297/240
f 580/296/240 578/388/240 577/297/240
f 579/389/240 581/185/240 577/297/240
f 582/390/240 581/185/240 579/389/240
f 582/390/240 583/186/240 581/185/240
f 584/232/240 583/186/240 582/390/240
f 585/391/240 584/232/240 582/390/240
f 585/391/240 586/392/240 584/232/240
f 585/391/240 587/182/240 586/392/240
f 588/393/240 586/392/240 587/182/240
f 587/182/240 589/181/240 588/393/240
f 589/181/240 590/298/240 588/393/240
f 580/296/240 591/394/240 578/388/240
f 591/394/240 580/296/240 590/298/240
f 591/394/240 590/298/240 589/181/240
f 591/394/240 589/181/240 592/299/240
f 593/395/240 592/299/240 589/181/240
f 591/394/240 592/299/240 594/300/240
f 595/180/240 593/395/240 589/181/240
f 594/300/240 596/396/240 591/394/240
f 593/395/240 595/180/240 597/397/240
f 594/300/240 598/301/240 596/396/240
f 599/398/240 597/397/240 595/180/240
f 600/399/240 596/396/240 598/301/240
f 599/398/240 601/218/240 597/397/240
f 600/399/240 598/301/240 602/400/240
f 599/398/240 603/401/240 601/218/240
f 598/301/240 604/183/240 602/400/240
f 603/401/240 602/400/240 604/183/240
f 603/401/240 604/183/240 605/184/240
f 603/401/240 605/184/240 601/218/240
f 606/283/365 607/282/365 608/361/365
f 606/283/365 608/361/365 609/362/365
f 610/219/366 611/193/367 612/314/368
f 612/314/368 613/313/365 610/219/366
f 611/193/367 614/402/367 612/314/368
f 612/314/368 615/189/365 613/313/365
f 611/193/367 616/403/369 614/402/367
f 615/189/365 617/188/365 613/313/365
f 616/403/369 611/193/367 618/404/367
f 617/188/365 619/312/365 613/313/365
f 611/193/367 620/194/369 618/404/367
f 621/311/365 619/312/365 617/188/365
f 622/187/365 621/311/365 617/188/365
f 623/310/368 621/311/365 622/187/365
f 623/310/368 624/233/366 621/311/365
f 618/404/367 620/194/369 625/195/369
f 624/233/366 623/310/368 625/195/369
f 626/405/369 618/404/367 625/195/369
f 625/195/369 623/310/368 627/406/369
f 625/195/369 627/406/369 626/405/369
f 628/288/370 629/282/370 630/361/370
f 631/342/371 632/344/372 633/367/372
f 631/342/371 633/367/372 634/366/373
f 631/342/371 634/366/373 635/346/374
f 634/366/373 636/368/374 635/346/374
f 635/346/374 636/368/374 637/176/375
f 636/368/374 638/175/375 637/176/375
f 639/329/376 640/332/374 641/363/377
f 639/329/376 641/363/377 642/364/378
f 639/329/376 642/364/378 643/331/378
f 640/332/374 644/365/374 641/363/377
f 644/365/374 640/332/374 645/171/375
f 644/365/374 645/171/375 646/172/375
f 647/289/379 648/362/379 649/283/379
f 650/391/330 651/182/330 652/182/330
f 650/391/330 652/182/330 653/391/330
f 654/316/67 655/407/67 656/322/67
f 657/322/67 654/316/67 656/322/67
f 656/322/67 655/407/67 658/322/67
f 659/326/67 656/322/67 658/322/67
f 660/316/67 658/322/67 655/407/67
f 659/326/67 661/408/67 656/322/67
f 661/408/67 657/322/67 656/322/67
f 661/408/67 659/326/67 662/326/67
f 663/326/67 657/322/67 661/408/67
f 662/326/67 663/326/67 661/408/67
f 664/316/67 655/407/67 654/316/67
f 660/316/67 655/407/67 664/316/67
f 665/317/67 664/316/67 654/316/67
f 666/409/67 660/316/67 664/316/67
f 665/317/67 666/409/67 664/316/67
f 667/317/67 660/316/67 666/409/67
f 666/409/67 665/317/67 668/317/67
f 668/317/67 667/317/67 666/409/67
f 669/398/380 670/398/380 671/180/380
f 669/398/380 671/180/380 672/180/380
f 673/146/381 674/410/382 675/350/383
f 673/146/381 676/147/225 674/410/382
f 674/410/382 677/411/384 675/350/383
f 677/411/384 678/349/384 675/350/383
f 679/410/385 680/349/386 681/411/387
f 679/410/385 682/350/385 680/349/386
f 682/350/385 679/410/385 683/146/388
f 679/410/385 684/147/388 683/146/388
f 685/154/389 686/351/390 687/412/391
f 685/154/389 687/412/391 688/153/225
f 687/412/391 686/351/390 689/413/392
f 686/351/390 690/353/392 689/413/392
f 691/412/393 692/413/387 693/353/394
f 691/412/393 693/353/394 694/351/393
f 694/351/393 695/154/395 691/412/393
f 695/154/395 696/152/395 691/412/393
f 697/230/396 698/414/397 699/227/398
f 698/414/397 700/225/399 699/227/398
f 701/223/400 700/225/399 702/415/401
f 698/414/397 702/415/401 700/225/399
f 698/414/397 703/230/402 704/379/403
f 704/379/403 705/382/404 698/414/397
f 705/382/404 706/416/405 698/414/397
f 702/415/401 698/414/397 706/416/405
f 705/382/404 707/316/406 706/416/405
f 705/382/404 708/317/407 707/316/406
f 707/316/406 709/417/405 706/416/405
f 702/415/401 706/416/405 709/417/405
f 707/316/406 710/322/407 709/417/405
f 711/378/404 709/417/405 710/322/407
f 702/415/401 709/417/405 711/378/404
f 711/378/404 710/322/407 712/326/407
f 713/376/403 702/415/401 711/378/404
f 702/415/401 713/376/403 714/223/408
f 715/362/240 716/361/240 717/282/240
f 715/362/240 717/282/240 718/283/240
f 719/418/409 720/259/409 721/257/409
f 722/386/409 720/259/409 719/418/409
f 719/418/409 721/257/409 723/279/409
f 724/419/409 722/386/409 719/418/409
f 719/418/409 723/279/409 725/420/409
f 719/418/409 725/420/409 724/419/409
f 726/421/410 727/422/411 728/423/412
f 729/424/413 728/423/412 727/422/411
f 726/421/410 728/423/412 730/425/414
f 731/426/415 727/422/411 732/372/416
f 733/374/417 734/426/418 732/372/419
f 735/369/420 732/372/416 727/422/411
f 735/369/420 727/422/411 726/421/410
f 735/369/420 726/421/410 736/168/421
f 726/421/410 737/169/422 736/168/421
f 738/165/423 737/169/422 726/421/410
f 739/425/424 738/165/423 726/421/410
f 740/427/425 741/273/425 742/428/425
f 742/428/425 741/273/425 743/244/425
f 740/427/425 742/428/425 744/429/425
f 742/428/425 743/244/425 745/245/425
f 746/384/425 744/429/425 742/428/425
f 746/384/425 742/428/425 745/245/425
f 747/430/426 748/431/427 749/432/428
f 750/433/429 749/432/428 748/431/427
f 747/430/426 751/434/430 748/431/427
f 752/435/431 753/371/432 749/432/428
f 754/373/433 753/371/434 755/435/435
f 756/370/436 749/432/428 753/371/432
f 756/370/436 747/430/426 749/432/428
f 756/370/436 757/167/437 747/430/426
f 757/167/437 758/166/438 747/430/426
f 747/430/426 758/166/438 759/162/439
f 760/434/440 747/430/426 759/162/439
f 761/381/441 559/231/442 557/229/347
f 762/368/443 763/436/443 764/366/263
f 762/368/443 765/175/263 763/436/443
f 765/175/263 766/179/263 763/436/443
f 763/436/443 767/437/263 764/366/263
f 764/366/263 767/437/263 768/438/263
f 764/366/263 768/438/263 769/367/263
f 770/288/444 771/439/444 772/361/444
f 773/289/445 774/362/445 775/440/445
f 776/441/446 777/151/447 778/153/447
f 776/441/446 778/153/447 779/412/446
f 776/441/446 779/412/446 780/413/289
f 776/441/446 780/413/289 781/442/289
f 782/441/448 783/442/449 784/413/449
f 782/441/448 784/413/449 785/412/448
f 785/412/448 786/151/450 782/441/448
f 785/412/448 787/152/450 786/151/450
f 788/144/451 789/443/452 790/444/453
f 790/444/453 791/445/454 788/144/451
f 791/445/454 792/156/454 788/144/451
f 789/443/452 788/144/451 793/139/453
f 793/139/453 794/446/455 789/443/452
f 794/446/455 793/139/453 795/142/346
f 796/365/456 797/363/284 798/447/456
f 796/365/456 798/447/456 799/172/284
f 798/447/456 800/174/284 799/172/284
f 797/363/284 801/448/284 798/447/456
f 797/363/284 802/449/284 801/448/284
f 797/363/284 803/364/284 802/449/284
f 804/366/192 805/367/457 806/437/192
f 805/367/457 807/438/457 806/437/192
f 804/366/192 806/437/192 808/436/291
f 809/368/291 804/366/192 808/436/291
f 809/368/291 808/436/291 810/175/458
f 808/436/291 811/179/458 810/175/458
f 812/288/459 813/361/459 814/439/459
f 815/450/460 816/451/297 817/411/297
f 815/450/460 817/411/297 818/410/460
f 815/450/460 818/410/460 819/147/461
f 815/450/460 819/147/461 820/149/461
f 821/326/462 822/326/462 823/326/462
f 824/317/94 825/317/94 826/317/94
f 827/450/463 828/410/463 829/411/464
f 827/450/463 829/411/464 830/451/464
f 827/450/463 831/149/465 828/410/463
f 831/149/465 832/147/465 828/410/463
f 833/289/466 834/440/466 835/362/466
f 836/365/301 837/447/301 838/363/181
f 836/365/301 839/172/467 837/447/301
f 839/172/467 840/174/467 837/447/301
f 837/447/301 841/448/181 838/363/181
f 838/363/181 841/448/181 842/364/468
f 841/448/181 843/449/468 842/364/468
f 844/138/469 845/452/470 846/453/471
f 845/452/470 844/138/469 847/454/472
f 844/138/469 848/159/472 847/454/472
f 846/453/471 849/133/470 844/138/469
f 849/133/470 846/453/471 850/455/473
f 850/455/473 851/134/474 849/133/470
f 738/165/475 852/425/476 853/456/477
f 738/165/475 853/456/477 854/164/478
f 855/163/479 856/164/479 853/456/480
f 857/457/481 855/163/479 853/456/480
f 853/456/480 858/458/482 857/457/481
f 858/458/482 859/459/483 857/457/481
f 739/425/484 860/458/485 853/456/486
f 739/425/484 728/423/487 860/458/485
f 729/424/413 861/458/488 728/423/412
f 862/426/489 729/424/413 727/422/411
f 863/265/490 864/272/491 865/460/492
f 863/265/490 865/460/492 866/263/493
f 865/460/492 864/272/491 867/427/494
f 864/272/491 868/273/494 867/427/494
f 869/267/495 870/461/496 871/278/497
f 869/267/495 872/269/498 870/461/496
f 870/461/496 873/420/499 871/278/497
f 873/420/499 874/279/499 871/278/497
f 875/462/500 876/463/501 877/212/502
f 759/162/503 878/464/504 879/434/505
f 759/162/503 880/161/506 878/464/504
f 878/464/507 881/161/508 882/163/508
f 883/457/509 878/464/507 882/163/508
f 878/464/507 883/457/509 884/465/510
f 883/457/509 885/459/511 884/465/510
f 760/434/512 878/464/513 886/465/514
f 760/434/512 886/465/514 748/431/515
f 750/433/429 748/431/427 887/465/516
f 888/435/517 749/432/428 750/433/429
f 889/466/518 890/209/519 891/467/520
f 892/307/521 893/306/522 894/306/522
f 892/307/521 894/306/522 895/406/523
f 895/406/523 896/309/524 892/307/521
f 895/406/523 897/310/525 896/309/524
f 897/310/525 898/310/525 896/309/524
f 897/310/525 899/187/526 898/310/525
f 897/310/525 900/187/526 899/187/526
f 901/468/527 902/469/528 903/470/528
f 903/470/528 902/469/528 904/360/529
f 901/468/527 903/470/528 905/277/528
f 906/241/529 903/470/528 904/360/529
f 903/470/528 907/240/527 905/277/528
f 903/470/528 906/241/529 907/240/527
f 908/471/530 909/472/531 910/473/531
f 909/472/531 911/285/532 910/473/531
f 908/471/530 910/473/531 912/356/530
f 910/473/531 911/285/532 913/254/530
f 910/473/531 914/255/532 912/356/530
f 914/255/532 910/473/531 913/254/530
f 915/402/533 916/314/534 917/314/535
f 917/314/535 916/314/534 918/189/536
f 917/314/535 918/189/536 919/189/536
f 915/402/533 920/308/537 916/314/534
f 915/402/533 921/304/538 920/308/537
f 921/304/538 915/402/533 922/303/539
f 921/304/538 922/303/539 923/303/539
f 924/275/540 925/274/541 926/338/541
f 924/275/540 926/338/541 927/474/540
f 924/275/540 927/474/540 928/276/542
f 927/474/540 929/475/542 928/276/542
f 928/276/542 929/475/542 930/468/543
f 928/276/542 930/468/543 931/277/544
f 932/286/545 933/284/546 934/476/545
f 932/286/545 934/476/545 935/333/547
f 932/286/545 935/333/547 936/287/547
f 933/284/546 937/477/546 934/476/545
f 937/477/546 933/284/546 938/472/548
f 933/284/546 939/285/548 938/472/548
f 940/362/549 941/361/549 942/439/549
f 940/362/549 942/439/549 943/440/549
f 944/218/330 945/397/330 946/397/330
f 944/218/330 946/397/330 947/218/550
f 948/232/380 949/232/551 950/392/380
f 948/232/380 950/392/380 951/392/380
f 952/440/552 953/439/552 954/361/552
f 952/440/552 954/361/552 955/362/552
f 956/388/365 957/297/365 958/387/365
f 958/387/365 957/297/365 959/389/365
f 960/296/365 957/297/365 956/388/365
f 957/297/365 961/185/365 959/389/365
f 959/389/365 961/185/365 962/390/365
f 961/185/365 963/186/365 962/390/365
f 962/390/365 963/186/365 964/232/365
f 965/391/365 962/390/365 964/232/365
f 965/391/365 964/232/365 966/392/365
f 967/182/365 965/391/365 966/392/365
f 967/182/365 966/392/365 968/393/365
f 967/182/365 968/393/365 969/298/365
f 970/181/365 967/182/365 969/298/365
f 960/296/365 970/181/365 969/298/365
f 960/296/365 956/388/365 971/394/365
f 960/296/365 971/394/365 970/181/365
f 970/181/365 971/394/365 972/300/365
f 972/300/365 971/394/365 973/396/365
f 974/299/365 970/181/365 972/300/365
f 972/300/365 973/396/365 975/301/365
f 974/299/365 976/180/365 970/181/365
f 973/396/365 977/399/365 975/301/365
f 976/180/365 974/299/365 978/395/365
f 977/399/365 979/400/365 975/301/365
f 976/180/365 978/395/365 980/397/365
f 979/400/365 981/183/365 975/301/365
f 982/398/365 976/180/365 980/397/365
f 979/400/365 983/401/365 981/183/365
f 982/398/365 980/397/365 984/218/365
f 982/398/365 984/218/365 983/401/365
f 984/218/365 985/184/365 983/401/365
f 983/401/365 985/184/365 981/183/365
f 986/355/553 987/478/553 988/471/554
f 986/355/553 988/471/554 989/356/553
f 986/355/553 990/357/555 987/478/553
f 990/357/555 991/479/555 987/478/553
f 990/357/555 992/335/284 991/479/555
f 990/357/555 993/336/284 992/335/284
f 994/480/556 995/271/557 996/385/556
f 995/271/557 997/270/557 996/385/556
f 994/480/556 996/385/556 998/386/558
f 994/480/556 998/386/558 999/419/558
f 1000/358/559 1001/481/559 1002/339/263
f 1000/358/559 1002/339/263 1003/340/263
f 1004/482/560 1001/481/559 1000/358/559
f 1005/359/560 1004/482/560 1000/358/559
f 1005/359/560 1006/469/560 1004/482/560
f 1005/359/560 1007/360/560 1006/469/560
f 1008/158/561 1009/137/562 1010/483/563
f 1011/483/564 1012/484/565 1008/158/566
f 1013/485/567 1014/483/568 1015/137/567
f 1016/137/569 1017/136/570 1013/485/571
f 1017/136/570 1018/135/572 1019/486/570
f 1020/487/573 1021/429/574 1022/384/574
f 1020/487/573 1022/384/574 1023/383/573
f 1020/487/573 1023/383/573 1024/264/573
f 1023/383/573 1025/266/573 1024/264/573
f 1026/157/575 1027/488/575 1028/143/576
f 1029/488/577 1026/157/578 1030/489/579
f 1031/490/580 1032/143/580 1033/488/581
f 1034/143/582 1031/490/583 1035/140/584
f 1035/140/584 1036/491/584 1037/141/585
f 1038/212/586 1039/211/587 1040/462/588
f 1039/211/587 1041/214/589 1042/492/590
f 1043/462/587 1039/211/587 1042/492/590
f 1044/209/591 1045/466/592 1046/206/593
f 1047/493/594 1048/207/595 1046/206/593
f 1049/466/593 1047/493/594 1046/206/593
f 1050/462/596 1051/492/597 1052/294/596
f 1051/492/597 1053/295/597 1052/294/596
f 1050/462/596 1052/294/596 1054/463/598
f 1052/294/596 1055/293/598 1054/463/598
f 1054/463/598 1055/293/598 1056/197/599
f 1054/463/598 1056/197/599 1057/200/600
f 1058/466/601 1059/290/601 1060/493/602
f 1059/290/601 1061/292/602 1060/493/602
f 1059/290/601 1058/466/601 1062/467/603
f 1059/290/601 1062/467/603 1063/291/603
f 1062/467/603 1064/201/604 1063/291/603
f 1062/467/603 1065/202/604 1064/201/604
f 1066/376/605 1067/324/606 1068/377/605
f 1069/399/607 1070/399/413 1071/400/608
f 1069/399/607 1071/400/608 1072/400/608
f 1073/396/609 1070/399/413 1069/399/607
f 1073/396/609 1074/396/609 1070/399/413
f 1075/494/610 1076/344/611 1077/343/612
f 1075/494/610 1078/367/613 1076/344/611
f 1079/438/614 1075/494/610 1080/367/615
f 1081/461/616 1082/480/616 1083/420/617
f 1082/480/616 1084/419/617 1083/420/617
f 1082/480/616 1081/461/616 1085/269/618
f 1082/480/616 1085/269/618 1086/271/618
f 1075/494/610 1087/344/619 1080/367/615
f 1075/494/610 1077/343/612 1087/344/619
f 1079/438/614 1078/367/613 1075/494/610
f 1088/313/620 1089/313/620 1090/219/620
f 1088/313/620 1090/219/620 1091/219/620
f 1092/476/621 1093/479/622 1094/335/623
f 1092/476/621 1094/335/623 1095/333/623
f 1096/478/624 1093/479/622 1092/476/621
f 1097/477/625 1096/478/624 1092/476/621
f 1097/477/625 1098/472/626 1096/478/624
f 1098/472/626 1099/471/626 1096/478/624
f 1100/387/627 1101/389/628 1102/389/628
f 1100/387/627 1102/389/628 1103/387/429
f 1104/388/629 1100/387/627 1103/387/429
f 1104/388/629 1103/387/429 1105/388/629
f 1106/495/630 1107/330/631 1108/331/632
f 1106/495/630 1108/331/632 1109/364/633
f 1110/449/634 1111/364/635 1106/495/630
f 1112/460/636 1113/427/637 1114/487/636
f 1113/427/637 1115/429/637 1114/487/636
f 1114/487/636 1116/263/638 1112/460/636
f 1114/487/636 1117/264/638 1116/263/638
f 1106/495/630 1111/364/635 1118/331/639
f 1106/495/630 1118/331/639 1107/330/631
f 1110/449/634 1106/495/630 1109/364/633
f 1119/311/640 1120/233/640 1121/233/640
f 1119/311/640 1121/233/640 1122/311/640
f 1123/475/641 1124/474/642 1125/482/643
f 1123/475/641 1125/482/643 1126/468/644
f 1125/482/643 1127/469/644 1126/468/644
f 1124/474/642 1128/481/642 1125/482/643
f 1124/474/642 1129/339/645 1128/481/642
f 1124/474/642 1130/338/645 1129/339/645
f 1131/157/646 1132/156/647 1133/445/646
f 1131/157/646 1133/445/646 1134/489/646
f 1135/158/648 1136/484/648 1137/454/649
f 1135/158/648 1137/454/649 1138/159/648
f 1139/463/650 1140/200/651 1141/212/652
f 1140/200/651 1142/199/651 1141/212/652
f 1143/292/653 1144/208/653 1145/207/653
f 1143/292/653 1145/207/653 1146/493/653
f 1147/295/653 1148/492/653 1149/214/653
f 1147/295/653 1149/214/653 1150/215/653
f 1151/467/654 1152/209/655 1153/202/656
f 1152/209/655 1154/203/656 1153/202/656
f 894/306/522 1155/405/657 895/406/523
f 915/402/533 1156/403/658 922/303/539
f 1017/136/570 1019/486/570 1013/485/571
f 1031/490/583 1036/491/584 1035/140/584
f 1157/390/659 1158/391/659 1159/391/659
f 1157/390/659 1159/391/659 1160/390/659
f 1161/401/660 1162/401/660 1163/398/660
f 1161/401/660 1163/398/660 1164/398/660
f 1165/435/661 1166/426/661 1167/374/662
f 1165/435/661 1167/374/662 1168/373/662
f 1166/426/661 1165/435/661 1169/433/663
f 1166/426/661 1169/433/663 1170/424/663
f 1171/433/664 1172/465/665 1173/459/666
f 1171/433/664 1173/459/666 1174/458/667
f 1175/424/668 1171/433/664 1174/458/667
f 1176/305/669 1177/305/67 1178/303/670
f 1176/305/669 1178/303/670 1179/303/671
f 1180/306/672 1177/305/67 1176/305/669
f 1180/306/672 1181/306/673 1177/305/67
f 1179/303/671 1182/403/674 1183/404/675
f 1179/303/671 1183/404/675 1176/305/669
f 1180/306/672 1176/305/669 1183/404/675
f 1180/306/672 1183/404/675 1184/405/676
f 1185/312/67 1186/312/67 1187/313/670
f 1185/312/67 1187/313/670 1188/313/670
f 1185/312/67 1189/311/673 1186/312/67
f 1185/312/67 1190/311/673 1189/311/673
f 1191/400/67 1192/400/67 1193/401/67
f 1191/400/67 1193/401/67 1194/401/67
f 1195/389/67 1196/390/67 1197/390/67
f 1195/389/67 1197/390/67 1198/389/67
f 1199/394/67 1200/394/67 1201/396/677
f 1199/394/67 1201/396/677 1202/396/677
f 1199/394/67 1203/388/678 1200/394/67
f 1199/394/67 1204/388/678 1203/388/678
f 1205/393/679 1206/392/680 1207/392/679
f 1205/393/679 1207/392/679 1208/393/679
f 1208/393/679 1209/298/679 1205/393/679
f 1208/393/679 1210/298/679 1209/298/679
f 1211/395/681 1212/395/681 1213/299/681
f 1211/395/681 1213/299/681 1214/299/681
f 1212/395/681 1211/395/681 1215/397/681
f 1212/395/681 1215/397/681 1216/397/681
f 1217/354/94 1218/353/94 1219/496/94
f 1219/496/94 1218/353/94 1220/413/94
f 1217/354/94 1219/496/94 1221/353/94
f 1219/496/94 1220/413/94 1222/442/94
f 1219/496/94 1223/413/94 1221/353/94
f 1219/496/94 1222/442/94 1223/413/94
f 1224/411/94 1225/349/94 1226/497/94
f 1226/497/94 1225/349/94 1227/348/94
f 1224/411/94 1226/497/94 1228/451/94
f 1226/497/94 1227/348/94 1229/349/94
f 1230/411/94 1228/451/94 1226/497/94
f 1229/349/94 1230/411/94 1226/497/94
f 1231/455/682 1232/486/683 1233/134/684
f 1232/486/683 1234/135/684 1233/134/684
f 1232/486/683 1231/455/682 1235/485/685
f 1231/455/682 1236/453/686 1235/485/685
f 1237/483/687 1235/485/685 1236/453/686
f 1238/452/687 1237/483/687 1236/453/686
f 1238/452/687 1239/484/94 1237/483/687
f 1238/452/687 1240/454/94 1239/484/94
f 1241/445/94 1242/444/688 1243/488/688
f 1241/445/94 1243/488/688 1244/489/94
f 1242/444/688 1245/443/689 1243/488/688
f 1245/443/689 1246/490/689 1243/488/688
f 1245/443/689 1247/446/690 1246/490/689
f 1247/446/690 1248/491/690 1246/490/689
f 1247/446/690 1249/142/691 1248/491/690
f 1249/142/691 1250/141/691 1248/491/690
o mesh_123.016
v 29.209999 -13.207999 82.854805
v 29.209999 -13.207999 82.956398
v 29.311600 -13.207999 82.854805
v 29.311600 -14.833600 82.956398
v 29.311600 -14.833600 82.854805
v 29.311600 -13.207999 82.956398
v 29.209999 -14.833600 82.956398
v 29.209999 -14.833600 82.854805
vn -0.0000 1.0000 -0.0000
vn -0.0000 -1.0000 -0.0000
vn -0.0000 -0.0000 -1.0000
vn -0.0000 -0.0000 1.0000
vn 1.0000 -0.0000 -0.0000
vn -1.0000 -0.0000 -0.0000
vt 42.000000 12.062500
vt 41.937500 12.000000
vt 42.000000 12.000000
vt 41.937500 12.062500
vt 11.000000 -8.000000
vt 11.062500 -9.000000
vt 11.000000 -9.000000
vt 11.062500 -8.000000
vt 41.937500 -8.000000
vt 42.000000 -9.000000
vt 41.937500 -9.000000
vt 42.000000 -8.000000
s 1
usemtl materials/dev/reflectivity_30.vmat
f 1256/498/692 1251/499/692 1252/500/692
f 1257/500/693 1255/501/693 1254/498/693
f 1251/502/694 1255/503/694 1258/504/694
f 1257/504/695 1256/505/695 1252/502/695
f 1253/506/696 1254/507/696 1255/508/696
f 1258/508/697 1252/509/697 1251/506/697
f 1256/498/692 1253/501/692 1251/499/692
f 1257/500/693 1258/499/693 1255/501/693
f 1251/502/694 1253/505/694 1255/503/694
f 1257/504/695 1254/503/695 1256/505/695
f 1253/506/696 1256/509/696 1254/507/696
f 1258/508/697 1257/507/697 1252/509/697
o mesh_60.018
v 10.414000 -6.299200 30.480001
v 10.414000 -6.299200 30.886400
v 12.039600 -6.299200 30.480001
v 12.039600 -6.350000 30.886400
v 12.039600 -6.350000 30.480001
v 12.039600 -6.299200 30.886400
v 10.414000 -6.350000 30.886400
v 10.414000 -6.350000 30.480001
vn -0.0000 1.0000 -0.0000
vn -0.0000 -1.0000 -0.0000
vn -0.0000 -0.0000 -1.0000
vn -0.0000 -0.0000 1.0000
vn 1.0000 -0.0000 -0.0000
vn -1.0000 -0.0000 -0.0000
vt 18.000000 7.000000
vt 17.750000 6.000000
vt 18.000000 6.000000
vt 17.750000 7.000000
vt 6.000000 -2.000000
vt 7.000000 -2.031250
vt 6.000000 -2.031250
vt 7.000000 -2.000000
vt 17.750000 -2.000000
vt 18.000000 -2.031250
vt 17.750000 -2.031250
vt 18.000000 -2.000000
s 1
usemtl materials/dev/reflectivity_30.vmat
f 1264/510/698 1259/511/698 1260/512/698
f 1265/512/699 1263/513/699 1262/510/699
f 1259/514/700 1263/515/700 1266/516/700
f 1265/516/701 1264/517/701 1260/514/701
f 1261/518/702 1262/519/702 1263/520/702
f 1266/520/703 1260/521/703 1259/518/703
f 1264/510/698 1261/513/698 1259/511/698
f 1265/512/699 1266/511/699 1263/513/699
f 1259/514/700 1261/517/700 1263/515/700
f 1265/516/701 1262/515/701 1264/517/701
f 1261/518/702 1264/521/702 1262/519/702
f 1266/520/703 1265/519/703 1260/521/703
o mesh_120.006
v 29.260801 -13.182600 87.782402
v 29.260801 -13.182600 92.659203
v 30.886400 -13.182600 87.782402
v 30.886400 -13.233400 92.659203
v 30.886400 -13.233400 87.782402
v 30.886400 -13.182600 92.659203
v 29.260801 -13.233400 92.659203
v 29.260801 -13.233400 87.782402
vn -0.0000 1.0000 -0.0000
vn -0.0000 -1.0000 -0.0000
vn -0.0000 -0.0000 -1.0000
vn -0.0000 -0.0000 1.0000
vn 1.0000 -0.0000 -0.0000
vn -1.0000 -0.0000 -0.0000
vt 36.000000 19.000000
vt 33.000000 18.000000
vt 36.000000 18.000000
vt 33.000000 19.000000
vt 17.000000 -8.968750
vt 18.000000 -9.000000
vt 17.000000 -9.000000
vt 18.000000 -8.968750
vt 33.000000 -8.968750
vt 36.000000 -9.000000
vt 33.000000 -9.000000
vt 36.000000 -8.968750
s 1
usemtl materials/dev/reflectivity_30.vmat
f 1272/522/704 1267/523/704 1268/524/704
f 1273/524/705 1271/525/705 1270/522/705
f 1267/526/706 1271/527/706 1274/528/706
f 1273/528/707 1272/529/707 1268/526/707
f 1269/530/708 1270/531/708 1271/532/708
f 1274/532/709 1268/533/709 1267/530/709
f 1272/522/704 1269/525/704 1267/523/704
f 1273/524/705 1274/523/705 1271/525/705
f 1267/526/706 1269/529/706 1271/527/706
f 1273/528/707 1270/527/707 1272/529/707
f 1269/530/708 1272/533/708 1270/531/708
f 1274/532/709 1273/531/709 1268/533/709
o mesh_60.012
v 10.414001 -7.518400 32.918400
v 10.007600 -7.518400 32.918400
v 10.414001 -7.518400 34.544003
v 10.007600 -7.569200 34.544003
v 10.414001 -7.569200 34.544003
v 10.007600 -7.518400 34.544003
v 10.007600 -7.569200 32.918400
v 10.414001 -7.569200 32.918400
vn -0.0000 1.0000 -0.0000
vn -0.0000 -1.0000 -0.0000
vn 1.0000 -0.0000 -0.0000
vn -1.0000 -0.0000 -0.0000
vn -0.0000 -0.0000 1.0000
vn -0.0000 -0.0000 -1.0000
vt 18.000000 7.000000
vt 17.750000 6.000000
vt 18.000000 6.000000
vt 17.750000 7.000000
vt 6.000000 -2.000000
vt 7.000000 -2.031250
vt 6.000000 -2.031250
vt 7.000000 -2.000000
vt 17.750000 -2.000000
vt 18.000000 -2.031250
vt 17.750000 -2.031250
vt 18.000000 -2.000000
s 1
usemtl materials/dev/reflectivity_30.vmat
f 1280/534/710 1275/535/710 1276/536/710
f 1281/536/711 1279/537/711 1278/534/711
f 1275/538/712 1279/539/712 1282/540/712
f 1281/540/713 1280/541/713 1276/538/713
f 1277/542/714 1278/543/714 1279/544/714
f 1282/544/715 1276/545/715 1275/542/715
f 1280/534/710 1277/537/710 1275/535/710
f 1281/536/711 1282/535/711 1279/537/711
f 1275/538/712 1277/541/712 1279/539/712
f 1281/540/713 1278/539/713 1280/541/713
f 1277/542/714 1280/545/714 1278/543/714
f 1282/544/715 1281/543/715 1276/545/715
o mesh_123.021
v 30.835600 -11.556999 87.731606
v 30.835600 -11.556999 87.833199
v 30.937201 -11.556999 87.731606
v 30.937201 -13.182600 87.833199
v 30.937201 -13.182600 87.731606
v 30.937201 -11.556999 87.833199
v 30.835600 -13.182600 87.833199
v 30.835600 -13.182600 87.731606
vn -0.0000 1.0000 -0.0000
vn -0.0000 -1.0000 -0.0000
vn -0.0000 -0.0000 -1.0000
vn -0.0000 -0.0000 1.0000
vn 1.0000 -0.0000 -0.0000
vn -1.0000 -0.0000 -0.0000
vt 42.000000 12.062500
vt 41.937500 12.000000
vt 42.000000 12.000000
vt 41.937500 12.062500
vt 11.000000 -8.000000
vt 11.062500 -9.000000
vt 11.000000 -9.000000
vt 11.062500 -8.000000
vt 41.937500 -8.000000
vt 42.000000 -9.000000
vt 41.937500 -9.000000
vt 42.000000 -8.000000
s 1
usemtl materials/dev/reflectivity_30.vmat
f 1288/546/716 1283/547/716 1284/548/716
f 1289/548/717 1287/549/717 1286/546/717
f 1283/550/718 1287/551/718 1290/552/718
f 1289/552/719 1288/553/719 1284/550/719
f 1285/554/720 1286/555/720 1287/556/720
f 1290/556/721 1284/557/721 1283/554/721
f 1288/546/716 1285/549/716 1283/547/716
f 1289/548/717 1290/547/717 1287/549/717
f 1283/550/718 1285/553/718 1287/551/718
f 1289/552/719 1286/551/719 1288/553/719
f 1285/554/720 1288/557/720 1286/555/720
f 1290/556/721 1289/555/721 1284/557/721
o mesh_123.019
v 29.209999 -9.931399 82.854805
v 29.209999 -9.931399 82.956398
v 29.311600 -9.931399 82.854805
v 29.311600 -11.557000 82.956398
v 29.311600 -11.557000 82.854805
v 29.311600 -9.931399 82.956398
v 29.209999 -11.557000 82.956398
v 29.209999 -11.557000 82.854805
vn -0.0000 1.0000 -0.0000
vn -0.0000 -1.0000 -0.0000
vn -0.0000 -0.0000 -1.0000
vn -0.0000 -0.0000 1.0000
vn 1.0000 -0.0000 -0.0000
vn -1.0000 -0.0000 -0.0000
vt 42.000000 12.062500
vt 41.937500 12.000000
vt 42.000000 12.000000
vt 41.937500 12.062500
vt 11.000000 -8.000000
vt 11.062500 -9.000000
vt 11.000000 -9.000000
vt 11.062500 -8.000000
vt 41.937500 -8.000000
vt 42.000000 -9.000000
vt 41.937500 -9.000000
vt 42.000000 -8.000000
s 1
usemtl materials/dev/reflectivity_30.vmat
f 1296/558/722 1291/559/722 1292/560/722
f 1297/560/723 1295/561/723 1294/558/723
f 1291/562/724 1295/563/724 1298/564/724
f 1297/564/725 1296/565/725 1292/562/725
f 1293/566/726 1294/567/726 1295/568/726
f 1298/568/727 1292/569/727 1291/566/727
f 1296/558/722 1293/561/722 1291/559/722
f 1297/560/723 1298/559/723 1295/561/723
f 1291/562/724 1293/565/724 1295/563/724
f 1297/564/725 1294/563/725 1296/565/725
f 1293/566/726 1296/569/726 1294/567/726
f 1298/568/727 1297/567/727 1292/569/727
o mesh_123.049
v 26.060400 -14.833600 97.485207
v 25.958799 -14.833600 97.485207
v 26.060400 -14.833600 97.586800
v 25.958799 -16.459200 97.586800
v 26.060400 -16.459200 97.586800
v 25.958799 -14.833600 97.586800
v 25.958799 -16.459200 97.485207
v 26.060400 -16.459200 97.485207
vn -0.0000 1.0000 -0.0000
vn -0.0000 -1.0000 -0.0000
vn 1.0000 -0.0000 -0.0000
vn -1.0000 -0.0000 -0.0000
vn -0.0000 -0.0000 1.0000
vn -0.0000 -0.0000 -1.0000
vt 42.000000 12.062500
vt 41.937500 12.000000
vt 42.000000 12.000000
vt 41.937500 12.062500
vt 11.000000 -8.000000
vt 11.062500 -9.000000
vt 11.000000 -9.000000
vt 11.062500 -8.000000
vt 41.937500 -8.000000
vt 42.000000 -9.000000
vt 41.937500 -9.000000
vt 42.000000 -8.000000
s 1
usemtl materials/dev/reflectivity_30.vmat
f 1304/570/728 1299/571/728 1300/572/728
f 1305/572/729 1303/573/729 1302/570/729
f 1299/574/730 1303/575/730 1306/576/730
f 1305/576/731 1304/577/731 1300/574/731
f 1301/578/732 1302/579/732 1303/580/732
f 1306/580/733 1300/581/733 1299/578/733
f 1304/570/728 1301/573/728 1299/571/728
f 1305/572/729 1306/571/729 1303/573/729
f 1299/574/730 1301/577/730 1303/575/730
f 1305/576/731 1302/575/731 1304/577/731
f 1301/578/732 1304/581/732 1302/579/732
f 1306/580/733 1305/579/733 1300/581/733
o mesh_123.048
v 26.060400 -13.207999 97.485207
v 25.958799 -13.207999 97.485207
v 26.060400 -13.207999 97.586800
v 25.958799 -14.833600 97.586800
v 26.060400 -14.833600 97.586800
v 25.958799 -13.207999 97.586800
v 25.958799 -14.833600 97.485207
v 26.060400 -14.833600 97.485207
vn -0.0000 1.0000 -0.0000
vn -0.0000 -1.0000 -0.0000
vn 1.0000 -0.0000 -0.0000
vn -1.0000 -0.0000 -0.0000
vn -0.0000 -0.0000 1.0000
vn -0.0000 -0.0000 -1.0000
vt 42.000000 12.062500
vt 41.937500 12.000000
vt 42.000000 12.000000
vt 41.937500 12.062500
vt 11.000000 -8.000000
vt 11.062500 -9.000000
vt 11.000000 -9.000000
vt 11.062500 -8.000000
vt 41.937500 -8.000000
vt 42.000000 -9.000000
vt 41.937500 -9.000000
vt 42.000000 -8.000000
s 1
usemtl materials/dev/reflectivity_30.vmat
f 1312/582/734 1307/583/734 1308/584/734
f 1313/584/735 1311/585/735 1310/582/735
f 1307/586/736 1311/587/736 1314/588/736
f 1313/588/737 1312/589/737 1308/586/737
f 1309/590/738 1310/591/738 1311/592/738
f 1314/592/739 1308/593/739 1307/590/739
f 1312/582/734 1309/585/734 1307/583/734
f 1313/584/735 1314/583/735 1311/585/735
f 1307/586/736 1309/589/736 1311/587/736
f 1313/588/737 1310/587/737 1312/589/737
f 1309/590/738 1312/593/738 1310/591/738
f 1314/592/739 1313/591/739 1308/593/739
o mesh_123.045
v 26.060400 -11.556999 99.110802
v 25.958799 -11.556999 99.110802
v 26.060400 -11.556999 99.212395
v 25.958799 -13.182600 99.212395
v 26.060400 -13.182600 99.212395
v 25.958799 -11.556999 99.212395
v 25.958799 -13.182600 99.110802
v 26.060400 -13.182600 99.110802
vn -0.0000 1.0000 -0.0000
vn -0.0000 -1.0000 -0.0000
vn 1.0000 -0.0000 -0.0000
vn -1.0000 -0.0000 -0.0000
vn -0.0000 -0.0000 1.0000
vn -0.0000 -0.0000 -1.0000
vt 42.000000 12.062500
vt 41.937500 12.000000
vt 42.000000 12.000000
vt 41.937500 12.062500
vt 11.000000 -8.000000
vt 11.062500 -9.000000
vt 11.000000 -9.000000
vt 11.062500 -8.000000
vt 41.937500 -8.000000
vt 42.000000 -9.000000
vt 41.937500 -9.000000
vt 42.000000 -8.000000
s 1
usemtl materials/dev/reflectivity_30.vmat
f 1320/594/740 1315/595/740 1316/596/740
f 1321/596/741 1319/597/741 1318/594/741
f 1315/598/742 1319/599/742 1322/600/742
f 1321/600/743 1320/601/743 1316/598/743
f 1317/602/744 1318/603/744 1319/604/744
f 1322/604/745 1316/605/745 1315/602/745
f 1320/594/740 1317/597/740 1315/595/740
f 1321/596/741 1322/595/741 1319/597/741
f 1315/598/742 1317/601/742 1319/599/742
f 1321/600/743 1318/599/743 1320/601/743
f 1317/602/744 1320/605/744 1318/603/744
f 1322/604/745 1321/603/745 1316/605/745
o mesh_60.023
v 10.414000 -5.283200 28.448000
v 10.414000 -5.283200 28.854399
v 12.039600 -5.283200 28.448000
v 12.039600 -5.334000 28.854399
v 12.039600 -5.334000 28.448000
v 12.039600 -5.283200 28.854399
v 10.414000 -5.334000 28.854399
v 10.414000 -5.334000 28.448000
vn -0.0000 1.0000 -0.0000
vn -0.0000 -1.0000 -0.0000
vn -0.0000 -0.0000 -1.0000
vn -0.0000 -0.0000 1.0000
vn 1.0000 -0.0000 -0.0000
vn -1.0000 -0.0000 -0.0000
vt 18.000000 7.000000
vt 17.750000 6.000000
vt 18.000000 6.000000
vt 17.750000 7.000000
vt 6.000000 -2.000000
vt 7.000000 -2.031250
vt 6.000000 -2.031250
vt 7.000000 -2.000000
vt 17.750000 -2.000000
vt 18.000000 -2.031250
vt 17.750000 -2.031250
vt 18.000000 -2.000000
s 1
usemtl materials/dev/reflectivity_30.vmat
f 1328/606/746 1323/607/746 1324/608/746
f 1329/608/747 1327/609/747 1326/606/747
f 1323/610/748 1327/611/748 1330/612/748
f 1329/612/749 1328/613/749 1324/610/749
f 1325/614/750 1326/615/750 1327/616/750
f 1330/616/751 1324/617/751 1323/614/751
f 1328/606/746 1325/609/746 1323/607/746
f 1329/608/747 1330/607/747 1327/609/747
f 1323/610/748 1325/613/748 1327/611/748
f 1329/612/749 1326/611/749 1328/613/749
f 1325/614/750 1328/617/750 1326/615/750
f 1330/616/751 1329/615/751 1324/617/751
o mesh_123.002
v 30.835600 -9.931399 77.978004
v 30.835600 -9.931399 78.079597
v 30.937201 -9.931399 77.978004
v 30.937201 -11.557000 78.079597
v 30.937201 -11.557000 77.978004
v 30.937201 -9.931399 78.079597
v 30.835600 -11.557000 78.079597
v 30.835600 -11.557000 77.978004
vn -0.0000 1.0000 -0.0000
vn -0.0000 -1.0000 -0.0000
vn -0.0000 -0.0000 -1.0000
vn -0.0000 -0.0000 1.0000
vn 1.0000 -0.0000 -0.0000
vn -1.0000 -0.0000 -0.0000
vt 42.000000 12.062500
vt 41.937500 12.000000
vt 42.000000 12.000000
vt 41.937500 12.062500
vt 11.000000 -8.000000
vt 11.062500 -9.000000
vt 11.000000 -9.000000
vt 11.062500 -8.000000
vt 41.937500 -8.000000
vt 42.000000 -9.000000
vt 41.937500 -9.000000
vt 42.000000 -8.000000
s 1
usemtl materials/dev/reflectivity_30.vmat
f 1336/618/752 1331/619/752 1332/620/752
f 1337/620/753 1335/621/753 1334/618/753
f 1331/622/754 1335/623/754 1338/624/754
f 1337/624/755 1336/625/755 1332/622/755
f 1333/626/756 1334/627/756 1335/628/756
f 1338/628/757 1332/629/757 1331/626/757
f 1336/618/752 1333/621/752 1331/619/752
f 1337/620/753 1338/619/753 1335/621/753
f 1331/622/754 1333/625/754 1335/623/754
f 1337/624/755 1334/623/755 1336/625/755
f 1333/626/756 1336/629/756 1334/627/756
f 1338/628/757 1337/627/757 1332/629/757
o mesh_123.027
v 29.209999 -9.931399 87.731606
v 29.209999 -9.931399 87.833199
v 29.311600 -9.931399 87.731606
v 29.311600 -11.557000 87.833199
v 29.311600 -11.557000 87.731606
v 29.311600 -9.931399 87.833199
v 29.209999 -11.557000 87.833199
v 29.209999 -11.557000 87.731606
vn -0.0000 1.0000 -0.0000
vn -0.0000 -1.0000 -0.0000
vn -0.0000 -0.0000 -1.0000
vn -0.0000 -0.0000 1.0000
vn 1.0000 -0.0000 -0.0000
vn -1.0000 -0.0000 -0.0000
vt 42.000000 12.062500
vt 41.937500 12.000000
vt 42.000000 12.000000
vt 41.937500 12.062500
vt 11.000000 -8.000000
vt 11.062500 -9.000000
vt 11.000000 -9.000000
vt 11.062500 -8.000000
vt 41.937500 -8.000000
vt 42.000000 -9.000000
vt 41.937500 -9.000000
vt 42.000000 -8.000000
s 1
usemtl materials/dev/reflectivity_30.vmat
f 1344/630/758 1339/631/758 1340/632/758
f 1345/632/759 1343/633/759 1342/630/759
f 1339/634/760 1343/635/760 1346/636/760
f 1345/636/761 1344/637/761 1340/634/761
f 1341/638/762 1342/639/762 1343/640/762
f 1346/640/763 1340/641/763 1339/638/763
f 1344/630/758 1341/633/758 1339/631/758
f 1345/632/759 1346/631/759 1343/633/759
f 1339/634/760 1341/637/760 1343/635/760
f 1345/636/761 1342/635/761 1344/637/761
f 1341/638/762 1344/641/762 1342/639/762
f 1346/640/763 1345/639/763 1340/641/763
o mesh_123.068
v 16.306801 -9.931399 99.110802
v 16.205200 -9.931399 99.110802
v 16.306801 -9.931399 99.212395
v 16.205200 -11.557000 99.212395
v 16.306801 -11.557000 99.212395
v 16.205200 -9.931399 99.212395
v 16.205200 -11.557000 99.110802
v 16.306801 -11.557000 99.110802
vn -0.0000 1.0000 -0.0000
vn -0.0000 -1.0000 -0.0000
vn 1.0000 -0.0000 -0.0000
vn -1.0000 -0.0000 -0.0000
vn -0.0000 -0.0000 1.0000
vn -0.0000 -0.0000 -1.0000
vt 42.000000 12.062500
vt 41.937500 12.000000
vt 42.000000 12.000000
vt 41.937500 12.062500
vt 11.000000 -8.000000
vt 11.062500 -9.000000
vt 11.000000 -9.000000
vt 11.062500 -8.000000
vt 41.937500 -8.000000
vt 42.000000 -9.000000
vt 41.937500 -9.000000
vt 42.000000 -8.000000
s 1
usemtl materials/dev/reflectivity_30.vmat
f 1352/642/764 1347/643/764 1348/644/764
f 1353/644/765 1351/645/765 1350/642/765
f 1347/646/766 1351/647/766 1354/648/766
f 1353/648/767 1352/649/767 1348/646/767
f 1349/650/768 1350/651/768 1351/652/768
f 1354/652/769 1348/653/769 1347/650/769
f 1352/642/764 1349/645/764 1347/643/764
f 1353/644/765 1354/643/765 1351/645/765
f 1347/646/766 1349/649/766 1351/647/766
f 1353/648/767 1350/647/767 1352/649/767
f 1349/650/768 1352/653/768 1350/651/768
f 1354/652/769 1353/651/769 1348/653/769
o prop_static_models/dev/dev_cube.vmdl.005
v 27.636265 -14.831025 72.476158
v 29.222498 -14.831221 72.120575
v 28.866913 -14.831221 70.534340
v 27.280680 -14.831025 70.889923
v 29.222307 -16.456821 72.120621
v 27.636074 -16.456625 72.476204
v 27.280489 -16.456625 70.889969
v 28.866722 -16.456821 70.534386
v 27.280489 -16.456625 70.889969
v 27.280680 -14.831025 70.889923
v 28.866913 -14.831221 70.534340
v 28.866722 -16.456821 70.534386
v 27.636265 -14.831025 72.476158
v 27.636074 -16.456625 72.476204
v 29.222307 -16.456821 72.120621
v 29.222498 -14.831221 72.120575
v 28.866722 -16.456821 70.534386
v 28.866913 -14.831221 70.534340
v 29.222498 -14.831221 72.120575
v 29.222307 -16.456821 72.120621
v 27.280680 -14.831025 70.889923
v 27.280489 -16.456625 70.889969
v 27.636074 -16.456625 72.476204
v 27.636265 -14.831025 72.476158
vn 0.0013 1.0000 0.0007
vn -0.0001 -1.0000 -0.0000
vn -0.2187 -0.0010 -0.9758
vn 0.2187 -0.0010 0.9758
vn 0.9758 -0.0011 -0.2187
vn -0.9758 -0.0008 0.2187
vt -3.000000 -2.500000
vt -3.000000 -2.000000
vt -3.500000 -2.000000
vt -3.500000 -2.500000
vt -2.500000 1.000000
vt -2.500000 1.500000
vt -2.000000 1.500000
vt -2.000000 1.000000
vt -3.500000 1.000000
vt -3.500000 1.500000
vt -3.000000 1.500000
vt -3.000000 1.000000
s 1
usemtl materials/dev/reflectivity_30.vmat
f 1355/654/770 1356/655/770 1357/656/770
f 1355/654/770 1357/656/770 1358/657/770
f 1359/655/771 1360/654/771 1361/657/771
f 1359/655/771 1361/657/771 1362/656/771
f 1363/658/772 1364/659/772 1365/660/772
f 1363/658/772 1365/660/772 1366/661/772
f 1367/659/773 1368/658/773 1369/661/773
f 1367/659/773 1369/661/773 1370/660/773
f 1371/662/774 1372/663/774 1373/664/774
f 1371/662/774 1373/664/774 1374/665/774
f 1375/663/775 1376/662/775 1377/665/775
f 1375/663/775 1377/665/775 1378/664/775
o mesh_123.015
v 30.835600 -14.833600 82.854805
v 30.835600 -14.833600 82.956398
v 30.937201 -14.833600 82.854805
v 30.937201 -16.459200 82.956398
v 30.937201 -16.459200 82.854805
v 30.937201 -14.833600 82.956398
v 30.835600 -16.459200 82.956398
v 30.835600 -16.459200 82.854805
vn -0.0000 1.0000 -0.0000
vn -0.0000 -1.0000 -0.0000
vn -0.0000 -0.0000 -1.0000
vn -0.0000 -0.0000 1.0000
vn 1.0000 -0.0000 -0.0000
vn -1.0000 -0.0000 -0.0000
vt 42.000000 12.062500
vt 41.937500 12.000000
vt 42.000000 12.000000
vt 41.937500 12.062500
vt 11.000000 -8.000000
vt 11.062500 -9.000000
vt 11.000000 -9.000000
vt 11.062500 -8.000000
vt 41.937500 -8.000000
vt 42.000000 -9.000000
vt 41.937500 -9.000000
vt 42.000000 -8.000000
s 1
usemtl materials/dev/reflectivity_30.vmat
f 1384/666/776 1379/667/776 1380/668/776
f 1385/668/777 1383/669/777 1382/666/777
f 1379/670/778 1383/671/778 1386/672/778
f 1385/672/779 1384/673/779 1380/670/779
f 1381/674/780 1382/675/780 1383/676/780
f 1386/676/781 1380/677/781 1379/674/781
f 1384/666/776 1381/669/776 1379/667/776
f 1385/668/777 1386/667/777 1383/669/777
f 1379/670/778 1381/673/778 1383/671/778
f 1385/672/779 1382/671/779 1384/673/779
f 1381/674/780 1384/677/780 1382/675/780
f 1386/676/781 1385/675/781 1380/677/781
o mesh_60.017
v 10.414000 -6.502400 30.886400
v 10.414000 -6.502400 31.292799
v 12.039600 -6.502400 30.886400
v 12.039600 -6.553200 31.292799
v 12.039600 -6.553200 30.886400
v 12.039600 -6.502400 31.292799
v 10.414000 -6.553200 31.292799
v 10.414000 -6.553200 30.886400
vn -0.0000 1.0000 -0.0000
vn -0.0000 -1.0000 -0.0000
vn -0.0000 -0.0000 -1.0000
vn -0.0000 -0.0000 1.0000
vn 1.0000 -0.0000 -0.0000
vn -1.0000 -0.0000 -0.0000
vt 18.000000 7.000000
vt 17.750000 6.000000
vt 18.000000 6.000000
vt 17.750000 7.000000
vt 6.000000 -2.000000
vt 7.000000 -2.031250
vt 6.000000 -2.031250
vt 7.000000 -2.000000
vt 17.750000 -2.000000
vt 18.000000 -2.031250
vt 17.750000 -2.031250
vt 18.000000 -2.000000
s 1
usemtl materials/dev/reflectivity_30.vmat
f 1392/678/782 1387/679/782 1388/680/782
f 1393/680/783 1391/681/783 1390/678/783
f 1387/682/784 1391/683/784 1394/684/784
f 1393/684/785 1392/685/785 1388/682/785
f 1389/686/786 1390/687/786 1391/688/786
f 1394/688/787 1388/689/787 1387/686/787
f 1392/678/782 1389/681/782 1387/679/782
f 1393/680/783 1394/679/783 1391/681/783
f 1387/682/784 1389/685/784 1391/683/784
f 1393/684/785 1390/683/785 1392/685/785
f 1389/686/786 1392/689/786 1390/687/786
f 1394/688/787 1393/687/787 1388/689/787
o mesh_60.011
v 10.007601 -7.721600 32.918400
v 9.601200 -7.721600 32.918400
v 10.007601 -7.721600 34.544003
v 9.601200 -7.772400 34.544003
v 10.007601 -7.772400 34.544003
v 9.601200 -7.721600 34.544003
v 9.601200 -7.772400 32.918400
v 10.007601 -7.772400 32.918400
vn -0.0000 1.0000 -0.0000
vn -0.0000 -1.0000 -0.0000
vn 1.0000 -0.0000 -0.0000
vn -1.0000 -0.0000 -0.0000
vn -0.0000 -0.0000 1.0000
vn -0.0000 -0.0000 -1.0000
vt 18.000000 7.000000
vt 17.750000 6.000000
vt 18.000000 6.000000
vt 17.750000 7.000000
vt 6.000000 -2.000000
vt 7.000000 -2.031250
vt 6.000000 -2.031250
vt 7.000000 -2.000000
vt 17.750000 -2.000000
vt 18.000000 -2.031250
vt 17.750000 -2.031250
vt 18.000000 -2.000000
s 1
usemtl materials/dev/reflectivity_30.vmat
f 1400/690/788 1395/691/788 1396/692/788
f 1401/692/789 1399/693/789 1398/690/789
f 1395/694/790 1399/695/790 1402/696/790
f 1401/696/791 1400/697/791 1396/694/791
f 1397/698/792 1398/699/792 1399/700/792
f 1402/700/793 1396/701/793 1395/698/793
f 1400/690/788 1397/693/788 1395/691/788
f 1401/692/789 1402/691/789 1399/693/789
f 1395/694/790 1397/697/790 1399/695/790
f 1401/696/791 1398/695/791 1400/697/791
f 1397/698/792 1400/701/792 1398/699/792
f 1402/700/793 1401/699/793 1396/701/793
o mesh_123.074
v 16.306801 -14.833600 97.485207
v 16.205200 -14.833600 97.485207
v 16.306801 -14.833600 97.586800
v 16.205200 -16.459200 97.586800
v 16.306801 -16.459200 97.586800
v 16.205200 -14.833600 97.586800
v 16.205200 -16.459200 97.485207
v 16.306801 -16.459200 97.485207
vn -0.0000 1.0000 -0.0000
vn -0.0000 -1.0000 -0.0000
vn 1.0000 -0.0000 -0.0000
vn -1.0000 -0.0000 -0.0000
vn -0.0000 -0.0000 1.0000
vn -0.0000 -0.0000 -1.0000
vt 42.000000 12.062500
vt 41.937500 12.000000
vt 42.000000 12.000000
vt 41.937500 12.062500
vt 11.000000 -8.000000
vt 11.062500 -9.000000
vt 11.000000 -9.000000
vt 11.062500 -8.000000
vt 41.937500 -8.000000
vt 42.000000 -9.000000
vt 41.937500 -9.000000
vt 42.000000 -8.000000
s 1
usemtl materials/dev/reflectivity_30.vmat
f 1408/702/794 1403/703/794 1404/704/794
f 1409/704/795 1407/705/795 1406/702/795
f 1403/706/796 1407/707/796 1410/708/796
f 1409/708/797 1408/709/797 1404/706/797
f 1405/710/798 1406/711/798 1407/712/798
f 1410/712/799 1404/713/799 1403/710/799
f 1408/702/794 1405/705/794 1403/703/794
f 1409/704/795 1410/703/795 1407/705/795
f 1403/706/796 1405/709/796 1407/707/796
f 1409/708/797 1406/707/797 1408/709/797
f 1405/710/798 1408/713/798 1406/711/798
f 1410/712/799 1409/711/799 1404/713/799
o mesh_123.007
v 29.209999 -14.833600 77.978004
v 29.209999 -14.833600 78.079597
v 29.311600 -14.833600 77.978004
v 29.311600 -16.459200 78.079597
v 29.311600 -16.459200 77.978004
v 29.311600 -14.833600 78.079597
v 29.209999 -16.459200 78.079597
v 29.209999 -16.459200 77.978004
vn -0.0000 1.0000 -0.0000
vn -0.0000 -1.0000 -0.0000
vn -0.0000 -0.0000 -1.0000
vn -0.0000 -0.0000 1.0000
vn 1.0000 -0.0000 -0.0000
vn -1.0000 -0.0000 -0.0000
vt 42.000000 12.062500
vt 41.937500 12.000000
vt 42.000000 12.000000
vt 41.937500 12.062500
vt 11.000000 -8.000000
vt 11.062500 -9.000000
vt 11.000000 -9.000000
vt 11.062500 -8.000000
vt 41.937500 -8.000000
vt 42.000000 -9.000000
vt 41.937500 -9.000000
vt 42.000000 -8.000000
s 1
usemtl materials/dev/reflectivity_30.vmat
f 1416/714/800 1411/715/800 1412/716/800
f 1417/716/801 1415/717/801 1414/714/801
f 1411/718/802 1415/719/802 1418/720/802
f 1417/720/803 1416/721/803 1412/718/803
f 1413/722/804 1414/723/804 1415/724/804
f 1418/724/805 1412/725/805 1411/722/805
f 1416/714/800 1413/717/800 1411/715/800
f 1417/716/801 1418/715/801 1415/717/801
f 1411/718/802 1413/721/802 1415/719/802
f 1417/720/803 1414/719/803 1416/721/803
f 1413/722/804 1416/725/804 1414/723/804
f 1418/724/805 1417/723/805 1412/725/805
o mesh_123.072
v 16.306801 -13.207999 99.110802
v 16.205200 -13.207999 99.110802
v 16.306801 -13.207999 99.212395
v 16.205200 -14.833600 99.212395
v 16.306801 -14.833600 99.212395
v 16.205200 -13.207999 99.212395
v 16.205200 -14.833600 99.110802
v 16.306801 -14.833600 99.110802
vn -0.0000 1.0000 -0.0000
vn -0.0000 -1.0000 -0.0000
vn 1.0000 -0.0000 -0.0000
vn -1.0000 -0.0000 -0.0000
vn -0.0000 -0.0000 1.0000
vn -0.0000 -0.0000 -1.0000
vt 42.000000 12.062500
vt 41.937500 12.000000
vt 42.000000 12.000000
vt 41.937500 12.062500
vt 11.000000 -8.000000
vt 11.062500 -9.000000
vt 11.000000 -9.000000
vt 11.062500 -8.000000
vt 41.937500 -8.000000
vt 42.000000 -9.000000
vt 41.937500 -9.000000
vt 42.000000 -8.000000
s 1
usemtl materials/dev/reflectivity_30.vmat
f 1424/726/806 1419/727/806 1420/728/806
f 1425/728/807 1423/729/807 1422/726/807
f 1419/730/808 1423/731/808 1426/732/808
f 1425/732/809 1424/733/809 1420/730/809
f 1421/734/810 1422/735/810 1423/736/810
f 1426/736/811 1420/737/811 1419/734/811
f 1424/726/806 1421/729/806 1419/727/806
f 1425/728/807 1426/727/807 1423/729/807
f 1419/730/808 1421/733/808 1423/731/808
f 1425/732/809 1422/731/809 1424/733/809
f 1421/734/810 1424/737/810 1422/735/810
f 1426/736/811 1425/735/811 1420/737/811
o mesh_123.044
v 26.060400 -9.931399 99.110802
v 25.958799 -9.931399 99.110802
v 26.060400 -9.931399 99.212395
v 25.958799 -11.557000 99.212395
v 26.060400 -11.557000 99.212395
v 25.958799 -9.931399 99.212395
v 25.958799 -11.557000 99.110802
v 26.060400 -11.557000 99.110802
vn -0.0000 1.0000 -0.0000
vn -0.0000 -1.0000 -0.0000
vn 1.0000 -0.0000 -0.0000
vn -1.0000 -0.0000 -0.0000
vn -0.0000 -0.0000 1.0000
vn -0.0000 -0.0000 -1.0000
vt 42.000000 12.062500
vt 41.937500 12.000000
vt 42.000000 12.000000
vt 41.937500 12.062500
vt 11.000000 -8.000000
vt 11.062500 -9.000000
vt 11.000000 -9.000000
vt 11.062500 -8.000000
vt 41.937500 -8.000000
vt 42.000000 -9.000000
vt 41.937500 -9.000000
vt 42.000000 -8.000000
s 1
usemtl materials/dev/reflectivity_30.vmat
f 1432/738/812 1427/739/812 1428/740/812
f 1433/740/813 1431/741/813 1430/738/813
f 1427/742/814 1431/743/814 1434/744/814
f 1433/744/815 1432/745/815 1428/742/815
f 1429/746/816 1430/747/816 1431/748/816
f 1434/748/817 1428/749/817 1427/746/817
f 1432/738/812 1429/741/812 1427/739/812
f 1433/740/813 1434/739/813 1431/741/813
f 1427/742/814 1429/745/814 1431/743/814
f 1433/744/815 1430/743/815 1432/745/815
f 1429/746/816 1432/749/816 1430/747/816
f 1434/748/817 1433/747/817 1428/749/817
o mesh_123.061
v 29.311600 -9.931399 97.485207
v 29.209999 -9.931399 97.485207
v 29.311600 -9.931399 97.586800
v 29.209999 -11.557000 97.586800
v 29.311600 -11.557000 97.586800
v 29.209999 -9.931399 97.586800
v 29.209999 -11.557000 97.485207
v 29.311600 -11.557000 97.485207
vn -0.0000 1.0000 -0.0000
vn -0.0000 -1.0000 -0.0000
vn 1.0000 -0.0000 -0.0000
vn -1.0000 -0.0000 -0.0000
vn -0.0000 -0.0000 1.0000
vn -0.0000 -0.0000 -1.0000
vt 42.000000 12.062500
vt 41.937500 12.000000
vt 42.000000 12.000000
vt 41.937500 12.062500
vt 11.000000 -8.000000
vt 11.062500 -9.000000
vt 11.000000 -9.000000
vt 11.062500 -8.000000
vt 41.937500 -8.000000
vt 42.000000 -9.000000
vt 41.937500 -9.000000
vt 42.000000 -8.000000
s 1
usemtl materials/dev/reflectivity_30.vmat
f 1440/750/818 1435/751/818 1436/752/818
f 1441/752/819 1439/753/819 1438/750/819
f 1435/754/820 1439/755/820 1442/756/820
f 1441/756/821 1440/757/821 1436/754/821
f 1437/758/822 1438/759/822 1439/760/822
f 1442/760/823 1436/761/823 1435/758/823
f 1440/750/818 1437/753/818 1435/751/818
f 1441/752/819 1442/751/819 1439/753/819
f 1435/754/820 1437/757/820 1439/755/820
f 1441/756/821 1438/755/821 1440/757/821
f 1437/758/822 1440/761/822 1438/759/822
f 1442/760/823 1441/759/823 1436/761/823
o mesh_123.059
v 21.183599 -14.833600 99.110802
v 21.081999 -14.833600 99.110802
v 21.183599 -14.833600 99.212395
v 21.081999 -16.459200 99.212395
v 21.183599 -16.459200 99.212395
v 21.081999 -14.833600 99.212395
v 21.081999 -16.459200 99.110802
v 21.183599 -16.459200 99.110802
vn -0.0000 1.0000 -0.0000
vn -0.0000 -1.0000 -0.0000
vn 1.0000 -0.0000 -0.0000
vn -1.0000 -0.0000 -0.0000
vn -0.0000 -0.0000 1.0000
vn -0.0000 -0.0000 -1.0000
vt 42.000000 12.062500
vt 41.937500 12.000000
vt 42.000000 12.000000
vt 41.937500 12.062500
vt 11.000000 -8.000000
vt 11.062500 -9.000000
vt 11.000000 -9.000000
vt 11.062500 -8.000000
vt 41.937500 -8.000000
vt 42.000000 -9.000000
vt 41.937500 -9.000000
vt 42.000000 -8.000000
s 1
usemtl materials/dev/reflectivity_30.vmat
f 1448/762/824 1443/763/824 1444/764/824
f 1449/764/825 1447/765/825 1446/762/825
f 1443/766/826 1447/767/826 1450/768/826
f 1449/768/827 1448/769/827 1444/766/827
f 1445/770/828 1446/771/828 1447/772/828
f 1450/772/829 1444/773/829 1443/770/829
f 1448/762/824 1445/765/824 1443/763/824
f 1449/764/825 1450/763/825 1447/765/825
f 1443/766/826 1445/769/826 1447/767/826
f 1449/768/827 1446/767/827 1448/769/827
f 1445/770/828 1448/773/828 1446/771/828
f 1450/772/829 1449/771/829 1444/773/829
o mesh_287
v 22.758400 0.000001 91.033600
v 22.758402 0.000001 94.284805
v 26.009600 0.000001 91.033600
v 26.009602 -16.459198 94.284805
v 26.009600 -16.459198 91.033600
v 26.009602 0.000001 94.284805
v 22.758402 -16.459198 94.284805
v 22.758400 -16.459198 91.033600
vn -0.0000 1.0000 -0.0000
vn -0.0000 -1.0000 -0.0000
vn -0.0000 -0.0000 -1.0000
vn -0.0000 -0.0000 1.0000
vn 1.0000 -0.0000 -0.0000
vn -1.0000 -0.0000 -0.0000
vt 58.000000 17.000000
vt 56.000000 15.000000
vt 58.000000 15.000000
vt 56.000000 17.000000
vt 14.000000 1.000000
vt 16.000000 -9.124998
vt 14.000000 -9.124998
vt 16.000000 1.000000
vt 56.000000 1.000000
vt 58.000000 -9.124998
vt 56.000000 -9.124998
vt 58.000000 1.000000
s 1
usemtl materials/dev/reflectivity_30.vmat
f 1456/774/830 1451/775/830 1452/776/830
f 1457/776/831 1455/777/831 1454/774/831
f 1451/778/832 1455/779/832 1458/780/832
f 1457/780/833 1456/781/833 1452/778/833
f 1453/782/834 1454/783/834 1455/784/834
f 1458/784/835 1452/785/835 1451/782/835
f 1456/774/830 1453/777/830 1451/775/830
f 1457/776/831 1458/775/831 1455/777/831
f 1451/778/832 1453/781/832 1455/779/832
f 1457/780/833 1454/779/833 1456/781/833
f 1453/782/834 1456/785/834 1454/783/834
f 1458/784/835 1457/783/835 1452/785/835
o mesh_123.057
v 21.183599 -13.207999 97.485207
v 21.081999 -13.207999 97.485207
v 21.183599 -13.207999 97.586800
v 21.081999 -14.833600 97.586800
v 21.183599 -14.833600 97.586800
v 21.081999 -13.207999 97.586800
v 21.081999 -14.833600 97.485207
v 21.183599 -14.833600 97.485207
vn -0.0000 1.0000 -0.0000
vn -0.0000 -1.0000 -0.0000
vn 1.0000 -0.0000 -0.0000
vn -1.0000 -0.0000 -0.0000
vn -0.0000 -0.0000 1.0000
vn -0.0000 -0.0000 -1.0000
vt 42.000000 12.062500
vt 41.937500 12.000000
vt 42.000000 12.000000
vt 41.937500 12.062500
vt 11.000000 -8.000000
vt 11.062500 -9.000000
vt 11.000000 -9.000000
vt 11.062500 -8.000000
vt 41.937500 -8.000000
vt 42.000000 -9.000000
vt 41.937500 -9.000000
vt 42.000000 -8.000000
s 1
usemtl materials/dev/reflectivity_30.vmat
f 1464/786/836 1459/787/836 1460/788/836
f 1465/788/837 1463/789/837 1462/786/837
f 1459/790/838 1463/791/838 1466/792/838
f 1465/792/839 1464/793/839 1460/790/839
f 1461/794/840 1462/795/840 1463/796/840
f 1466/796/841 1460/797/841 1459/794/841
f 1464/786/836 1461/789/836 1459/787/836
f 1465/788/837 1466/787/837 1463/789/837
f 1459/790/838 1461/793/838 1463/791/838
f 1465/792/839 1462/791/839 1464/793/839
f 1461/794/840 1464/797/840 1462/795/840
f 1466/796/841 1465/795/841 1460/797/841
o mesh_123.055
v 21.183599 -11.556999 99.110802
v 21.081999 -11.556999 99.110802
v 21.183599 -11.556999 99.212395
v 21.081999 -13.182600 99.212395
v 21.183599 -13.182600 99.212395
v 21.081999 -11.556999 99.212395
v 21.081999 -13.182600 99.110802
v 21.183599 -13.182600 99.110802
vn -0.0000 1.0000 -0.0000
vn -0.0000 -1.0000 -0.0000
vn 1.0000 -0.0000 -0.0000
vn -1.0000 -0.0000 -0.0000
vn -0.0000 -0.0000 1.0000
vn -0.0000 -0.0000 -1.0000
vt 42.000000 12.062500
vt 41.937500 12.000000
vt 42.000000 12.000000
vt 41.937500 12.062500
vt 11.000000 -8.000000
vt 11.062500 -9.000000
vt 11.000000 -9.000000
vt 11.062500 -8.000000
vt 41.937500 -8.000000
vt 42.000000 -9.000000
vt 41.937500 -9.000000
vt 42.000000 -8.000000
s 1
usemtl materials/dev/reflectivity_30.vmat
f 1472/798/842 1467/799/842 1468/800/842
f 1473/800/843 1471/801/843 1470/798/843
f 1467/802/844 1471/803/844 1474/804/844
f 1473/804/845 1472/805/845 1468/802/845
f 1469/806/846 1470/807/846 1471/808/846
f 1474/808/847 1468/809/847 1467/806/847
f 1472/798/842 1469/801/842 1467/799/842
f 1473/800/843 1474/799/843 1471/801/843
f 1467/802/844 1469/805/844 1471/803/844
f 1473/804/845 1470/803/845 1472/805/845
f 1469/806/846 1472/809/846 1470/807/846
f 1474/808/847 1473/807/847 1468/809/847
o mesh_120
v 29.260801 -13.182600 73.152000
v 29.260801 -13.182600 78.028801
v 30.886400 -13.182600 73.152000
v 30.886400 -13.233400 78.028801
v 30.886400 -13.233400 73.152000
v 30.886400 -13.182600 78.028801
v 29.260801 -13.233400 78.028801
v 29.260801 -13.233400 73.152000
vn -0.0000 1.0000 -0.0000
vn -0.0000 -1.0000 -0.0000
vn -0.0000 -0.0000 -1.0000
vn -0.0000 -0.0000 1.0000
vn 1.0000 -0.0000 -0.0000
vn -1.0000 -0.0000 -0.0000
vt 36.000000 19.000000
vt 33.000000 18.000000
vt 36.000000 18.000000
vt 33.000000 19.000000
vt 17.000000 -8.968750
vt 18.000000 -9.000000
vt 17.000000 -9.000000
vt 18.000000 -8.968750
vt 33.000000 -8.968750
vt 36.000000 -9.000000
vt 33.000000 -9.000000
vt 36.000000 -8.968750
s 1
usemtl materials/dev/reflectivity_30.vmat
f 1480/810/848 1475/811/848 1476/812/848
f 1481/812/849 1479/813/849 1478/810/849
f 1475/814/850 1479/815/850 1482/816/850
f 1481/816/851 1480/817/851 1476/814/851
f 1477/818/852 1478/819/852 1479/820/852
f 1482/820/853 1476/821/853 1475/818/853
f 1480/810/848 1477/813/848 1475/811/848
f 1481/812/849 1482/811/849 1479/813/849
f 1475/814/850 1477/817/850 1479/815/850
f 1481/816/851 1478/815/851 1480/817/851
f 1477/818/852 1480/821/852 1478/819/852
f 1482/820/853 1481/819/853 1476/821/853
o mesh_123.026
v 29.209999 -11.556999 87.731606
v 29.209999 -11.556999 87.833199
v 29.311600 -11.556999 87.731606
v 29.311600 -13.182600 87.833199
v 29.311600 -13.182600 87.731606
v 29.311600 -11.556999 87.833199
v 29.209999 -13.182600 87.833199
v 29.209999 -13.182600 87.731606
vn -0.0000 1.0000 -0.0000
vn -0.0000 -1.0000 -0.0000
vn -0.0000 -0.0000 -1.0000
vn -0.0000 -0.0000 1.0000
vn 1.0000 -0.0000 -0.0000
vn -1.0000 -0.0000 -0.0000
vt 42.000000 12.062500
vt 41.937500 12.000000
vt 42.000000 12.000000
vt 41.937500 12.062500
vt 11.000000 -8.000000
vt 11.062500 -9.000000
vt 11.000000 -9.000000
vt 11.062500 -8.000000
vt 41.937500 -8.000000
vt 42.000000 -9.000000
vt 41.937500 -9.000000
vt 42.000000 -8.000000
s 1
usemtl materials/dev/reflectivity_30.vmat
f 1488/822/854 1483/823/854 1484/824/854
f 1489/824/855 1487/825/855 1486/822/855
f 1483/826/856 1487/827/856 1490/828/856
f 1489/828/857 1488/829/857 1484/826/857
f 1485/830/858 1486/831/858 1487/832/858
f 1490/832/859 1484/833/859 1483/830/859
f 1488/822/854 1485/825/854 1483/823/854
f 1489/824/855 1490/823/855 1487/825/855
f 1483/826/856 1485/829/856 1487/827/856
f 1489/828/857 1486/827/857 1488/829/857
f 1485/830/858 1488/833/858 1486/831/858
f 1490/832/859 1489/831/859 1484/833/859
o mesh_123.053
v 21.183599 -9.931399 97.485207
v 21.081999 -9.931399 97.485207
v 21.183599 -9.931399 97.586800
v 21.081999 -11.557000 97.586800
v 21.183599 -11.557000 97.586800
v 21.081999 -9.931399 97.586800
v 21.081999 -11.557000 97.485207
v 21.183599 -11.557000 97.485207
vn -0.0000 1.0000 -0.0000
vn -0.0000 -1.0000 -0.0000
vn 1.0000 -0.0000 -0.0000
vn -1.0000 -0.0000 -0.0000
vn -0.0000 -0.0000 1.0000
vn -0.0000 -0.0000 -1.0000
vt 42.000000 12.062500
vt 41.937500 12.000000
vt 42.000000 12.000000
vt 41.937500 12.062500
vt 11.000000 -8.000000
vt 11.062500 -9.000000
vt 11.000000 -9.000000
vt 11.062500 -8.000000
vt 41.937500 -8.000000
vt 42.000000 -9.000000
vt 41.937500 -9.000000
vt 42.000000 -8.000000
s 1
usemtl materials/dev/reflectivity_30.vmat
f 1496/834/860 1491/835/860 1492/836/860
f 1497/836/861 1495/837/861 1494/834/861
f 1491/838/862 1495/839/862 1498/840/862
f 1497/840/863 1496/841/863 1492/838/863
f 1493/842/864 1494/843/864 1495/844/864
f 1498/844/865 1492/845/865 1491/842/865
f 1496/834/860 1493/837/860 1491/835/860
f 1497/836/861 1498/835/861 1495/837/861
f 1491/838/862 1493/841/862 1495/839/862
f 1497/840/863 1494/839/863 1496/841/863
f 1493/842/864 1496/845/864 1494/843/864
f 1498/844/865 1497/843/865 1492/845/865
o prop_static_models/dev/dev_cube.vmdl.004
v 26.447636 -14.830997 66.750397
v 26.447886 -16.456598 66.750374
v 24.831093 -16.456842 66.581383
v 24.830843 -14.831243 66.581413
v 26.278898 -16.456650 68.367165
v 26.278648 -14.831049 68.367195
v 24.661856 -14.831294 68.198204
v 24.662106 -16.456894 68.198181
v 24.661856 -14.831294 68.198204
v 24.830843 -14.831243 66.581413
v 24.831093 -16.456842 66.581383
v 24.662106 -16.456894 68.198181
v 26.447636 -14.830997 66.750397
v 26.278648 -14.831049 68.367195
v 26.278898 -16.456650 68.367165
v 26.447886 -16.456598 66.750374
v 24.662106 -16.456894 68.198181
v 24.831093 -16.456842 66.581383
v 26.447886 -16.456598 66.750374
v 26.278898 -16.456650 68.367165
v 24.830843 -14.831243 66.581413
v 24.661856 -14.831294 68.198204
v 26.278648 -14.831049 68.367195
v 26.447636 -14.830997 66.750397
vn 0.1049 -0.0010 -0.9945
vn -0.1040 -0.0000 0.9946
vn -0.9947 -0.0002 -0.1030
vn 0.9945 0.0002 0.1049
vn 0.0001 -1.0000 0.0009
vn -0.0003 1.0000 0.0010
vt -3.000000 -2.500000
vt -3.000000 -2.000000
vt -3.500000 -2.000000
vt -3.500000 -2.500000
vt -2.500000 1.000000
vt -2.500000 1.500000
vt -2.000000 1.500000
vt -2.000000 1.000000
vt -3.500000 1.000000
vt -3.500000 1.500000
vt -3.000000 1.500000
vt -3.000000 1.000000
s 1
usemtl materials/dev/reflectivity_30.vmat
f 1499/846/866 1500/847/866 1501/848/866
f 1499/846/866 1501/848/866 1502/849/866
f 1503/847/867 1504/846/867 1505/849/867
f 1503/847/867 1505/849/867 1506/848/867
f 1507/850/868 1508/851/868 1509/852/868
f 1507/850/868 1509/852/868 1510/853/868
f 1511/851/869 1512/850/869 1513/853/869
f 1511/851/869 1513/853/869 1514/852/869
f 1515/854/870 1516/855/870 1517/856/870
f 1515/854/870 1517/856/870 1518/857/870
f 1519/855/871 1520/854/871 1521/857/871
f 1519/855/871 1521/857/871 1522/856/871
o mesh_120.001
v 29.260801 -9.906000 78.028801
v 29.260801 -9.906000 82.905602
v 30.886400 -9.906000 78.028801
v 30.886400 -9.956800 82.905602
v 30.886400 -9.956800 78.028801
v 30.886400 -9.906000 82.905602
v 29.260801 -9.956800 82.905602
v 29.260801 -9.956800 78.028801
vn -0.0000 1.0000 -0.0000
vn -0.0000 -1.0000 -0.0000
vn -0.0000 -0.0000 -1.0000
vn -0.0000 -0.0000 1.0000
vn 1.0000 -0.0000 -0.0000
vn -1.0000 -0.0000 -0.0000
vt 36.000000 19.000000
vt 33.000000 18.000000
vt 36.000000 18.000000
vt 33.000000 19.000000
vt 17.000000 -8.968750
vt 18.000000 -9.000000
vt 17.000000 -9.000000
vt 18.000000 -8.968750
vt 33.000000 -8.968750
vt 36.000000 -9.000000
vt 33.000000 -9.000000
vt 36.000000 -8.968750
s 1
usemtl materials/dev/reflectivity_30.vmat
f 1528/858/872 1523/859/872 1524/860/872
f 1529/860/873 1527/861/873 1526/858/873
f 1523/862/874 1527/863/874 1530/864/874
f 1529/864/875 1528/865/875 1524/862/875
f 1525/866/876 1526/867/876 1527/868/876
f 1530/868/877 1524/869/877 1523/866/877
f 1528/858/872 1525/861/872 1523/859/872
f 1529/860/873 1530/859/873 1527/861/873
f 1523/862/874 1525/865/874 1527/863/874
f 1529/864/875 1526/863/875 1528/865/875
f 1525/866/876 1528/869/876 1526/867/876
f 1530/868/877 1529/867/877 1524/869/877
o mesh_123.014
v 30.835600 -13.207999 82.854805
v 30.835600 -13.207999 82.956398
v 30.937201 -13.207999 82.854805
v 30.937201 -14.833600 82.956398
v 30.937201 -14.833600 82.854805
v 30.937201 -13.207999 82.956398
v 30.835600 -14.833600 82.956398
v 30.835600 -14.833600 82.854805
vn -0.0000 1.0000 -0.0000
vn -0.0000 -1.0000 -0.0000
vn -0.0000 -0.0000 -1.0000
vn -0.0000 -0.0000 1.0000
vn 1.0000 -0.0000 -0.0000
vn -1.0000 -0.0000 -0.0000
vt 42.000000 12.062500
vt 41.937500 12.000000
vt 42.000000 12.000000
vt 41.937500 12.062500
vt 11.000000 -8.000000
vt 11.062500 -9.000000
vt 11.000000 -9.000000
vt 11.062500 -8.000000
vt 41.937500 -8.000000
vt 42.000000 -9.000000
vt 41.937500 -9.000000
vt 42.000000 -8.000000
s 1
usemtl materials/dev/reflectivity_30.vmat
f 1536/870/878 1531/871/878 1532/872/878
f 1537/872/879 1535/873/879 1534/870/879
f 1531/874/880 1535/875/880 1538/876/880
f 1537/876/881 1536/877/881 1532/874/881
f 1533/878/882 1534/879/882 1535/880/882
f 1538/880/883 1532/881/883 1531/878/883
f 1536/870/878 1533/873/878 1531/871/878
f 1537/872/879 1538/871/879 1535/873/879
f 1531/874/880 1533/877/880 1535/875/880
f 1537/876/881 1534/875/881 1536/877/881
f 1533/878/882 1536/881/882 1534/879/882
f 1538/880/883 1537/879/883 1532/881/883
o mesh_60.005
v 7.569200 -8.940800 32.918400
v 7.162800 -8.940800 32.918400
v 7.569200 -8.940800 34.544003
v 7.162800 -8.991600 34.544003
v 7.569200 -8.991600 34.544003
v 7.162800 -8.940800 34.544003
v 7.162800 -8.991600 32.918400
v 7.569200 -8.991600 32.918400
vn -0.0000 1.0000 -0.0000
vn -0.0000 -1.0000 -0.0000
vn 1.0000 -0.0000 -0.0000
vn -1.0000 -0.0000 -0.0000
vn -0.0000 -0.0000 1.0000
vn -0.0000 -0.0000 -1.0000
vt 18.000000 7.000000
vt 17.750000 6.000000
vt 18.000000 6.000000
vt 17.750000 7.000000
vt 6.000000 -2.000000
vt 7.000000 -2.031250
vt 6.000000 -2.031250
vt 7.000000 -2.000000
vt 17.750000 -2.000000
vt 18.000000 -2.031250
vt 17.750000 -2.031250
vt 18.000000 -2.000000
s 1
usemtl materials/dev/reflectivity_30.vmat
f 1544/882/884 1539/883/884 1540/884/884
f 1545/884/885 1543/885/885 1542/882/885
f 1539/886/886 1543/887/886 1546/888/886
f 1545/888/887 1544/889/887 1540/886/887
f 1541/890/888 1542/891/888 1543/892/888
f 1546/892/889 1540/893/889 1539/890/889
f 1544/882/884 1541/885/884 1539/883/884
f 1545/884/885 1546/883/885 1543/885/885
f 1539/886/886 1541/889/886 1543/887/886
f 1545/888/887 1542/887/887 1544/889/887
f 1541/890/888 1544/893/888 1542/891/888
f 1546/892/889 1545/891/889 1540/893/889
o mesh_60.003
v 6.756400 -9.347200 32.918400
v 6.350000 -9.347200 32.918400
v 6.756400 -9.347200 34.544003
v 6.350000 -9.398001 34.544003
v 6.756400 -9.398001 34.544003
v 6.350000 -9.347200 34.544003
v 6.350000 -9.398001 32.918400
v 6.756400 -9.398001 32.918400
vn -0.0000 1.0000 -0.0000
vn -0.0000 -1.0000 -0.0000
vn 1.0000 -0.0000 -0.0000
vn -1.0000 -0.0000 -0.0000
vn -0.0000 -0.0000 1.0000
vn -0.0000 -0.0000 -1.0000
vt 18.000000 7.000000
vt 17.750000 6.000000
vt 18.000000 6.000000
vt 17.750000 7.000000
vt 6.000000 -2.000000
vt 7.000000 -2.031250
vt 6.000000 -2.031250
vt 7.000000 -2.000000
vt 17.750000 -2.000000
vt 18.000000 -2.031250
vt 17.750000 -2.031250
vt 18.000000 -2.000000
s 1
usemtl materials/dev/reflectivity_30.vmat
f 1552/894/890 1547/895/890 1548/896/890
f 1553/896/891 1551/897/891 1550/894/891
f 1547/898/892 1551/899/892 1554/900/892
f 1553/900/893 1552/901/893 1548/898/893
f 1549/902/894 1550/903/894 1551/904/894
f 1554/904/895 1548/905/895 1547/902/895
f 1552/894/890 1549/897/890 1547/895/890
f 1553/896/891 1554/895/891 1551/897/891
f 1547/898/892 1549/901/892 1551/899/892
f 1553/900/893 1550/899/893 1552/901/893
f 1549/902/894 1552/905/894 1550/903/894
f 1554/904/895 1553/903/895 1548/905/895
o mesh_60.010
v 9.601200 -7.924800 32.918400
v 9.194799 -7.924800 32.918400
v 9.601200 -7.924800 34.544003
v 9.194799 -7.975600 34.544003
v 9.601200 -7.975600 34.544003
v 9.194799 -7.924800 34.544003
v 9.194799 -7.975600 32.918400
v 9.601200 -7.975600 32.918400
vn -0.0000 1.0000 -0.0000
vn -0.0000 -1.0000 -0.0000
vn 1.0000 -0.0000 -0.0000
vn -1.0000 -0.0000 -0.0000
vn -0.0000 -0.0000 1.0000
vn -0.0000 -0.0000 -1.0000
vt 18.000000 7.000000
vt 17.750000 6.000000
vt 18.000000 6.000000
vt 17.750000 7.000000
vt 6.000000 -2.000000
vt 7.000000 -2.031250
vt 6.000000 -2.031250
vt 7.000000 -2.000000
vt 17.750000 -2.000000
vt 18.000000 -2.031250
vt 17.750000 -2.031250
vt 18.000000 -2.000000
s 1
usemtl materials/dev/reflectivity_30.vmat
f 1560/906/896 1555/907/896 1556/908/896
f 1561/908/897 1559/909/897 1558/906/897
f 1555/910/898 1559/911/898 1562/912/898
f 1561/912/899 1560/913/899 1556/910/899
f 1557/914/900 1558/915/900 1559/916/900
f 1562/916/901 1556/917/901 1555/914/901
f 1560/906/896 1557/909/896 1555/907/896
f 1561/908/897 1562/907/897 1559/909/897
f 1555/910/898 1557/913/898 1559/911/898
f 1561/912/899 1558/911/899 1560/913/899
f 1557/914/900 1560/917/900 1558/915/900
f 1562/916/901 1561/915/901 1556/917/901
o mesh_60.001
v 5.943600 -9.753600 32.918400
v 5.537200 -9.753600 32.918400
v 5.943600 -9.753600 34.544003
v 5.537200 -9.804400 34.544003
v 5.943600 -9.804400 34.544003
v 5.537200 -9.753600 34.544003
v 5.537200 -9.804400 32.918400
v 5.943600 -9.804400 32.918400
vn -0.0000 1.0000 -0.0000
vn -0.0000 -1.0000 -0.0000
vn 1.0000 -0.0000 -0.0000
vn -1.0000 -0.0000 -0.0000
vn -0.0000 -0.0000 1.0000
vn -0.0000 -0.0000 -1.0000
vt 18.000000 7.000000
vt 17.750000 6.000000
vt 18.000000 6.000000
vt 17.750000 7.000000
vt 6.000000 -2.000000
vt 7.000000 -2.031250
vt 6.000000 -2.031250
vt 7.000000 -2.000000
vt 17.750000 -2.000000
vt 18.000000 -2.031250
vt 17.750000 -2.031250
vt 18.000000 -2.000000
s 1
usemtl materials/dev/reflectivity_30.vmat
f 1568/918/902 1563/919/902 1564/920/902
f 1569/920/903 1567/921/903 1566/918/903
f 1563/922/904 1567/923/904 1570/924/904
f 1569/924/905 1568/925/905 1564/922/905
f 1565/926/906 1566/927/906 1567/928/906
f 1570/928/907 1564/929/907 1563/926/907
f 1568/918/902 1565/921/902 1563/919/902
f 1569/920/903 1570/919/903 1567/921/903
f 1563/922/904 1565/925/904 1567/923/904
f 1569/924/905 1566/923/905 1568/925/905
f 1565/926/906 1568/929/906 1566/927/906
f 1570/928/907 1569/927/907 1564/929/907
o prop_static_models/dev/dev_cube.vmdl.001
v 10.919325 -9.587601 50.128445
v 13.114267 -9.537347 48.319412
v 9.773755 -10.005992 44.253265
v 7.578812 -10.056246 46.062294
v 13.121380 -9.638531 48.325233
v 10.926436 -9.688785 50.134262
v 7.585925 -10.157430 46.068115
v 9.780867 -10.107176 44.259083
v 7.585925 -10.157430 46.068115
v 7.578812 -10.056246 46.062294
v 9.773755 -10.005992 44.253265
v 9.780867 -10.107176 44.259083
v 10.919325 -9.587601 50.128445
v 10.926436 -9.688785 50.134262
v 13.121380 -9.638531 48.325233
v 13.114267 -9.537347 48.319412
v 9.780867 -10.107176 44.259083
v 9.773755 -10.005992 44.253265
v 13.114267 -9.537347 48.319412
v 13.121380 -9.638531 48.325233
v 7.578812 -10.056246 46.062294
v 7.585925 -10.157430 46.068115
v 10.926436 -9.688785 50.134262
v 10.919325 -9.587601 50.128445
vn -0.0686 0.9960 -0.0571
vn 0.0700 -0.9959 0.0573
vn -0.6322 -0.0897 -0.7696
vn 0.6324 0.0877 0.7697
vn 0.7716 0.0167 -0.6359
vn -0.7715 -0.0186 0.6360
vt -3.000000 -2.500000
vt -3.000000 -2.000000
vt -3.500000 -2.000000
vt -3.500000 -2.500000
vt -2.500000 1.000000
vt -2.500000 1.500000
vt -2.000000 1.500000
vt -2.000000 1.000000
vt -3.500000 1.000000
vt -3.500000 1.500000
vt -3.000000 1.500000
vt -3.000000 1.000000
s 1
usemtl materials/dev/reflectivity_30.vmat
f 1571/930/908 1572/931/908 1573/932/908
f 1571/930/908 1573/932/908 1574/933/908
f 1575/931/909 1576/930/909 1577/933/909
f 1575/931/909 1577/933/909 1578/932/909
f 1579/934/910 1580/935/910 1581/936/910
f 1579/934/910 1581/936/910 1582/937/910
f 1583/935/911 1584/934/911 1585/937/911
f 1583/935/911 1585/937/911 1586/936/911
f 1587/938/912 1588/939/912 1589/940/912
f 1587/938/912 1589/940/912 1590/941/912
f 1591/939/913 1592/938/913 1593/941/913
f 1591/939/913 1593/941/913 1594/940/913
o mesh_120.009
v 30.886400 -9.906000 97.536003
v 26.009600 -9.906000 97.536003
v 30.886400 -9.906000 99.161598
v 26.009600 -9.956800 99.161598
v 30.886400 -9.956800 99.161598
v 26.009600 -9.906000 99.161598
v 26.009600 -9.956800 97.536003
v 30.886400 -9.956800 97.536003
vn -0.0000 1.0000 -0.0000
vn -0.0000 -1.0000 -0.0000
vn 1.0000 -0.0000 -0.0000
vn -1.0000 -0.0000 -0.0000
vn -0.0000 -0.0000 1.0000
vn -0.0000 -0.0000 -1.0000
vt 36.000000 19.000000
vt 33.000000 18.000000
vt 36.000000 18.000000
vt 33.000000 19.000000
vt 17.000000 -8.968750
vt 18.000000 -9.000000
vt 17.000000 -9.000000
vt 18.000000 -8.968750
vt 33.000000 -8.968750
vt 36.000000 -9.000000
vt 33.000000 -9.000000
vt 36.000000 -8.968750
s 1
usemtl materials/dev/reflectivity_30.vmat
f 1600/942/914 1595/943/914 1596/944/914
f 1601/944/915 1599/945/915 1598/942/915
f 1595/946/916 1599/947/916 1602/948/916
f 1601/948/917 1600/949/917 1596/946/917
f 1597/950/918 1598/951/918 1599/952/918
f 1602/952/919 1596/953/919 1595/950/919
f 1600/942/914 1597/945/914 1595/943/914
f 1601/944/915 1602/943/915 1599/945/915
f 1595/946/916 1597/949/916 1599/947/916
f 1601/948/917 1598/947/917 1600/949/917
f 1597/950/918 1600/953/918 1598/951/918
f 1602/952/919 1601/951/919 1596/953/919
o mesh_123.047
v 26.060400 -14.833600 99.110802
v 25.958799 -14.833600 99.110802
v 26.060400 -14.833600 99.212395
v 25.958799 -16.459200 99.212395
v 26.060400 -16.459200 99.212395
v 25.958799 -14.833600 99.212395
v 25.958799 -16.459200 99.110802
v 26.060400 -16.459200 99.110802
vn -0.0000 1.0000 -0.0000
vn -0.0000 -1.0000 -0.0000
vn 1.0000 -0.0000 -0.0000
vn -1.0000 -0.0000 -0.0000
vn -0.0000 -0.0000 1.0000
vn -0.0000 -0.0000 -1.0000
vt 42.000000 12.062500
vt 41.937500 12.000000
vt 42.000000 12.000000
vt 41.937500 12.062500
vt 11.000000 -8.000000
vt 11.062500 -9.000000
vt 11.000000 -9.000000
vt 11.062500 -8.000000
vt 41.937500 -8.000000
vt 42.000000 -9.000000
vt 41.937500 -9.000000
vt 42.000000 -8.000000
s 1
usemtl materials/dev/reflectivity_30.vmat
f 1608/954/920 1603/955/920 1604/956/920
f 1609/956/921 1607/957/921 1606/954/921
f 1603/958/922 1607/959/922 1610/960/922
f 1609/960/923 1608/961/923 1604/958/923
f 1605/962/924 1606/963/924 1607/964/924
f 1610/964/925 1604/965/925 1603/962/925
f 1608/954/920 1605/957/920 1603/955/920
f 1609/956/921 1610/955/921 1607/957/921
f 1603/958/922 1605/961/922 1607/959/922
f 1609/960/923 1606/959/923 1608/961/923
f 1605/962/924 1608/965/924 1606/963/924
f 1610/964/925 1609/963/925 1604/965/925
o mesh_123.043
v 30.937201 -9.931399 97.485207
v 30.835600 -9.931399 97.485207
v 30.937201 -9.931399 97.586800
v 30.835600 -11.557000 97.586800
v 30.937201 -11.557000 97.586800
v 30.835600 -9.931399 97.586800
v 30.835600 -11.557000 97.485207
v 30.937201 -11.557000 97.485207
vn -0.0000 1.0000 -0.0000
vn -0.0000 -1.0000 -0.0000
vn 1.0000 -0.0000 -0.0000
vn -1.0000 -0.0000 -0.0000
vn -0.0000 -0.0000 1.0000
vn -0.0000 -0.0000 -1.0000
vt 42.000000 12.062500
vt 41.937500 12.000000
vt 42.000000 12.000000
vt 41.937500 12.062500
vt 11.000000 -8.000000
vt 11.062500 -9.000000
vt 11.000000 -9.000000
vt 11.062500 -8.000000
vt 41.937500 -8.000000
vt 42.000000 -9.000000
vt 41.937500 -9.000000
vt 42.000000 -8.000000
s 1
usemtl materials/dev/reflectivity_30.vmat
f 1616/966/926 1611/967/926 1612/968/926
f 1617/968/927 1615/969/927 1614/966/927
f 1611/970/928 1615/971/928 1618/972/928
f 1617/972/929 1616/973/929 1612/970/929
f 1613/974/930 1614/975/930 1615/976/930
f 1618/976/931 1612/977/931 1611/974/931
f 1616/966/926 1613/969/926 1611/967/926
f 1617/968/927 1618/967/927 1615/969/927
f 1611/970/928 1613/973/928 1615/971/928
f 1617/972/929 1614/971/929 1616/973/929
f 1613/974/930 1616/977/930 1614/975/930
f 1618/976/931 1617/975/931 1612/977/931
o mesh_46
v 0.404949 25.601978 0.405061
v 0.404947 26.414778 -0.407739
v -0.407851 26.414778 0.405063
v -0.407853 26.414778 -0.407737
v -0.407853 25.601978 -0.407737
v -0.407851 25.601978 0.405063
v 0.404947 25.601978 -0.407739
v 0.404949 26.414778 0.405061
vn -0.0000 1.0000 -0.0000
vn -0.0000 -0.0000 1.0000
vn -1.0000 -0.0000 -0.0000
vn -0.0000 -1.0000 -0.0000
vn -0.0000 -0.0000 -1.0000
vn 1.0000 -0.0000 -0.0000
vt 0.000000 -3.000000
vt -2.000000 -5.000000
vt 0.000000 -5.000000
vt -5.000000 5.000000
vt -3.000000 3.000000
vt -5.000000 3.000000
vt -2.000000 5.000000
vt 0.000000 3.000000
vt -2.000000 3.000000
vt -2.000000 -3.000000
vt -5.000000 3.000000
vt -3.000000 5.000000
vt -5.000000 5.000000
vt -2.000000 3.000000
vt 0.000000 5.000000
vt -2.000000 5.000000
s 1
usemtl materials/tools_postprocess_volume.vmat
f 1622/978/932 1626/979/932 1620/980/932
f 1626/981/933 1624/982/933 1619/983/933
f 1621/984/934 1623/985/934 1624/986/934
f 1625/980/935 1624/987/935 1623/978/935
f 1625/988/936 1622/989/936 1620/990/936
f 1619/991/937 1620/992/937 1626/993/937
f 1622/978/932 1621/987/932 1626/979/932
f 1626/981/933 1621/989/933 1624/982/933
f 1621/984/934 1622/992/934 1623/985/934
f 1625/980/935 1619/979/935 1624/987/935
f 1625/988/936 1623/982/936 1622/989/936
f 1619/991/937 1625/985/937 1620/992/937
o mesh_60.029
v 10.414000 -5.486400 23.571201
v 10.414000 -5.486400 23.977600
v 12.039600 -5.486400 23.571201
v 12.039600 -5.537200 23.977600
v 12.039600 -5.537200 23.571201
v 12.039600 -5.486400 23.977600
v 10.414000 -5.537200 23.977600
v 10.414000 -5.537200 23.571201
vn -0.0000 1.0000 -0.0000
vn -0.0000 -1.0000 -0.0000
vn -0.0000 -0.0000 -1.0000
vn -0.0000 -0.0000 1.0000
vn 1.0000 -0.0000 -0.0000
vn -1.0000 -0.0000 -0.0000
vt 18.000000 7.000000
vt 17.750000 6.000000
vt 18.000000 6.000000
vt 17.750000 7.000000
vt 6.000000 -2.000000
vt 7.000000 -2.031250
vt 6.000000 -2.031250
vt 7.000000 -2.000000
vt 17.750000 -2.000000
vt 18.000000 -2.031250
vt 17.750000 -2.031250
vt 18.000000 -2.000000
s 1
usemtl materials/dev/reflectivity_30.vmat
f 1632/994/938 1627/995/938 1628/996/938
f 1633/996/939 1631/997/939 1630/994/939
f 1627/998/940 1631/999/940 1634/1000/940
f 1633/1000/941 1632/1001/941 1628/998/941
f 1629/1002/942 1630/1003/942 1631/1004/942
f 1634/1004/943 1628/1005/943 1627/1002/943
f 1632/994/938 1629/997/938 1627/995/938
f 1633/996/939 1634/995/939 1631/997/939
f 1627/998/940 1629/1001/940 1631/999/940
f 1633/1000/941 1630/999/941 1632/1001/941
f 1629/1002/942 1632/1005/942 1630/1003/942
f 1634/1004/943 1633/1003/943 1628/1005/943
o mesh_60.004
v 7.162800 -9.144000 32.918400
v 6.756400 -9.144000 32.918400
v 7.162800 -9.144000 34.544003
v 6.756400 -9.194800 34.544003
v 7.162800 -9.194800 34.544003
v 6.756400 -9.144000 34.544003
v 6.756400 -9.194800 32.918400
v 7.162800 -9.194800 32.918400
vn -0.0000 1.0000 -0.0000
vn -0.0000 -1.0000 -0.0000
vn 1.0000 -0.0000 -0.0000
vn -1.0000 -0.0000 -0.0000
vn -0.0000 -0.0000 1.0000
vn -0.0000 -0.0000 -1.0000
vt 18.000000 7.000000
vt 17.750000 6.000000
vt 18.000000 6.000000
vt 17.750000 7.000000
vt 6.000000 -2.000000
vt 7.000000 -2.031250
vt 6.000000 -2.031250
vt 7.000000 -2.000000
vt 17.750000 -2.000000
vt 18.000000 -2.031250
vt 17.750000 -2.031250
vt 18.000000 -2.000000
s 1
usemtl materials/dev/reflectivity_30.vmat
f 1640/1006/944 1635/1007/944 1636/1008/944
f 1641/1008/945 1639/1009/945 1638/1006/945
f 1635/1010/946 1639/1011/946 1642/1012/946
f 1641/1012/947 1640/1013/947 1636/1010/947
f 1637/1014/948 1638/1015/948 1639/1016/948
f 1642/1016/949 1636/1017/949 1635/1014/949
f 1640/1006/944 1637/1009/944 1635/1007/944
f 1641/1008/945 1642/1007/945 1639/1009/945
f 1635/1010/946 1637/1013/946 1639/1011/946
f 1641/1012/947 1638/1011/947 1640/1013/947
f 1637/1014/948 1640/1017/948 1638/1015/948
f 1642/1016/949 1641/1015/949 1636/1017/949
o mesh_123.025
v 29.209999 -14.833600 87.731606
v 29.209999 -14.833600 87.833199
v 29.311600 -14.833600 87.731606
v 29.311600 -16.459200 87.833199
v 29.311600 -16.459200 87.731606
v 29.311600 -14.833600 87.833199
v 29.209999 -16.459200 87.833199
v 29.209999 -16.459200 87.731606
vn -0.0000 1.0000 -0.0000
vn -0.0000 -1.0000 -0.0000
vn -0.0000 -0.0000 -1.0000
vn -0.0000 -0.0000 1.0000
vn 1.0000 -0.0000 -0.0000
vn -1.0000 -0.0000 -0.0000
vt 42.000000 12.062500
vt 41.937500 12.000000
vt 42.000000 12.000000
vt 41.937500 12.062500
vt 11.000000 -8.000000
vt 11.062500 -9.000000
vt 11.000000 -9.000000
vt 11.062500 -8.000000
vt 41.937500 -8.000000
vt 42.000000 -9.000000
vt 41.937500 -9.000000
vt 42.000000 -8.000000
s 1
usemtl materials/dev/reflectivity_30.vmat
f 1648/1018/950 1643/1019/950 1644/1020/950
f 1649/1020/951 1647/1021/951 1646/1018/951
f 1643/1022/952 1647/1023/952 1650/1024/952
f 1649/1024/953 1648/1025/953 1644/1022/953
f 1645/1026/954 1646/1027/954 1647/1028/954
f 1650/1028/955 1644/1029/955 1643/1026/955
f 1648/1018/950 1645/1021/950 1643/1019/950
f 1649/1020/951 1650/1019/951 1647/1021/951
f 1643/1022/952 1645/1025/952 1647/1023/952
f 1649/1024/953 1646/1023/953 1648/1025/953
f 1645/1026/954 1648/1029/954 1646/1027/954
f 1650/1028/955 1649/1027/955 1644/1029/955
o mesh_120.013
v 21.132801 -9.906000 97.536003
v 16.256001 -9.906000 97.536003
v 21.132801 -9.906000 99.161598
v 16.256001 -9.956800 99.161598
v 21.132801 -9.956800 99.161598
v 16.256001 -9.906000 99.161598
v 16.256001 -9.956800 97.536003
v 21.132801 -9.956800 97.536003
vn -0.0000 1.0000 -0.0000
vn -0.0000 -1.0000 -0.0000
vn 1.0000 -0.0000 -0.0000
vn -1.0000 -0.0000 -0.0000
vn -0.0000 -0.0000 1.0000
vn -0.0000 -0.0000 -1.0000
vt 36.000000 19.000000
vt 33.000000 18.000000
vt 36.000000 18.000000
vt 33.000000 19.000000
vt 17.000000 -8.968750
vt 18.000000 -9.000000
vt 17.000000 -9.000000
vt 18.000000 -8.968750
vt 33.000000 -8.968750
vt 36.000000 -9.000000
vt 33.000000 -9.000000
vt 36.000000 -8.968750
s 1
usemtl materials/dev/reflectivity_30.vmat
f 1656/1030/956 1651/1031/956 1652/1032/956
f 1657/1032/957 1655/1033/957 1654/1030/957
f 1651/1034/958 1655/1035/958 1658/1036/958
f 1657/1036/959 1656/1037/959 1652/1034/959
f 1653/1038/960 1654/1039/960 1655/1040/960
f 1658/1040/961 1652/1041/961 1651/1038/961
f 1656/1030/956 1653/1033/956 1651/1031/956
f 1657/1032/957 1658/1031/957 1655/1033/957
f 1651/1034/958 1653/1037/958 1655/1035/958
f 1657/1036/959 1654/1035/959 1656/1037/959
f 1653/1038/960 1656/1041/960 1654/1039/960
f 1658/1040/961 1657/1039/961 1652/1041/961
o mesh_58
v -6.502401 -9.753601 27.635201
v -6.502399 -9.753601 50.393600
v 13.004799 -9.753601 27.635201
v 13.004801 -77.216003 50.393600
v 13.004799 -77.216003 27.635201
v 13.004801 -9.753601 50.393600
v -6.502399 -77.216003 50.393600
v -6.502401 -77.216003 27.635201
v -5.815877 -9.753601 28.436146
v -5.815875 -9.753601 49.592655
v 12.318276 -9.753601 49.592655
v 12.318274 -9.753601 28.436146
v -5.815877 -10.160000 28.436146
v -5.815875 -10.160000 49.592655
v 12.318276 -10.160000 49.592655
v 12.318274 -10.160000 28.436146
vn -0.0000 1.0000 -0.0000
vn -0.0000 -1.0000 -0.0000
vn -0.0000 -0.0000 -1.0000
vn -0.0000 -0.0000 1.0000
vn 1.0000 -0.0000 -0.0000
vn -1.0000 -0.0000 -0.0000
vt 8.492707 -2.577680
vt 8.000000 9.000000
vt 8.000000 -3.000000
vt 31.000000 -3.000000
vt 17.000000 9.000000
vt 31.000000 9.000000
vt -4.000000 -5.000000
vt 8.000000 -46.500000
vt -4.000000 -46.500000
vt 8.000000 -5.000000
vt 17.000000 -5.000000
vt 31.000000 -46.500000
vt 17.000000 -46.500000
vt 31.000000 -5.000000
vt 0.000000 1.000000
vt 21.507294 -2.577680
vt 22.000000 -3.000000
vt 21.507294 8.577680
vt 22.000000 9.000000
vt 8.492707 8.577680
vt 17.000000 -3.000000
s 1
usemtl materials/dev/reflectivity_30.vmat
f 1667/1042/962 1661/1043/962 1659/1044/962
f 1665/1045/963 1663/1046/963 1662/1047/963
f 1659/1048/964 1663/1049/964 1666/1050/964
f 1665/1050/965 1664/1051/965 1660/1048/965
f 1661/1052/966 1662/1053/966 1663/1054/966
f 1666/1054/967 1660/1055/967 1659/1052/967
f 1671/1056/965 1670/1056/965 1667/1056/965
f 1668/1057/962 1659/1044/962 1660/1058/962
f 1669/1059/962 1660/1058/962 1664/1060/962
f 1670/1061/962 1664/1060/962 1661/1043/962
f 1673/1059/962 1671/1042/962 1672/1057/962
f 1672/1056/966 1667/1056/966 1668/1056/966
f 1673/1056/964 1668/1056/964 1669/1056/964
f 1674/1056/967 1669/1056/967 1670/1056/967
f 1667/1042/962 1670/1061/962 1661/1043/962
f 1665/1045/963 1666/1062/963 1663/1046/963
f 1659/1048/964 1661/1051/964 1663/1049/964
f 1665/1050/965 1662/1049/965 1664/1051/965
f 1661/1052/966 1664/1055/966 1662/1053/966
f 1666/1054/967 1665/1053/967 1660/1055/967
f 1671/1056/965 1674/1056/965 1670/1056/965
f 1668/1057/962 1667/1042/962 1659/1044/962
f 1669/1059/962 1668/1057/962 1660/1058/962
f 1670/1061/962 1669/1059/962 1664/1060/962
f 1673/1059/962 1674/1061/962 1671/1042/962
f 1672/1056/966 1671/1056/966 1667/1056/966
f 1673/1056/964 1672/1056/964 1668/1056/964
f 1674/1056/967 1673/1056/967 1669/1056/967
o mesh_120.004
v 29.260801 -13.182600 82.905602
v 29.260801 -13.182600 87.782402
v 30.886400 -13.182600 82.905602
v 30.886400 -13.233400 87.782402
v 30.886400 -13.233400 82.905602
v 30.886400 -13.182600 87.782402
v 29.260801 -13.233400 87.782402
v 29.260801 -13.233400 82.905602
vn -0.0000 1.0000 -0.0000
vn -0.0000 -1.0000 -0.0000
vn -0.0000 -0.0000 -1.0000
vn -0.0000 -0.0000 1.0000
vn 1.0000 -0.0000 -0.0000
vn -1.0000 -0.0000 -0.0000
vt 36.000000 19.000000
vt 33.000000 18.000000
vt 36.000000 18.000000
vt 33.000000 19.000000
vt 17.000000 -8.968750
vt 18.000000 -9.000000
vt 17.000000 -9.000000
vt 18.000000 -8.968750
vt 33.000000 -8.968750
vt 36.000000 -9.000000
vt 33.000000 -9.000000
vt 36.000000 -8.968750
s 1
usemtl materials/dev/reflectivity_30.vmat
f 1680/1063/968 1675/1064/968 1676/1065/968
f 1681/1065/969 1679/1066/969 1678/1063/969
f 1675/1067/970 1679/1068/970 1682/1069/970
f 1681/1069/971 1680/1070/971 1676/1067/971
f 1677/1071/972 1678/1072/972 1679/1073/972
f 1682/1073/973 1676/1074/973 1675/1071/973
f 1680/1063/968 1677/1066/968 1675/1064/968
f 1681/1065/969 1682/1064/969 1679/1066/969
f 1675/1067/970 1677/1070/970 1679/1068/970
f 1681/1069/971 1678/1068/971 1680/1070/971
f 1677/1071/972 1680/1074/972 1678/1072/972
f 1682/1073/973 1681/1072/973 1676/1074/973
o mesh_60.015
v 10.414000 -6.908800 31.699200
v 10.414000 -6.908800 32.105598
v 12.039600 -6.908800 31.699200
v 12.039600 -6.959600 32.105598
v 12.039600 -6.959600 31.699200
v 12.039600 -6.908800 32.105598
v 10.414000 -6.959600 32.105598
v 10.414000 -6.959600 31.699200
vn -0.0000 1.0000 -0.0000
vn -0.0000 -1.0000 -0.0000
vn -0.0000 -0.0000 -1.0000
vn -0.0000 -0.0000 1.0000
vn 1.0000 -0.0000 -0.0000
vn -1.0000 -0.0000 -0.0000
vt 18.000000 7.000000
vt 17.750000 6.000000
vt 18.000000 6.000000
vt 17.750000 7.000000
vt 6.000000 -2.000000
vt 7.000000 -2.031250
vt 6.000000 -2.031250
vt 7.000000 -2.000000
vt 17.750000 -2.000000
vt 18.000000 -2.031250
vt 17.750000 -2.031250
vt 18.000000 -2.000000
s 1
usemtl materials/dev/reflectivity_30.vmat
f 1688/1075/974 1683/1076/974 1684/1077/974
f 1689/1077/975 1687/1078/975 1686/1075/975
f 1683/1079/976 1687/1080/976 1690/1081/976
f 1689/1081/977 1688/1082/977 1684/1079/977
f 1685/1083/978 1686/1084/978 1687/1085/978
f 1690/1085/979 1684/1086/979 1683/1083/979
f 1688/1075/974 1685/1078/974 1683/1076/974
f 1689/1077/975 1690/1076/975 1687/1078/975
f 1683/1079/976 1685/1082/976 1687/1080/976
f 1689/1081/977 1686/1080/977 1688/1082/977
f 1685/1083/978 1688/1086/978 1686/1084/978
f 1690/1085/979 1689/1084/979 1684/1086/979
o mesh_60.009
v 9.194800 -8.128000 32.918400
v 8.788400 -8.128000 32.918400
v 9.194800 -8.128000 34.544003
v 8.788400 -8.178801 34.544003
v 9.194800 -8.178801 34.544003
v 8.788400 -8.128000 34.544003
v 8.788400 -8.178801 32.918400
v 9.194800 -8.178801 32.918400
vn -0.0000 1.0000 -0.0000
vn -0.0000 -1.0000 -0.0000
vn 1.0000 -0.0000 -0.0000
vn -1.0000 -0.0000 -0.0000
vn -0.0000 -0.0000 1.0000
vn -0.0000 -0.0000 -1.0000
vt 18.000000 7.000000
vt 17.750000 6.000000
vt 18.000000 6.000000
vt 17.750000 7.000000
vt 6.000000 -2.000000
vt 7.000000 -2.031250
vt 6.000000 -2.031250
vt 7.000000 -2.000000
vt 17.750000 -2.000000
vt 18.000000 -2.031250
vt 17.750000 -2.031250
vt 18.000000 -2.000000
s 1
usemtl materials/dev/reflectivity_30.vmat
f 1696/1087/980 1691/1088/980 1692/1089/980
f 1697/1089/981 1695/1090/981 1694/1087/981
f 1691/1091/982 1695/1092/982 1698/1093/982
f 1697/1093/983 1696/1094/983 1692/1091/983
f 1693/1095/984 1694/1096/984 1695/1097/984
f 1698/1097/985 1692/1098/985 1691/1095/985
f 1696/1087/980 1693/1090/980 1691/1088/980
f 1697/1089/981 1698/1088/981 1695/1090/981
f 1691/1091/982 1693/1094/982 1695/1092/982
f 1697/1093/983 1694/1092/983 1696/1094/983
f 1693/1095/984 1696/1098/984 1694/1096/984
f 1698/1097/985 1697/1096/985 1692/1098/985
o mesh_120.014
v 21.132801 -13.182600 97.536003
v 16.256001 -13.182600 97.536003
v 21.132801 -13.182600 99.161598
v 16.256001 -13.233400 99.161598
v 21.132801 -13.233400 99.161598
v 16.256001 -13.182600 99.161598
v 16.256001 -13.233400 97.536003
v 21.132801 -13.233400 97.536003
vn -0.0000 1.0000 -0.0000
vn -0.0000 -1.0000 -0.0000
vn 1.0000 -0.0000 -0.0000
vn -1.0000 -0.0000 -0.0000
vn -0.0000 -0.0000 1.0000
vn -0.0000 -0.0000 -1.0000
vt 36.000000 19.000000
vt 33.000000 18.000000
vt 36.000000 18.000000
vt 33.000000 19.000000
vt 17.000000 -8.968750
vt 18.000000 -9.000000
vt 17.000000 -9.000000
vt 18.000000 -8.968750
vt 33.000000 -8.968750
vt 36.000000 -9.000000
vt 33.000000 -9.000000
vt 36.000000 -8.968750
s 1
usemtl materials/dev/reflectivity_30.vmat
f 1704/1099/986 1699/1100/986 1700/1101/986
f 1705/1101/987 1703/1102/987 1702/1099/987
f 1699/1103/988 1703/1104/988 1706/1105/988
f 1705/1105/989 1704/1106/989 1700/1103/989
f 1701/1107/990 1702/1108/990 1703/1109/990
f 1706/1109/991 1700/1110/991 1699/1107/991
f 1704/1099/986 1701/1102/986 1699/1100/986
f 1705/1101/987 1706/1100/987 1703/1102/987
f 1699/1103/988 1701/1106/988 1703/1104/988
f 1705/1105/989 1702/1104/989 1704/1106/989
f 1701/1107/990 1704/1110/990 1702/1108/990
f 1706/1109/991 1705/1108/991 1700/1110/991
o mesh_123.037
v 30.937201 -11.556999 99.110802
v 30.835600 -11.556999 99.110802
v 30.937201 -11.556999 99.212395
v 30.835600 -13.182600 99.212395
v 30.937201 -13.182600 99.212395
v 30.835600 -11.556999 99.212395
v 30.835600 -13.182600 99.110802
v 30.937201 -13.182600 99.110802
vn -0.0000 1.0000 -0.0000
vn -0.0000 -1.0000 -0.0000
vn 1.0000 -0.0000 -0.0000
vn -1.0000 -0.0000 -0.0000
vn -0.0000 -0.0000 1.0000
vn -0.0000 -0.0000 -1.0000
vt 42.000000 12.062500
vt 41.937500 12.000000
vt 42.000000 12.000000
vt 41.937500 12.062500
vt 11.000000 -8.000000
vt 11.062500 -9.000000
vt 11.000000 -9.000000
vt 11.062500 -8.000000
vt 41.937500 -8.000000
vt 42.000000 -9.000000
vt 41.937500 -9.000000
vt 42.000000 -8.000000
s 1
usemtl materials/dev/reflectivity_30.vmat
f 1712/1111/992 1707/1112/992 1708/1113/992
f 1713/1113/993 1711/1114/993 1710/1111/993
f 1707/1115/994 1711/1116/994 1714/1117/994
f 1713/1117/995 1712/1118/995 1708/1115/995
f 1709/1119/996 1710/1120/996 1711/1121/996
f 1714/1121/997 1708/1122/997 1707/1119/997
f 1712/1111/992 1709/1114/992 1707/1112/992
f 1713/1113/993 1714/1112/993 1711/1114/993
f 1707/1115/994 1709/1118/994 1711/1116/994
f 1713/1117/995 1710/1116/995 1712/1118/995
f 1709/1119/996 1712/1122/996 1710/1120/996
f 1714/1121/997 1713/1120/997 1708/1122/997
o mesh_304
v -26.352863 -9.753601 84.130730
v -26.352863 -9.753601 104.438873
v 11.722462 -9.753601 84.130730
v 11.722464 -77.216003 104.438873
v 11.722462 -77.216003 84.130730
v 11.722464 -9.753601 104.438873
v -26.352863 -77.216003 104.438873
v -26.352863 -77.216003 84.130730
v -25.666338 -9.753601 84.931679
v -25.666338 -9.753601 103.637932
v 11.035939 -9.753601 103.637924
v 11.035937 -9.753601 84.931671
v -25.666338 -10.160000 84.931679
v -25.666338 -10.160000 103.637932
v 11.035939 -10.160000 103.637924
v 11.035937 -10.160000 84.931671
vn -0.0000 1.0000 -0.0000
vn -0.0000 -1.0000 -0.0000
vn -0.0000 -0.0000 -1.0000
vn -0.0000 -0.0000 1.0000
vn 1.0000 -0.0000 -0.0000
vn -1.0000 -0.0000 -0.0000
vt 52.753647 8.211161
vt 53.246357 -14.788839
vt 53.246357 7.788840
vt 64.246353 -15.211161
vt 51.753647 8.211161
vt 64.246353 8.211161
vt -15.211163 -5.999997
vt 8.211161 -47.500000
vt -15.211163 -47.500000
vt -15.211163 -47.500004
vt 8.211161 -6.000000
vt -15.211163 -6.000000
vt 51.753647 -5.000000
vt 64.246353 -46.500000
vt 51.753647 -46.500000
vt 64.246353 -5.000000
vt 6.530794 2.973605
vt 6.530794 0.151395
vt 63.753628 -14.788839
vt 51.753624 -15.211161
vt 64.246330 -15.211161
vt 63.753647 -14.788839
vt 52.246353 7.788840
vt 63.753647 7.788840
vt 52.246353 -14.788839
vt 7.969206 2.973605
vt 7.969206 0.151395
vt 52.753647 -15.211161
vt 51.753647 -15.211161
vt 8.211161 -5.999997
vt 8.211161 -47.500004
vt 52.246334 -14.788839
s 1
usemtl materials/dev/reflectivity_30.vmat
f 1717/1123/998 1723/1124/998 1726/1125/998
f 1721/1126/999 1719/1127/999 1718/1128/999
f 1715/1129/1000 1719/1130/1000 1722/1131/1000
f 1721/1132/1001 1720/1133/1001 1716/1134/1001
f 1717/1135/1002 1718/1136/1002 1719/1137/1002
f 1722/1137/1003 1716/1138/1003 1715/1135/1003
f 1727/1139/1001 1726/1140/1001 1723/1139/1001
f 1724/1141/998 1715/1142/998 1716/1143/998
f 1720/1128/998 1724/1144/998 1716/1126/998
f 1726/1145/998 1720/1128/998 1717/1127/998
f 1729/1146/998 1727/1147/998 1728/1144/998
f 1728/1148/1002 1723/1139/1002 1724/1148/1002
f 1729/1149/1000 1724/1148/1000 1725/1149/1000
f 1730/1140/1003 1725/1149/1003 1726/1140/1003
f 1717/1123/998 1715/1150/998 1723/1124/998
f 1721/1126/999 1722/1151/999 1719/1127/999
f 1715/1129/1000 1717/1152/1000 1719/1130/1000
f 1721/1132/1001 1718/1153/1001 1720/1133/1001
f 1717/1135/1002 1720/1138/1002 1718/1136/1002
f 1722/1137/1003 1721/1136/1003 1716/1138/1003
f 1727/1139/1001 1730/1140/1001 1726/1140/1001
f 1724/1141/998 1723/1154/998 1715/1142/998
f 1720/1128/998 1725/1146/998 1724/1144/998
f 1726/1145/998 1725/1146/998 1720/1128/998
f 1729/1146/998 1730/1145/998 1727/1147/998
f 1728/1148/1002 1727/1139/1002 1723/1139/1002
f 1729/1149/1000 1728/1148/1000 1724/1148/1000
f 1730/1140/1003 1729/1149/1003 1725/1149/1003
o mesh_123.046
v 26.060400 -13.207999 99.110802
v 25.958799 -13.207999 99.110802
v 26.060400 -13.207999 99.212395
v 25.958799 -14.833600 99.212395
v 26.060400 -14.833600 99.212395
v 25.958799 -13.207999 99.212395
v 25.958799 -14.833600 99.110802
v 26.060400 -14.833600 99.110802
vn -0.0000 1.0000 -0.0000
vn -0.0000 -1.0000 -0.0000
vn 1.0000 -0.0000 -0.0000
vn -1.0000 -0.0000 -0.0000
vn -0.0000 -0.0000 1.0000
vn -0.0000 -0.0000 -1.0000
vt 42.000000 12.062500
vt 41.937500 12.000000
vt 42.000000 12.000000
vt 41.937500 12.062500
vt 11.000000 -8.000000
vt 11.062500 -9.000000
vt 11.000000 -9.000000
vt 11.062500 -8.000000
vt 41.937500 -8.000000
vt 42.000000 -9.000000
vt 41.937500 -9.000000
vt 42.000000 -8.000000
s 1
usemtl materials/dev/reflectivity_30.vmat
f 1736/1155/1004 1731/1156/1004 1732/1157/1004
f 1737/1157/1005 1735/1158/1005 1734/1155/1005
f 1731/1159/1006 1735/1160/1006 1738/1161/1006
f 1737/1161/1007 1736/1162/1007 1732/1159/1007
f 1733/1163/1008 1734/1164/1008 1735/1165/1008
f 1738/1165/1009 1732/1166/1009 1731/1163/1009
f 1736/1155/1004 1733/1158/1004 1731/1156/1004
f 1737/1157/1005 1738/1156/1005 1735/1158/1005
f 1731/1159/1006 1733/1162/1006 1735/1160/1006
f 1737/1161/1007 1734/1160/1007 1736/1162/1007
f 1733/1163/1008 1736/1166/1008 1734/1164/1008
f 1738/1165/1009 1737/1164/1009 1732/1166/1009
o mesh_120.003
v 29.260801 -9.906000 82.905602
v 29.260801 -9.906000 87.782402
v 30.886400 -9.906000 82.905602
v 30.886400 -9.956800 87.782402
v 30.886400 -9.956800 82.905602
v 30.886400 -9.906000 87.782402
v 29.260801 -9.956800 87.782402
v 29.260801 -9.956800 82.905602
vn -0.0000 1.0000 -0.0000
vn -0.0000 -1.0000 -0.0000
vn -0.0000 -0.0000 -1.0000
vn -0.0000 -0.0000 1.0000
vn 1.0000 -0.0000 -0.0000
vn -1.0000 -0.0000 -0.0000
vt 36.000000 19.000000
vt 33.000000 18.000000
vt 36.000000 18.000000
vt 33.000000 19.000000
vt 17.000000 -8.968750
vt 18.000000 -9.000000
vt 17.000000 -9.000000
vt 18.000000 -8.968750
vt 33.000000 -8.968750
vt 36.000000 -9.000000
vt 33.000000 -9.000000
vt 36.000000 -8.968750
s 1
usemtl materials/dev/reflectivity_30.vmat
f 1744/1167/1010 1739/1168/1010 1740/1169/1010
f 1745/1169/1011 1743/1170/1011 1742/1167/1011
f 1739/1171/1012 1743/1172/1012 1746/1173/1012
f 1745/1173/1013 1744/1174/1013 1740/1171/1013
f 1741/1175/1014 1742/1176/1014 1743/1177/1014
f 1746/1177/1015 1740/1178/1015 1739/1175/1015
f 1744/1167/1010 1741/1170/1010 1739/1168/1010
f 1745/1169/1011 1746/1168/1011 1743/1170/1011
f 1739/1171/1012 1741/1174/1012 1743/1172/1012
f 1745/1173/1013 1742/1172/1013 1744/1174/1013
f 1741/1175/1014 1744/1178/1014 1742/1176/1014
f 1746/1177/1015 1745/1176/1015 1740/1178/1015
o mesh_123.066
v 29.311600 -14.833600 97.485207
v 29.209999 -14.833600 97.485207
v 29.311600 -14.833600 97.586800
v 29.209999 -16.459200 97.586800
v 29.311600 -16.459200 97.586800
v 29.209999 -14.833600 97.586800
v 29.209999 -16.459200 97.485207
v 29.311600 -16.459200 97.485207
vn -0.0000 1.0000 -0.0000
vn -0.0000 -1.0000 -0.0000
vn 1.0000 -0.0000 -0.0000
vn -1.0000 -0.0000 -0.0000
vn -0.0000 -0.0000 1.0000
vn -0.0000 -0.0000 -1.0000
vt 42.000000 12.062500
vt 41.937500 12.000000
vt 42.000000 12.000000
vt 41.937500 12.062500
vt 11.000000 -8.000000
vt 11.062500 -9.000000
vt 11.000000 -9.000000
vt 11.062500 -8.000000
vt 41.937500 -8.000000
vt 42.000000 -9.000000
vt 41.937500 -9.000000
vt 42.000000 -8.000000
s 1
usemtl materials/dev/reflectivity_30.vmat
f 1752/1179/1016 1747/1180/1016 1748/1181/1016
f 1753/1181/1017 1751/1182/1017 1750/1179/1017
f 1747/1183/1018 1751/1184/1018 1754/1185/1018
f 1753/1185/1019 1752/1186/1019 1748/1183/1019
f 1749/1187/1020 1750/1188/1020 1751/1189/1020
f 1754/1189/1021 1748/1190/1021 1747/1187/1021
f 1752/1179/1016 1749/1182/1016 1747/1180/1016
f 1753/1181/1017 1754/1180/1017 1751/1182/1017
f 1747/1183/1018 1749/1186/1018 1751/1184/1018
f 1753/1185/1019 1750/1184/1019 1752/1186/1019
f 1749/1187/1020 1752/1190/1020 1750/1188/1020
f 1754/1189/1021 1753/1188/1021 1748/1190/1021
o mesh_123.042
v 30.937201 -11.556999 97.485207
v 30.835600 -11.556999 97.485207
v 30.937201 -11.556999 97.586800
v 30.835600 -13.182600 97.586800
v 30.937201 -13.182600 97.586800
v 30.835600 -11.556999 97.586800
v 30.835600 -13.182600 97.485207
v 30.937201 -13.182600 97.485207
vn -0.0000 1.0000 -0.0000
vn -0.0000 -1.0000 -0.0000
vn 1.0000 -0.0000 -0.0000
vn -1.0000 -0.0000 -0.0000
vn -0.0000 -0.0000 1.0000
vn -0.0000 -0.0000 -1.0000
vt 42.000000 12.062500
vt 41.937500 12.000000
vt 42.000000 12.000000
vt 41.937500 12.062500
vt 11.000000 -8.000000
vt 11.062500 -9.000000
vt 11.000000 -9.000000
vt 11.062500 -8.000000
vt 41.937500 -8.000000
vt 42.000000 -9.000000
vt 41.937500 -9.000000
vt 42.000000 -8.000000
s 1
usemtl materials/dev/reflectivity_30.vmat
f 1760/1191/1022 1755/1192/1022 1756/1193/1022
f 1761/1193/1023 1759/1194/1023 1758/1191/1023
f 1755/1195/1024 1759/1196/1024 1762/1197/1024
f 1761/1197/1025 1760/1198/1025 1756/1195/1025
f 1757/1199/1026 1758/1200/1026 1759/1201/1026
f 1762/1201/1027 1756/1202/1027 1755/1199/1027
f 1760/1191/1022 1757/1194/1022 1755/1192/1022
f 1761/1193/1023 1762/1192/1023 1759/1194/1023
f 1755/1195/1024 1757/1198/1024 1759/1196/1024
f 1761/1197/1025 1758/1196/1025 1760/1198/1025
f 1757/1199/1026 1760/1202/1026 1758/1200/1026
f 1762/1201/1027 1761/1200/1027 1756/1202/1027
o mesh_123.062
v 29.311600 -9.931399 99.110802
v 29.209999 -9.931399 99.110802
v 29.311600 -9.931399 99.212395
v 29.209999 -11.557000 99.212395
v 29.311600 -11.557000 99.212395
v 29.209999 -9.931399 99.212395
v 29.209999 -11.557000 99.110802
v 29.311600 -11.557000 99.110802
vn -0.0000 1.0000 -0.0000
vn -0.0000 -1.0000 -0.0000
vn 1.0000 -0.0000 -0.0000
vn -1.0000 -0.0000 -0.0000
vn -0.0000 -0.0000 1.0000
vn -0.0000 -0.0000 -1.0000
vt 42.000000 12.062500
vt 41.937500 12.000000
vt 42.000000 12.000000
vt 41.937500 12.062500
vt 11.000000 -8.000000
vt 11.062500 -9.000000
vt 11.000000 -9.000000
vt 11.062500 -8.000000
vt 41.937500 -8.000000
vt 42.000000 -9.000000
vt 41.937500 -9.000000
vt 42.000000 -8.000000
s 1
usemtl materials/dev/reflectivity_30.vmat
f 1768/1203/1028 1763/1204/1028 1764/1205/1028
f 1769/1205/1029 1767/1206/1029 1766/1203/1029
f 1763/1207/1030 1767/1208/1030 1770/1209/1030
f 1769/1209/1031 1768/1210/1031 1764/1207/1031
f 1765/1211/1032 1766/1212/1032 1767/1213/1032
f 1770/1213/1033 1764/1214/1033 1763/1211/1033
f 1768/1203/1028 1765/1206/1028 1763/1204/1028
f 1769/1205/1029 1770/1204/1029 1767/1206/1029
f 1763/1207/1030 1765/1210/1030 1767/1208/1030
f 1769/1209/1031 1766/1208/1031 1768/1210/1031
f 1765/1211/1032 1768/1214/1032 1766/1212/1032
f 1770/1213/1033 1769/1212/1033 1764/1214/1033
o mesh_60.028
v 10.414000 -5.283200 23.977600
v 10.414000 -5.283200 24.383999
v 12.039600 -5.283200 23.977600
v 12.039600 -5.334000 24.383999
v 12.039600 -5.334000 23.977600
v 12.039600 -5.283200 24.383999
v 10.414000 -5.334000 24.383999
v 10.414000 -5.334000 23.977600
vn -0.0000 1.0000 -0.0000
vn -0.0000 -1.0000 -0.0000
vn -0.0000 -0.0000 -1.0000
vn -0.0000 -0.0000 1.0000
vn 1.0000 -0.0000 -0.0000
vn -1.0000 -0.0000 -0.0000
vt 18.000000 7.000000
vt 17.750000 6.000000
vt 18.000000 6.000000
vt 17.750000 7.000000
vt 6.000000 -2.000000
vt 7.000000 -2.031250
vt 6.000000 -2.031250
vt 7.000000 -2.000000
vt 17.750000 -2.000000
vt 18.000000 -2.031250
vt 17.750000 -2.031250
vt 18.000000 -2.000000
s 1
usemtl materials/dev/reflectivity_30.vmat
f 1776/1215/1034 1771/1216/1034 1772/1217/1034
f 1777/1217/1035 1775/1218/1035 1774/1215/1035
f 1771/1219/1036 1775/1220/1036 1778/1221/1036
f 1777/1221/1037 1776/1222/1037 1772/1219/1037
f 1773/1223/1038 1774/1224/1038 1775/1225/1038
f 1778/1225/1039 1772/1226/1039 1771/1223/1039
f 1776/1215/1034 1773/1218/1034 1771/1216/1034
f 1777/1217/1035 1778/1216/1035 1775/1218/1035
f 1771/1219/1036 1773/1222/1036 1775/1220/1036
f 1777/1221/1037 1774/1220/1037 1776/1222/1037
f 1773/1223/1038 1776/1226/1038 1774/1224/1038
f 1778/1225/1039 1777/1224/1039 1772/1226/1039
o mesh_123
v 30.835600 -14.833600 73.101204
v 30.835600 -14.833600 73.202797
v 30.937201 -14.833600 73.101204
v 30.937201 -16.459200 73.202797
v 30.937201 -16.459200 73.101204
v 30.937201 -14.833600 73.202797
v 30.835600 -16.459200 73.202797
v 30.835600 -16.459200 73.101204
vn -0.0000 1.0000 -0.0000
vn -0.0000 -1.0000 -0.0000
vn -0.0000 -0.0000 -1.0000
vn -0.0000 -0.0000 1.0000
vn 1.0000 -0.0000 -0.0000
vn -1.0000 -0.0000 -0.0000
vt 42.000000 12.062500
vt 41.937500 12.000000
vt 42.000000 12.000000
vt 41.937500 12.062500
vt 11.000000 -8.000000
vt 11.062500 -9.000000
vt 11.000000 -9.000000
vt 11.062500 -8.000000
vt 41.937500 -8.000000
vt 42.000000 -9.000000
vt 41.937500 -9.000000
vt 42.000000 -8.000000
s 1
usemtl materials/dev/reflectivity_30.vmat
f 1784/1227/1040 1779/1228/1040 1780/1229/1040
f 1785/1229/1041 1783/1230/1041 1782/1227/1041
f 1779/1231/1042 1783/1232/1042 1786/1233/1042
f 1785/1233/1043 1784/1234/1043 1780/1231/1043
f 1781/1235/1044 1782/1236/1044 1783/1237/1044
f 1786/1237/1045 1780/1238/1045 1779/1235/1045
f 1784/1227/1040 1781/1230/1040 1779/1228/1040
f 1785/1229/1041 1786/1228/1041 1783/1230/1041
f 1779/1231/1042 1781/1234/1042 1783/1232/1042
f 1785/1233/1043 1782/1232/1043 1784/1234/1043
f 1781/1235/1044 1784/1238/1044 1782/1236/1044
f 1786/1237/1045 1785/1236/1045 1780/1238/1045
o mesh_123.024
v 29.209999 -13.207999 87.731606
v 29.209999 -13.207999 87.833199
v 29.311600 -13.207999 87.731606
v 29.311600 -14.833600 87.833199
v 29.311600 -14.833600 87.731606
v 29.311600 -13.207999 87.833199
v 29.209999 -14.833600 87.833199
v 29.209999 -14.833600 87.731606
vn -0.0000 1.0000 -0.0000
vn -0.0000 -1.0000 -0.0000
vn -0.0000 -0.0000 -1.0000
vn -0.0000 -0.0000 1.0000
vn 1.0000 -0.0000 -0.0000
vn -1.0000 -0.0000 -0.0000
vt 42.000000 12.062500
vt 41.937500 12.000000
vt 42.000000 12.000000
vt 41.937500 12.062500
vt 11.000000 -8.000000
vt 11.062500 -9.000000
vt 11.000000 -9.000000
vt 11.062500 -8.000000
vt 41.937500 -8.000000
vt 42.000000 -9.000000
vt 41.937500 -9.000000
vt 42.000000 -8.000000
s 1
usemtl materials/dev/reflectivity_30.vmat
f 1792/1239/1046 1787/1240/1046 1788/1241/1046
f 1793/1241/1047 1791/1242/1047 1790/1239/1047
f 1787/1243/1048 1791/1244/1048 1794/1245/1048
f 1793/1245/1049 1792/1246/1049 1788/1243/1049
f 1789/1247/1050 1790/1248/1050 1791/1249/1050
f 1794/1249/1051 1788/1250/1051 1787/1247/1051
f 1792/1239/1046 1789/1242/1046 1787/1240/1046
f 1793/1241/1047 1794/1240/1047 1791/1242/1047
f 1787/1243/1048 1789/1246/1048 1791/1244/1048
f 1793/1245/1049 1790/1244/1049 1792/1246/1049
f 1789/1247/1050 1792/1250/1050 1790/1248/1050
f 1794/1249/1051 1793/1248/1051 1788/1250/1051
o mesh_123.051
v 26.060400 -9.931399 97.485207
v 25.958799 -9.931399 97.485207
v 26.060400 -9.931399 97.586800
v 25.958799 -11.557000 97.586800
v 26.060400 -11.557000 97.586800
v 25.958799 -9.931399 97.586800
v 25.958799 -11.557000 97.485207
v 26.060400 -11.557000 97.485207
vn -0.0000 1.0000 -0.0000
vn -0.0000 -1.0000 -0.0000
vn 1.0000 -0.0000 -0.0000
vn -1.0000 -0.0000 -0.0000
vn -0.0000 -0.0000 1.0000
vn -0.0000 -0.0000 -1.0000
vt 42.000000 12.062500
vt 41.937500 12.000000
vt 42.000000 12.000000
vt 41.937500 12.062500
vt 11.000000 -8.000000
vt 11.062500 -9.000000
vt 11.000000 -9.000000
vt 11.062500 -8.000000
vt 41.937500 -8.000000
vt 42.000000 -9.000000
vt 41.937500 -9.000000
vt 42.000000 -8.000000
s 1
usemtl materials/dev/reflectivity_30.vmat
f 1800/1251/1052 1795/1252/1052 1796/1253/1052
f 1801/1253/1053 1799/1254/1053 1798/1251/1053
f 1795/1255/1054 1799/1256/1054 1802/1257/1054
f 1801/1257/1055 1800/1258/1055 1796/1255/1055
f 1797/1259/1056 1798/1260/1056 1799/1261/1056
f 1802/1261/1057 1796/1262/1057 1795/1259/1057
f 1800/1251/1052 1797/1254/1052 1795/1252/1052
f 1801/1253/1053 1802/1252/1053 1799/1254/1053
f 1795/1255/1054 1797/1258/1054 1799/1256/1054
f 1801/1257/1055 1798/1256/1055 1800/1258/1055
f 1797/1259/1056 1800/1262/1056 1798/1260/1056
f 1802/1261/1057 1801/1260/1057 1796/1262/1057
o prop_static_models/dev/dev_cube.vmdl.012
v 30.186390 -16.456842 71.511581
v 31.811409 -16.456841 71.468170
v 31.811407 -14.831242 71.468170
v 30.186388 -14.831243 71.511581
v 31.767996 -16.456841 69.843155
v 30.142977 -16.456842 69.886566
v 30.142975 -14.831243 69.886566
v 31.767994 -14.831242 69.843155
v 30.142975 -14.831243 69.886566
v 30.186388 -14.831243 71.511581
v 31.811407 -14.831242 71.468170
v 31.767994 -14.831242 69.843155
v 30.186390 -16.456842 71.511581
v 30.142977 -16.456842 69.886566
v 31.767996 -16.456841 69.843155
v 31.811409 -16.456841 71.468170
v 31.767994 -14.831242 69.843155
v 31.811407 -14.831242 71.468170
v 31.811409 -16.456841 71.468170
v 31.767996 -16.456841 69.843155
v 30.186388 -14.831243 71.511581
v 30.142975 -14.831243 69.886566
v 30.142977 -16.456842 69.886566
v 30.186390 -16.456842 71.511581
vn 0.0277 -0.0010 0.9996
vn -0.0267 -0.0000 -0.9996
vn -0.0000 1.0000 -0.0010
vn -0.0000 -1.0000 -0.0010
vn 0.9996 -0.0000 -0.0277
vn -0.9997 -0.0000 0.0257
vt -3.000000 -2.500000
vt -3.000000 -2.000000
vt -3.500000 -2.000000
vt -3.500000 -2.500000
vt -2.500000 1.000000
vt -2.500000 1.500000
vt -2.000000 1.500000
vt -2.000000 1.000000
vt -3.500000 1.000000
vt -3.500000 1.500000
vt -3.000000 1.500000
vt -3.000000 1.000000
s 1
usemtl materials/dev/reflectivity_30.vmat
f 1803/1263/1058 1804/1264/1058 1805/1265/1058
f 1803/1263/1058 1805/1265/1058 1806/1266/1058
f 1807/1264/1059 1808/1263/1059 1809/1266/1059
f 1807/1264/1059 1809/1266/1059 1810/1265/1059
f 1811/1267/1060 1812/1268/1060 1813/1269/1060
f 1811/1267/1060 1813/1269/1060 1814/1270/1060
f 1815/1268/1061 1816/1267/1061 1817/1270/1061
f 1815/1268/1061 1817/1270/1061 1818/1269/1061
f 1819/1271/1062 1820/1272/1062 1821/1273/1062
f 1819/1271/1062 1821/1273/1062 1822/1274/1062
f 1823/1272/1063 1824/1271/1063 1825/1274/1063
f 1823/1272/1063 1825/1274/1063 1826/1273/1063
o mesh_123.003
v 30.835600 -11.556999 77.978004
v 30.835600 -11.556999 78.079597
v 30.937201 -11.556999 77.978004
v 30.937201 -13.182600 78.079597
v 30.937201 -13.182600 77.978004
v 30.937201 -11.556999 78.079597
v 30.835600 -13.182600 78.079597
v 30.835600 -13.182600 77.978004
vn -0.0000 1.0000 -0.0000
vn -0.0000 -1.0000 -0.0000
vn -0.0000 -0.0000 -1.0000
vn -0.0000 -0.0000 1.0000
vn 1.0000 -0.0000 -0.0000
vn -1.0000 -0.0000 -0.0000
vt 42.000000 12.062500
vt 41.937500 12.000000
vt 42.000000 12.000000
vt 41.937500 12.062500
vt 11.000000 -8.000000
vt 11.062500 -9.000000
vt 11.000000 -9.000000
vt 11.062500 -8.000000
vt 41.937500 -8.000000
vt 42.000000 -9.000000
vt 41.937500 -9.000000
vt 42.000000 -8.000000
s 1
usemtl materials/dev/reflectivity_30.vmat
f 1832/1275/1064 1827/1276/1064 1828/1277/1064
f 1833/1277/1065 1831/1278/1065 1830/1275/1065
f 1827/1279/1066 1831/1280/1066 1834/1281/1066
f 1833/1281/1067 1832/1282/1067 1828/1279/1067
f 1829/1283/1068 1830/1284/1068 1831/1285/1068
f 1834/1285/1069 1828/1286/1069 1827/1283/1069
f 1832/1275/1064 1829/1278/1064 1827/1276/1064
f 1833/1277/1065 1834/1276/1065 1831/1278/1065
f 1827/1279/1066 1829/1282/1066 1831/1280/1066
f 1833/1281/1067 1830/1280/1067 1832/1282/1067
f 1829/1283/1068 1832/1286/1068 1830/1284/1068
f 1834/1285/1069 1833/1284/1069 1828/1286/1069
o mesh_60.016
v 10.414000 -6.705600 31.292801
v 10.414000 -6.705600 31.699200
v 12.039600 -6.705600 31.292801
v 12.039600 -6.756400 31.699200
v 12.039600 -6.756400 31.292801
v 12.039600 -6.705600 31.699200
v 10.414000 -6.756400 31.699200
v 10.414000 -6.756400 31.292801
vn -0.0000 1.0000 -0.0000
vn -0.0000 -1.0000 -0.0000
vn -0.0000 -0.0000 -1.0000
vn -0.0000 -0.0000 1.0000
vn 1.0000 -0.0000 -0.0000
vn -1.0000 -0.0000 -0.0000
vt 18.000000 7.000000
vt 17.750000 6.000000
vt 18.000000 6.000000
vt 17.750000 7.000000
vt 6.000000 -2.000000
vt 7.000000 -2.031250
vt 6.000000 -2.031250
vt 7.000000 -2.000000
vt 17.750000 -2.000000
vt 18.000000 -2.031250
vt 17.750000 -2.031250
vt 18.000000 -2.000000
s 1
usemtl materials/dev/reflectivity_30.vmat
f 1840/1287/1070 1835/1288/1070 1836/1289/1070
f 1841/1289/1071 1839/1290/1071 1838/1287/1071
f 1835/1291/1072 1839/1292/1072 1842/1293/1072
f 1841/1293/1073 1840/1294/1073 1836/1291/1073
f 1837/1295/1074 1838/1296/1074 1839/1297/1074
f 1842/1297/1075 1836/1298/1075 1835/1295/1075
f 1840/1287/1070 1837/1290/1070 1835/1288/1070
f 1841/1289/1071 1842/1288/1071 1839/1290/1071
f 1835/1291/1072 1837/1294/1072 1839/1292/1072
f 1841/1293/1073 1838/1292/1073 1840/1294/1073
f 1837/1295/1074 1840/1298/1074 1838/1296/1074
f 1842/1297/1075 1841/1296/1075 1836/1298/1075
o mesh_123.052
v 21.183599 -11.556999 97.485207
v 21.081999 -11.556999 97.485207
v 21.183599 -11.556999 97.586800
v 21.081999 -13.182600 97.586800
v 21.183599 -13.182600 97.586800
v 21.081999 -11.556999 97.586800
v 21.081999 -13.182600 97.485207
v 21.183599 -13.182600 97.485207
vn -0.0000 1.0000 -0.0000
vn -0.0000 -1.0000 -0.0000
vn 1.0000 -0.0000 -0.0000
vn -1.0000 -0.0000 -0.0000
vn -0.0000 -0.0000 1.0000
vn -0.0000 -0.0000 -1.0000
vt 42.000000 12.062500
vt 41.937500 12.000000
vt 42.000000 12.000000
vt 41.937500 12.062500
vt 11.000000 -8.000000
vt 11.062500 -9.000000
vt 11.000000 -9.000000
vt 11.062500 -8.000000
vt 41.937500 -8.000000
vt 42.000000 -9.000000
vt 41.937500 -9.000000
vt 42.000000 -8.000000
s 1
usemtl materials/dev/reflectivity_30.vmat
f 1848/1299/1076 1843/1300/1076 1844/1301/1076
f 1849/1301/1077 1847/1302/1077 1846/1299/1077
f 1843/1303/1078 1847/1304/1078 1850/1305/1078
f 1849/1305/1079 1848/1306/1079 1844/1303/1079
f 1845/1307/1080 1846/1308/1080 1847/1309/1080
f 1850/1309/1081 1844/1310/1081 1843/1307/1081
f 1848/1299/1076 1845/1302/1076 1843/1300/1076
f 1849/1301/1077 1850/1300/1077 1847/1302/1077
f 1843/1303/1078 1845/1306/1078 1847/1304/1078
f 1849/1305/1079 1846/1304/1079 1848/1306/1079
f 1845/1307/1080 1848/1310/1080 1846/1308/1080
f 1850/1309/1081 1849/1308/1081 1844/1310/1081
o mesh_60.008
v 8.788401 -8.331200 32.918400
v 8.382000 -8.331200 32.918400
v 8.788401 -8.331200 34.544003
v 8.382000 -8.382000 34.544003
v 8.788401 -8.382000 34.544003
v 8.382000 -8.331200 34.544003
v 8.382000 -8.382000 32.918400
v 8.788401 -8.382000 32.918400
vn -0.0000 1.0000 -0.0000
vn -0.0000 -1.0000 -0.0000
vn 1.0000 -0.0000 -0.0000
vn -1.0000 -0.0000 -0.0000
vn -0.0000 -0.0000 1.0000
vn -0.0000 -0.0000 -1.0000
vt 18.000000 7.000000
vt 17.750000 6.000000
vt 18.000000 6.000000
vt 17.750000 7.000000
vt 6.000000 -2.000000
vt 7.000000 -2.031250
vt 6.000000 -2.031250
vt 7.000000 -2.000000
vt 17.750000 -2.000000
vt 18.000000 -2.031250
vt 17.750000 -2.031250
vt 18.000000 -2.000000
s 1
usemtl materials/dev/reflectivity_30.vmat
f 1856/1311/1082 1851/1312/1082 1852/1313/1082
f 1857/1313/1083 1855/1314/1083 1854/1311/1083
f 1851/1315/1084 1855/1316/1084 1858/1317/1084
f 1857/1317/1085 1856/1318/1085 1852/1315/1085
f 1853/1319/1086 1854/1320/1086 1855/1321/1086
f 1858/1321/1087 1852/1322/1087 1851/1319/1087
f 1856/1311/1082 1853/1314/1082 1851/1312/1082
f 1857/1313/1083 1858/1312/1083 1855/1314/1083
f 1851/1315/1084 1853/1318/1084 1855/1316/1084
f 1857/1317/1085 1854/1316/1085 1856/1318/1085
f 1853/1319/1086 1856/1322/1086 1854/1320/1086
f 1858/1321/1087 1857/1320/1087 1852/1322/1087
o mesh_123.075
v 16.306801 -14.833600 99.110802
v 16.205200 -14.833600 99.110802
v 16.306801 -14.833600 99.212395
v 16.205200 -16.459200 99.212395
v 16.306801 -16.459200 99.212395
v 16.205200 -14.833600 99.212395
v 16.205200 -16.459200 99.110802
v 16.306801 -16.459200 99.110802
vn -0.0000 1.0000 -0.0000
vn -0.0000 -1.0000 -0.0000
vn 1.0000 -0.0000 -0.0000
vn -1.0000 -0.0000 -0.0000
vn -0.0000 -0.0000 1.0000
vn -0.0000 -0.0000 -1.0000
vt 42.000000 12.062500
vt 41.937500 12.000000
vt 42.000000 12.000000
vt 41.937500 12.062500
vt 11.000000 -8.000000
vt 11.062500 -9.000000
vt 11.000000 -9.000000
vt 11.062500 -8.000000
vt 41.937500 -8.000000
vt 42.000000 -9.000000
vt 41.937500 -9.000000
vt 42.000000 -8.000000
s 1
usemtl materials/dev/reflectivity_30.vmat
f 1864/1323/1088 1859/1324/1088 1860/1325/1088
f 1865/1325/1089 1863/1326/1089 1862/1323/1089
f 1859/1327/1090 1863/1328/1090 1866/1329/1090
f 1865/1329/1091 1864/1330/1091 1860/1327/1091
f 1861/1331/1092 1862/1332/1092 1863/1333/1092
f 1866/1333/1093 1860/1334/1093 1859/1331/1093
f 1864/1323/1088 1861/1326/1088 1859/1324/1088
f 1865/1325/1089 1866/1324/1089 1863/1326/1089
f 1859/1327/1090 1861/1330/1090 1863/1328/1090
f 1865/1329/1091 1862/1328/1091 1864/1330/1091
f 1861/1331/1092 1864/1334/1092 1862/1332/1092
f 1866/1333/1093 1865/1332/1093 1860/1334/1093
o mesh_123.036
v 30.937201 -9.931399 99.110802
v 30.835600 -9.931399 99.110802
v 30.937201 -9.931399 99.212395
v 30.835600 -11.557000 99.212395
v 30.937201 -11.557000 99.212395
v 30.835600 -9.931399 99.212395
v 30.835600 -11.557000 99.110802
v 30.937201 -11.557000 99.110802
vn -0.0000 1.0000 -0.0000
vn -0.0000 -1.0000 -0.0000
vn 1.0000 -0.0000 -0.0000
vn -1.0000 -0.0000 -0.0000
vn -0.0000 -0.0000 1.0000
vn -0.0000 -0.0000 -1.0000
vt 42.000000 12.062500
vt 41.937500 12.000000
vt 42.000000 12.000000
vt 41.937500 12.062500
vt 11.000000 -8.000000
vt 11.062500 -9.000000
vt 11.000000 -9.000000
vt 11.062500 -8.000000
vt 41.937500 -8.000000
vt 42.000000 -9.000000
vt 41.937500 -9.000000
vt 42.000000 -8.000000
s 1
usemtl materials/dev/reflectivity_30.vmat
f 1872/1335/1094 1867/1336/1094 1868/1337/1094
f 1873/1337/1095 1871/1338/1095 1870/1335/1095
f 1867/1339/1096 1871/1340/1096 1874/1341/1096
f 1873/1341/1097 1872/1342/1097 1868/1339/1097
f 1869/1343/1098 1870/1344/1098 1871/1345/1098
f 1874/1345/1099 1868/1346/1099 1867/1343/1099
f 1872/1335/1094 1869/1338/1094 1867/1336/1094
f 1873/1337/1095 1874/1336/1095 1871/1338/1095
f 1867/1339/1096 1869/1342/1096 1871/1340/1096
f 1873/1341/1097 1870/1340/1097 1872/1342/1097
f 1869/1343/1098 1872/1346/1098 1870/1344/1098
f 1874/1345/1099 1873/1344/1099 1868/1346/1099
o mesh_120.012
v 26.009600 -13.182600 97.536003
v 21.132799 -13.182600 97.536003
v 26.009600 -13.182600 99.161598
v 21.132799 -13.233400 99.161598
v 26.009600 -13.233400 99.161598
v 21.132799 -13.182600 99.161598
v 21.132799 -13.233400 97.536003
v 26.009600 -13.233400 97.536003
vn -0.0000 1.0000 -0.0000
vn -0.0000 -1.0000 -0.0000
vn 1.0000 -0.0000 -0.0000
vn -1.0000 -0.0000 -0.0000
vn -0.0000 -0.0000 1.0000
vn -0.0000 -0.0000 -1.0000
vt 36.000000 19.000000
vt 33.000000 18.000000
vt 36.000000 18.000000
vt 33.000000 19.000000
vt 17.000000 -8.968750
vt 18.000000 -9.000000
vt 17.000000 -9.000000
vt 18.000000 -8.968750
vt 33.000000 -8.968750
vt 36.000000 -9.000000
vt 33.000000 -9.000000
vt 36.000000 -8.968750
s 1
usemtl materials/dev/reflectivity_30.vmat
f 1880/1347/1100 1875/1348/1100 1876/1349/1100
f 1881/1349/1101 1879/1350/1101 1878/1347/1101
f 1875/1351/1102 1879/1352/1102 1882/1353/1102
f 1881/1353/1103 1880/1354/1103 1876/1351/1103
f 1877/1355/1104 1878/1356/1104 1879/1357/1104
f 1882/1357/1105 1876/1358/1105 1875/1355/1105
f 1880/1347/1100 1877/1350/1100 1875/1348/1100
f 1881/1349/1101 1882/1348/1101 1879/1350/1101
f 1875/1351/1102 1877/1354/1102 1879/1352/1102
f 1881/1353/1103 1878/1352/1103 1880/1354/1103
f 1877/1355/1104 1880/1358/1104 1878/1356/1104
f 1882/1357/1105 1881/1356/1105 1876/1358/1105
o mesh_123.020
v 30.835600 -9.931399 87.731606
v 30.835600 -9.931399 87.833199
v 30.937201 -9.931399 87.731606
v 30.937201 -11.557000 87.833199
v 30.937201 -11.557000 87.731606
v 30.937201 -9.931399 87.833199
v 30.835600 -11.557000 87.833199
v 30.835600 -11.557000 87.731606
vn -0.0000 1.0000 -0.0000
vn -0.0000 -1.0000 -0.0000
vn -0.0000 -0.0000 -1.0000
vn -0.0000 -0.0000 1.0000
vn 1.0000 -0.0000 -0.0000
vn -1.0000 -0.0000 -0.0000
vt 42.000000 12.062500
vt 41.937500 12.000000
vt 42.000000 12.000000
vt 41.937500 12.062500
vt 11.000000 -8.000000
vt 11.062500 -9.000000
vt 11.000000 -9.000000
vt 11.062500 -8.000000
vt 41.937500 -8.000000
vt 42.000000 -9.000000
vt 41.937500 -9.000000
vt 42.000000 -8.000000
s 1
usemtl materials/dev/reflectivity_30.vmat
f 1888/1359/1106 1883/1360/1106 1884/1361/1106
f 1889/1361/1107 1887/1362/1107 1886/1359/1107
f 1883/1363/1108 1887/1364/1108 1890/1365/1108
f 1889/1365/1109 1888/1366/1109 1884/1363/1109
f 1885/1367/1110 1886/1368/1110 1887/1369/1110
f 1890/1369/1111 1884/1370/1111 1883/1367/1111
f 1888/1359/1106 1885/1362/1106 1883/1360/1106
f 1889/1361/1107 1890/1360/1107 1887/1362/1107
f 1883/1363/1108 1885/1366/1108 1887/1364/1108
f 1889/1365/1109 1886/1364/1109 1888/1366/1109
f 1885/1367/1110 1888/1370/1110 1886/1368/1110
f 1890/1369/1111 1889/1368/1111 1884/1370/1111
o mesh_60.027
v 10.414000 -5.080000 24.384001
v 10.414000 -5.080000 24.790400
v 12.039600 -5.080000 24.384001
v 12.039600 -5.130800 24.790400
v 12.039600 -5.130800 24.384001
v 12.039600 -5.080000 24.790400
v 10.414000 -5.130800 24.790400
v 10.414000 -5.130800 24.384001
vn -0.0000 1.0000 -0.0000
vn -0.0000 -1.0000 -0.0000
vn -0.0000 -0.0000 -1.0000
vn -0.0000 -0.0000 1.0000
vn 1.0000 -0.0000 -0.0000
vn -1.0000 -0.0000 -0.0000
vt 18.000000 7.000000
vt 17.750000 6.000000
vt 18.000000 6.000000
vt 17.750000 7.000000
vt 6.000000 -2.000000
vt 7.000000 -2.031250
vt 6.000000 -2.031250
vt 7.000000 -2.000000
vt 17.750000 -2.000000
vt 18.000000 -2.031250
vt 17.750000 -2.031250
vt 18.000000 -2.000000
s 1
usemtl materials/dev/reflectivity_30.vmat
f 1896/1371/1112 1891/1372/1112 1892/1373/1112
f 1897/1373/1113 1895/1374/1113 1894/1371/1113
f 1891/1375/1114 1895/1376/1114 1898/1377/1114
f 1897/1377/1115 1896/1378/1115 1892/1375/1115
f 1893/1379/1116 1894/1380/1116 1895/1381/1116
f 1898/1381/1117 1892/1382/1117 1891/1379/1117
f 1896/1371/1112 1893/1374/1112 1891/1372/1112
f 1897/1373/1113 1898/1372/1113 1895/1374/1113
f 1891/1375/1114 1893/1378/1114 1895/1376/1114
f 1897/1377/1115 1894/1376/1115 1896/1378/1115
f 1893/1379/1116 1896/1382/1116 1894/1380/1116
f 1898/1381/1117 1897/1380/1117 1892/1382/1117
o prop_static_models/dev/dev_cube.vmdl.002
v 13.738363 -16.354624 51.687439
v 13.725215 -16.354624 58.189823
v 20.227602 -16.354891 58.202972
v 20.240751 -16.354891 51.700588
v 13.725210 -16.456224 58.189823
v 13.738359 -16.456224 51.687439
v 20.240746 -16.456491 51.700588
v 20.227598 -16.456491 58.202972
v 20.240746 -16.456491 51.700588
v 20.240751 -16.354891 51.700588
v 20.227602 -16.354891 58.202972
v 20.227598 -16.456491 58.202972
v 13.738363 -16.354624 51.687439
v 13.738359 -16.456224 51.687439
v 13.725210 -16.456224 58.189823
v 13.725215 -16.354624 58.189823
v 20.227598 -16.456491 58.202972
v 20.227602 -16.354891 58.202972
v 13.725215 -16.354624 58.189823
v 13.725210 -16.456224 58.189823
v 20.240751 -16.354891 51.700588
v 20.240746 -16.456491 51.700588
v 13.738359 -16.456224 51.687439
v 13.738363 -16.354624 51.687439
vn -0.0009 1.0000 0.0010
vn -0.0000 -1.0000 -0.0000
vn 1.0000 -0.0010 0.0020
vn -1.0000 -0.0009 -0.0020
vn -0.0020 -0.0010 1.0000
vn 0.0020 -0.0010 -1.0000
vt -3.000000 -2.500000
vt -3.000000 -2.000000
vt -3.500000 -2.000000
vt -3.500000 -2.500000
vt -2.500000 1.000000
vt -2.500000 1.500000
vt -2.000000 1.500000
vt -2.000000 1.000000
vt -3.500000 1.000000
vt -3.500000 1.500000
vt -3.000000 1.500000
vt -3.000000 1.000000
s 1
usemtl materials/dev/reflectivity_30.vmat
f 1899/1383/1118 1900/1384/1118 1901/1385/1118
f 1899/1383/1118 1901/1385/1118 1902/1386/1118
f 1903/1384/1119 1904/1383/1119 1905/1386/1119
f 1903/1384/1119 1905/1386/1119 1906/1385/1119
f 1907/1387/1120 1908/1388/1120 1909/1389/1120
f 1907/1387/1120 1909/1389/1120 1910/1390/1120
f 1911/1388/1121 1912/1387/1121 1913/1390/1121
f 1911/1388/1121 1913/1390/1121 1914/1389/1121
f 1915/1391/1122 1916/1392/1122 1917/1393/1122
f 1915/1391/1122 1917/1393/1122 1918/1394/1122
f 1919/1392/1123 1920/1391/1123 1921/1394/1123
f 1919/1392/1123 1921/1394/1123 1922/1393/1123
o mesh_123.039
v 30.937201 -14.833600 99.110802
v 30.835600 -14.833600 99.110802
v 30.937201 -14.833600 99.212395
v 30.835600 -16.459200 99.212395
v 30.937201 -16.459200 99.212395
v 30.835600 -14.833600 99.212395
v 30.835600 -16.459200 99.110802
v 30.937201 -16.459200 99.110802
vn -0.0000 1.0000 -0.0000
vn -0.0000 -1.0000 -0.0000
vn 1.0000 -0.0000 -0.0000
vn -1.0000 -0.0000 -0.0000
vn -0.0000 -0.0000 1.0000
vn -0.0000 -0.0000 -1.0000
vt 42.000000 12.062500
vt 41.937500 12.000000
vt 42.000000 12.000000
vt 41.937500 12.062500
vt 11.000000 -8.000000
vt 11.062500 -9.000000
vt 11.000000 -9.000000
vt 11.062500 -8.000000
vt 41.937500 -8.000000
vt 42.000000 -9.000000
vt 41.937500 -9.000000
vt 42.000000 -8.000000
s 1
usemtl materials/dev/reflectivity_30.vmat
f 1928/1395/1124 1923/1396/1124 1924/1397/1124
f 1929/1397/1125 1927/1398/1125 1926/1395/1125
f 1923/1399/1126 1927/1400/1126 1930/1401/1126
f 1929/1401/1127 1928/1402/1127 1924/1399/1127
f 1925/1403/1128 1926/1404/1128 1927/1405/1128
f 1930/1405/1129 1924/1406/1129 1923/1403/1129
f 1928/1395/1124 1925/1398/1124 1923/1396/1124
f 1929/1397/1125 1930/1396/1125 1927/1398/1125
f 1923/1399/1126 1925/1402/1126 1927/1400/1126
f 1929/1401/1127 1926/1400/1127 1928/1402/1127
f 1925/1403/1128 1928/1406/1128 1926/1404/1128
f 1930/1405/1129 1929/1404/1129 1924/1406/1129
o prop_static_models/dev/dev_cube.vmdl.011
v 30.653900 -16.456108 66.892319
v 29.515753 -16.456108 68.053009
v 29.516262 -14.830507 68.053505
v 30.654408 -14.830507 66.892815
v 30.676441 -16.456820 69.191154
v 31.814587 -16.456820 68.030464
v 31.815096 -14.831220 68.030960
v 30.676949 -14.831220 69.191650
v 31.815096 -14.831220 68.030960
v 30.654408 -14.830507 66.892815
v 29.516262 -14.830507 68.053505
v 30.676949 -14.831220 69.191650
v 30.653900 -16.456108 66.892319
v 31.814587 -16.456820 68.030464
v 30.676441 -16.456820 69.191154
v 29.515753 -16.456108 68.053009
v 30.676949 -14.831220 69.191650
v 29.516262 -14.830507 68.053505
v 29.515753 -16.456108 68.053009
v 30.676441 -16.456820 69.191154
v 30.654408 -14.830507 66.892815
v 31.815096 -14.831220 68.030960
v 31.814587 -16.456820 68.030464
v 30.653900 -16.456108 66.892319
vn -0.7147 -0.0005 -0.6994
vn 0.7140 -0.0004 0.7001
vn 0.0010 1.0000 0.0010
vn 0.0004 -1.0000 0.0004
vn -0.6995 -0.0000 0.7147
vn 0.7008 -0.0000 -0.7133
vt -3.000000 -2.500000
vt -3.000000 -2.000000
vt -3.500000 -2.000000
vt -3.500000 -2.500000
vt -2.500000 1.000000
vt -2.500000 1.500000
vt -2.000000 1.500000
vt -2.000000 1.000000
vt -3.500000 1.000000
vt -3.500000 1.500000
vt -3.000000 1.500000
vt -3.000000 1.000000
s 1
usemtl materials/dev/reflectivity_30.vmat
f 1931/1407/1130 1932/1408/1130 1933/1409/1130
f 1931/1407/1130 1933/1409/1130 1934/1410/1130
f 1935/1408/1131 1936/1407/1131 1937/1410/1131
f 1935/1408/1131 1937/1410/1131 1938/1409/1131
f 1939/1411/1132 1940/1412/1132 1941/1413/1132
f 1939/1411/1132 1941/1413/1132 1942/1414/1132
f 1943/1412/1133 1944/1411/1133 1945/1414/1133
f 1943/1412/1133 1945/1414/1133 1946/1413/1133
f 1947/1415/1134 1948/1416/1134 1949/1417/1134
f 1947/1415/1134 1949/1417/1134 1950/1418/1134
f 1951/1416/1135 1952/1415/1135 1953/1418/1135
f 1951/1416/1135 1953/1418/1135 1954/1417/1135
o mesh_123.006
v 29.209999 -13.207999 77.978004
v 29.209999 -13.207999 78.079597
v 29.311600 -13.207999 77.978004
v 29.311600 -14.833600 78.079597
v 29.311600 -14.833600 77.978004
v 29.311600 -13.207999 78.079597
v 29.209999 -14.833600 78.079597
v 29.209999 -14.833600 77.978004
vn -0.0000 1.0000 -0.0000
vn -0.0000 -1.0000 -0.0000
vn -0.0000 -0.0000 -1.0000
vn -0.0000 -0.0000 1.0000
vn 1.0000 -0.0000 -0.0000
vn -1.0000 -0.0000 -0.0000
vt 42.000000 12.062500
vt 41.937500 12.000000
vt 42.000000 12.000000
vt 41.937500 12.062500
vt 11.000000 -8.000000
vt 11.062500 -9.000000
vt 11.000000 -9.000000
vt 11.062500 -8.000000
vt 41.937500 -8.000000
vt 42.000000 -9.000000
vt 41.937500 -9.000000
vt 42.000000 -8.000000
s 1
usemtl materials/dev/reflectivity_30.vmat
f 1960/1419/1136 1955/1420/1136 1956/1421/1136
f 1961/1421/1137 1959/1422/1137 1958/1419/1137
f 1955/1423/1138 1959/1424/1138 1962/1425/1138
f 1961/1425/1139 1960/1426/1139 1956/1423/1139
f 1957/1427/1140 1958/1428/1140 1959/1429/1140
f 1962/1429/1141 1956/1430/1141 1955/1427/1141
f 1960/1419/1136 1957/1422/1136 1955/1420/1136
f 1961/1421/1137 1962/1420/1137 1959/1422/1137
f 1955/1423/1138 1957/1426/1138 1959/1424/1138
f 1961/1425/1139 1958/1424/1139 1960/1426/1139
f 1957/1427/1140 1960/1430/1140 1958/1428/1140
f 1962/1429/1141 1961/1428/1141 1956/1430/1141
o mesh_120.002
v 29.260801 -13.182600 78.028801
v 29.260801 -13.182600 82.905602
v 30.886400 -13.182600 78.028801
v 30.886400 -13.233400 82.905602
v 30.886400 -13.233400 78.028801
v 30.886400 -13.182600 82.905602
v 29.260801 -13.233400 82.905602
v 29.260801 -13.233400 78.028801
vn -0.0000 1.0000 -0.0000
vn -0.0000 -1.0000 -0.0000
vn -0.0000 -0.0000 -1.0000
vn -0.0000 -0.0000 1.0000
vn 1.0000 -0.0000 -0.0000
vn -1.0000 -0.0000 -0.0000
vt 36.000000 19.000000
vt 33.000000 18.000000
vt 36.000000 18.000000
vt 33.000000 19.000000
vt 17.000000 -8.968750
vt 18.000000 -9.000000
vt 17.000000 -9.000000
vt 18.000000 -8.968750
vt 33.000000 -8.968750
vt 36.000000 -9.000000
vt 33.000000 -9.000000
vt 36.000000 -8.968750
s 1
usemtl materials/dev/reflectivity_30.vmat
f 1968/1431/1142 1963/1432/1142 1964/1433/1142
f 1969/1433/1143 1967/1434/1143 1966/1431/1143
f 1963/1435/1144 1967/1436/1144 1970/1437/1144
f 1969/1437/1145 1968/1438/1145 1964/1435/1145
f 1965/1439/1146 1966/1440/1146 1967/1441/1146
f 1970/1441/1147 1964/1442/1147 1963/1439/1147
f 1968/1431/1142 1965/1434/1142 1963/1432/1142
f 1969/1433/1143 1970/1432/1143 1967/1434/1143
f 1963/1435/1144 1965/1438/1144 1967/1436/1144
f 1969/1437/1145 1966/1436/1145 1968/1438/1145
f 1965/1439/1146 1968/1442/1146 1966/1440/1146
f 1970/1441/1147 1969/1440/1147 1964/1442/1147
o mesh_123.041
v 30.937201 -14.833600 97.485207
v 30.835600 -14.833600 97.485207
v 30.937201 -14.833600 97.586800
v 30.835600 -16.459200 97.586800
v 30.937201 -16.459200 97.586800
v 30.835600 -14.833600 97.586800
v 30.835600 -16.459200 97.485207
v 30.937201 -16.459200 97.485207
vn -0.0000 1.0000 -0.0000
vn -0.0000 -1.0000 -0.0000
vn 1.0000 -0.0000 -0.0000
vn -1.0000 -0.0000 -0.0000
vn -0.0000 -0.0000 1.0000
vn -0.0000 -0.0000 -1.0000
vt 42.000000 12.062500
vt 41.937500 12.000000
vt 42.000000 12.000000
vt 41.937500 12.062500
vt 11.000000 -8.000000
vt 11.062500 -9.000000
vt 11.000000 -9.000000
vt 11.062500 -8.000000
vt 41.937500 -8.000000
vt 42.000000 -9.000000
vt 41.937500 -9.000000
vt 42.000000 -8.000000
s 1
usemtl materials/dev/reflectivity_30.vmat
f 1976/1443/1148 1971/1444/1148 1972/1445/1148
f 1977/1445/1149 1975/1446/1149 1974/1443/1149
f 1971/1447/1150 1975/1448/1150 1978/1449/1150
f 1977/1449/1151 1976/1450/1151 1972/1447/1151
f 1973/1451/1152 1974/1452/1152 1975/1453/1152
f 1978/1453/1153 1972/1454/1153 1971/1451/1153
f 1976/1443/1148 1973/1446/1148 1971/1444/1148
f 1977/1445/1149 1978/1444/1149 1975/1446/1149
f 1971/1447/1150 1973/1450/1150 1975/1448/1150
f 1977/1449/1151 1974/1448/1151 1976/1450/1151
f 1973/1451/1152 1976/1454/1152 1974/1452/1152
f 1978/1453/1153 1977/1452/1153 1972/1454/1153
o mesh_123.013
v 30.835600 -11.556999 82.854805
v 30.835600 -11.556999 82.956398
v 30.937201 -11.556999 82.854805
v 30.937201 -13.182600 82.956398
v 30.937201 -13.182600 82.854805
v 30.937201 -11.556999 82.956398
v 30.835600 -13.182600 82.956398
v 30.835600 -13.182600 82.854805
vn -0.0000 1.0000 -0.0000
vn -0.0000 -1.0000 -0.0000
vn -0.0000 -0.0000 -1.0000
vn -0.0000 -0.0000 1.0000
vn 1.0000 -0.0000 -0.0000
vn -1.0000 -0.0000 -0.0000
vt 42.000000 12.062500
vt 41.937500 12.000000
vt 42.000000 12.000000
vt 41.937500 12.062500
vt 11.000000 -8.000000
vt 11.062500 -9.000000
vt 11.000000 -9.000000
vt 11.062500 -8.000000
vt 41.937500 -8.000000
vt 42.000000 -9.000000
vt 41.937500 -9.000000
vt 42.000000 -8.000000
s 1
usemtl materials/dev/reflectivity_30.vmat
f 1984/1455/1154 1979/1456/1154 1980/1457/1154
f 1985/1457/1155 1983/1458/1155 1982/1455/1155
f 1979/1459/1156 1983/1460/1156 1986/1461/1156
f 1985/1461/1157 1984/1462/1157 1980/1459/1157
f 1981/1463/1158 1982/1464/1158 1983/1465/1158
f 1986/1465/1159 1980/1466/1159 1979/1463/1159
f 1984/1455/1154 1981/1458/1154 1979/1456/1154
f 1985/1457/1155 1986/1456/1155 1983/1458/1155
f 1979/1459/1156 1981/1462/1156 1983/1460/1156
f 1985/1461/1157 1982/1460/1157 1984/1462/1157
f 1981/1463/1158 1984/1466/1158 1982/1464/1158
f 1986/1465/1159 1985/1464/1159 1980/1466/1159
o mesh_123.022
v 30.835600 -13.207999 87.731606
v 30.835600 -13.207999 87.833199
v 30.937201 -13.207999 87.731606
v 30.937201 -14.833600 87.833199
v 30.937201 -14.833600 87.731606
v 30.937201 -13.207999 87.833199
v 30.835600 -14.833600 87.833199
v 30.835600 -14.833600 87.731606
vn -0.0000 1.0000 -0.0000
vn -0.0000 -1.0000 -0.0000
vn -0.0000 -0.0000 -1.0000
vn -0.0000 -0.0000 1.0000
vn 1.0000 -0.0000 -0.0000
vn -1.0000 -0.0000 -0.0000
vt 42.000000 12.062500
vt 41.937500 12.000000
vt 42.000000 12.000000
vt 41.937500 12.062500
vt 11.000000 -8.000000
vt 11.062500 -9.000000
vt 11.000000 -9.000000
vt 11.062500 -8.000000
vt 41.937500 -8.000000
vt 42.000000 -9.000000
vt 41.937500 -9.000000
vt 42.000000 -8.000000
s 1
usemtl materials/dev/reflectivity_30.vmat
f 1992/1467/1160 1987/1468/1160 1988/1469/1160
f 1993/1469/1161 1991/1470/1161 1990/1467/1161
f 1987/1471/1162 1991/1472/1162 1994/1473/1162
f 1993/1473/1163 1992/1474/1163 1988/1471/1163
f 1989/1475/1164 1990/1476/1164 1991/1477/1164
f 1994/1477/1165 1988/1478/1165 1987/1475/1165
f 1992/1467/1160 1989/1470/1160 1987/1468/1160
f 1993/1469/1161 1994/1468/1161 1991/1470/1161
f 1987/1471/1162 1989/1474/1162 1991/1472/1162
f 1993/1473/1163 1990/1472/1163 1992/1474/1163
f 1989/1475/1164 1992/1478/1164 1990/1476/1164
f 1994/1477/1165 1993/1476/1165 1988/1478/1165
o mesh_60.007
v 8.382000 -8.534400 32.918400
v 7.975600 -8.534400 32.918400
v 8.382000 -8.534400 34.544003
v 7.975600 -8.585200 34.544003
v 8.382000 -8.585200 34.544003
v 7.975600 -8.534400 34.544003
v 7.975600 -8.585200 32.918400
v 8.382000 -8.585200 32.918400
vn -0.0000 1.0000 -0.0000
vn -0.0000 -1.0000 -0.0000
vn 1.0000 -0.0000 -0.0000
vn -1.0000 -0.0000 -0.0000
vn -0.0000 -0.0000 1.0000
vn -0.0000 -0.0000 -1.0000
vt 18.000000 7.000000
vt 17.750000 6.000000
vt 18.000000 6.000000
vt 17.750000 7.000000
vt 6.000000 -2.000000
vt 7.000000 -2.031250
vt 6.000000 -2.031250
vt 7.000000 -2.000000
vt 17.750000 -2.000000
vt 18.000000 -2.031250
vt 17.750000 -2.031250
vt 18.000000 -2.000000
s 1
usemtl materials/dev/reflectivity_30.vmat
f 2000/1479/1166 1995/1480/1166 1996/1481/1166
f 2001/1481/1167 1999/1482/1167 1998/1479/1167
f 1995/1483/1168 1999/1484/1168 2002/1485/1168
f 2001/1485/1169 2000/1486/1169 1996/1483/1169
f 1997/1487/1170 1998/1488/1170 1999/1489/1170
f 2002/1489/1171 1996/1490/1171 1995/1487/1171
f 2000/1479/1166 1997/1482/1166 1995/1480/1166
f 2001/1481/1167 2002/1480/1167 1999/1482/1167
f 1995/1483/1168 1997/1486/1168 1999/1484/1168
f 2001/1485/1169 1998/1484/1169 2000/1486/1169
f 1997/1487/1170 2000/1490/1170 1998/1488/1170
f 2002/1489/1171 2001/1488/1171 1996/1490/1171
o mesh_120.005
v 29.260801 -9.906000 87.782402
v 29.260801 -9.906000 92.659203
v 30.886400 -9.906000 87.782402
v 30.886400 -9.956800 92.659203
v 30.886400 -9.956800 87.782402
v 30.886400 -9.906000 92.659203
v 29.260801 -9.956800 92.659203
v 29.260801 -9.956800 87.782402
vn -0.0000 1.0000 -0.0000
vn -0.0000 -1.0000 -0.0000
vn -0.0000 -0.0000 -1.0000
vn -0.0000 -0.0000 1.0000
vn 1.0000 -0.0000 -0.0000
vn -1.0000 -0.0000 -0.0000
vt 36.000000 19.000000
vt 33.000000 18.000000
vt 36.000000 18.000000
vt 33.000000 19.000000
vt 17.000000 -8.968750
vt 18.000000 -9.000000
vt 17.000000 -9.000000
vt 18.000000 -8.968750
vt 33.000000 -8.968750
vt 36.000000 -9.000000
vt 33.000000 -9.000000
vt 36.000000 -8.968750
s 1
usemtl materials/dev/reflectivity_30.vmat
f 2008/1491/1172 2003/1492/1172 2004/1493/1172
f 2009/1493/1173 2007/1494/1173 2006/1491/1173
f 2003/1495/1174 2007/1496/1174 2010/1497/1174
f 2009/1497/1175 2008/1498/1175 2004/1495/1175
f 2005/1499/1176 2006/1500/1176 2007/1501/1176
f 2010/1501/1177 2004/1502/1177 2003/1499/1177
f 2008/1491/1172 2005/1494/1172 2003/1492/1172
f 2009/1493/1173 2010/1492/1173 2007/1494/1173
f 2003/1495/1174 2005/1498/1174 2007/1496/1174
f 2009/1497/1175 2006/1496/1175 2008/1498/1175
f 2005/1499/1176 2008/1502/1176 2006/1500/1176
f 2010/1501/1177 2009/1500/1177 2004/1502/1177
o mesh_123.035
v 29.209999 -9.931399 92.608406
v 29.209999 -9.931399 92.709999
v 29.311600 -9.931399 92.608406
v 29.311600 -11.557000 92.709999
v 29.311600 -11.557000 92.608406
v 29.311600 -9.931399 92.709999
v 29.209999 -11.557000 92.709999
v 29.209999 -11.557000 92.608406
vn -0.0000 1.0000 -0.0000
vn -0.0000 -1.0000 -0.0000
vn -0.0000 -0.0000 -1.0000
vn -0.0000 -0.0000 1.0000
vn 1.0000 -0.0000 -0.0000
vn -1.0000 -0.0000 -0.0000
vt 42.000000 12.062500
vt 41.937500 12.000000
vt 42.000000 12.000000
vt 41.937500 12.062500
vt 11.000000 -8.000000
vt 11.062500 -9.000000
vt 11.000000 -9.000000
vt 11.062500 -8.000000
vt 41.937500 -8.000000
vt 42.000000 -9.000000
vt 41.937500 -9.000000
vt 42.000000 -8.000000
s 1
usemtl materials/dev/reflectivity_30.vmat
f 2016/1503/1178 2011/1504/1178 2012/1505/1178
f 2017/1505/1179 2015/1506/1179 2014/1503/1179
f 2011/1507/1180 2015/1508/1180 2018/1509/1180
f 2017/1509/1181 2016/1510/1181 2012/1507/1181
f 2013/1511/1182 2014/1512/1182 2015/1513/1182
f 2018/1513/1183 2012/1514/1183 2011/1511/1183
f 2016/1503/1178 2013/1506/1178 2011/1504/1178
f 2017/1505/1179 2018/1504/1179 2015/1506/1179
f 2011/1507/1180 2013/1510/1180 2015/1508/1180
f 2017/1509/1181 2014/1508/1181 2016/1510/1181
f 2013/1511/1182 2016/1514/1182 2014/1512/1182
f 2018/1513/1183 2017/1512/1183 2012/1514/1183
o mesh_123.040
v 30.937201 -13.207999 97.485207
v 30.835600 -13.207999 97.485207
v 30.937201 -13.207999 97.586800
v 30.835600 -14.833600 97.586800
v 30.937201 -14.833600 97.586800
v 30.835600 -13.207999 97.586800
v 30.835600 -14.833600 97.485207
v 30.937201 -14.833600 97.485207
vn -0.0000 1.0000 -0.0000
vn -0.0000 -1.0000 -0.0000
vn 1.0000 -0.0000 -0.0000
vn -1.0000 -0.0000 -0.0000
vn -0.0000 -0.0000 1.0000
vn -0.0000 -0.0000 -1.0000
vt 42.000000 12.062500
vt 41.937500 12.000000
vt 42.000000 12.000000
vt 41.937500 12.062500
vt 11.000000 -8.000000
vt 11.062500 -9.000000
vt 11.000000 -9.000000
vt 11.062500 -8.000000
vt 41.937500 -8.000000
vt 42.000000 -9.000000
vt 41.937500 -9.000000
vt 42.000000 -8.000000
s 1
usemtl materials/dev/reflectivity_30.vmat
f 2024/1515/1184 2019/1516/1184 2020/1517/1184
f 2025/1517/1185 2023/1518/1185 2022/1515/1185
f 2019/1519/1186 2023/1520/1186 2026/1521/1186
f 2025/1521/1187 2024/1522/1187 2020/1519/1187
f 2021/1523/1188 2022/1524/1188 2023/1525/1188
f 2026/1525/1189 2020/1526/1189 2019/1523/1189
f 2024/1515/1184 2021/1518/1184 2019/1516/1184
f 2025/1517/1185 2026/1516/1185 2023/1518/1185
f 2019/1519/1186 2021/1522/1186 2023/1520/1186
f 2025/1521/1187 2022/1520/1187 2024/1522/1187
f 2021/1523/1188 2024/1526/1188 2022/1524/1188
f 2026/1525/1189 2025/1524/1189 2020/1526/1189
o mesh_60.026
v 10.414000 -4.876800 24.790401
v 10.414000 -4.876800 25.196800
v 12.039600 -4.876800 24.790401
v 12.039600 -4.927600 25.196800
v 12.039600 -4.927600 24.790401
v 12.039600 -4.876800 25.196800
v 10.414000 -4.927600 25.196800
v 10.414000 -4.927600 24.790401
vn -0.0000 1.0000 -0.0000
vn -0.0000 -1.0000 -0.0000
vn -0.0000 -0.0000 -1.0000
vn -0.0000 -0.0000 1.0000
vn 1.0000 -0.0000 -0.0000
vn -1.0000 -0.0000 -0.0000
vt 18.000000 7.000000
vt 17.750000 6.000000
vt 18.000000 6.000000
vt 17.750000 7.000000
vt 6.000000 -2.000000
vt 7.000000 -2.031250
vt 6.000000 -2.031250
vt 7.000000 -2.000000
vt 17.750000 -2.000000
vt 18.000000 -2.031250
vt 17.750000 -2.031250
vt 18.000000 -2.000000
s 1
usemtl materials/dev/reflectivity_30.vmat
f 2032/1527/1190 2027/1528/1190 2028/1529/1190
f 2033/1529/1191 2031/1530/1191 2030/1527/1191
f 2027/1531/1192 2031/1532/1192 2034/1533/1192
f 2033/1533/1193 2032/1534/1193 2028/1531/1193
f 2029/1535/1194 2030/1536/1194 2031/1537/1194
f 2034/1537/1195 2028/1538/1195 2027/1535/1195
f 2032/1527/1190 2029/1530/1190 2027/1528/1190
f 2033/1529/1191 2034/1528/1191 2031/1530/1191
f 2027/1531/1192 2029/1534/1192 2031/1532/1192
f 2033/1533/1193 2030/1532/1193 2032/1534/1193
f 2029/1535/1194 2032/1538/1194 2030/1536/1194
f 2034/1537/1195 2033/1536/1195 2028/1538/1195
o mesh_123.017
v 29.209999 -14.833600 82.854805
v 29.209999 -14.833600 82.956398
v 29.311600 -14.833600 82.854805
v 29.311600 -16.459200 82.956398
v 29.311600 -16.459200 82.854805
v 29.311600 -14.833600 82.956398
v 29.209999 -16.459200 82.956398
v 29.209999 -16.459200 82.854805
vn -0.0000 1.0000 -0.0000
vn -0.0000 -1.0000 -0.0000
vn -0.0000 -0.0000 -1.0000
vn -0.0000 -0.0000 1.0000
vn 1.0000 -0.0000 -0.0000
vn -1.0000 -0.0000 -0.0000
vt 42.000000 12.062500
vt 41.937500 12.000000
vt 42.000000 12.000000
vt 41.937500 12.062500
vt 11.000000 -8.000000
vt 11.062500 -9.000000
vt 11.000000 -9.000000
vt 11.062500 -8.000000
vt 41.937500 -8.000000
vt 42.000000 -9.000000
vt 41.937500 -9.000000
vt 42.000000 -8.000000
s 1
usemtl materials/dev/reflectivity_30.vmat
f 2040/1539/1196 2035/1540/1196 2036/1541/1196
f 2041/1541/1197 2039/1542/1197 2038/1539/1197
f 2035/1543/1198 2039/1544/1198 2042/1545/1198
f 2041/1545/1199 2040/1546/1199 2036/1543/1199
f 2037/1547/1200 2038/1548/1200 2039/1549/1200
f 2042/1549/1201 2036/1550/1201 2035/1547/1201
f 2040/1539/1196 2037/1542/1196 2035/1540/1196
f 2041/1541/1197 2042/1540/1197 2039/1542/1197
f 2035/1543/1198 2037/1546/1198 2039/1544/1198
f 2041/1545/1199 2038/1544/1199 2040/1546/1199
f 2037/1547/1200 2040/1550/1200 2038/1548/1200
f 2042/1549/1201 2041/1548/1201 2036/1550/1201
o mesh_123.030
v 30.835600 -13.207999 92.608406
v 30.835600 -13.207999 92.709999
v 30.937201 -13.207999 92.608406
v 30.937201 -14.833600 92.709999
v 30.937201 -14.833600 92.608406
v 30.937201 -13.207999 92.709999
v 30.835600 -14.833600 92.709999
v 30.835600 -14.833600 92.608406
vn -0.0000 1.0000 -0.0000
vn -0.0000 -1.0000 -0.0000
vn -0.0000 -0.0000 -1.0000
vn -0.0000 -0.0000 1.0000
vn 1.0000 -0.0000 -0.0000
vn -1.0000 -0.0000 -0.0000
vt 42.000000 12.062500
vt 41.937500 12.000000
vt 42.000000 12.000000
vt 41.937500 12.062500
vt 11.000000 -8.000000
vt 11.062500 -9.000000
vt 11.000000 -9.000000
vt 11.062500 -8.000000
vt 41.937500 -8.000000
vt 42.000000 -9.000000
vt 41.937500 -9.000000
vt 42.000000 -8.000000
s 1
usemtl materials/dev/reflectivity_30.vmat
f 2048/1551/1202 2043/1552/1202 2044/1553/1202
f 2049/1553/1203 2047/1554/1203 2046/1551/1203
f 2043/1555/1204 2047/1556/1204 2050/1557/1204
f 2049/1557/1205 2048/1558/1205 2044/1555/1205
f 2045/1559/1206 2046/1560/1206 2047/1561/1206
f 2050/1561/1207 2044/1562/1207 2043/1559/1207
f 2048/1551/1202 2045/1554/1202 2043/1552/1202
f 2049/1553/1203 2050/1552/1203 2047/1554/1203
f 2043/1555/1204 2045/1558/1204 2047/1556/1204
f 2049/1557/1205 2046/1556/1205 2048/1558/1205
f 2045/1559/1206 2048/1562/1206 2046/1560/1206
f 2050/1561/1207 2049/1560/1207 2044/1562/1207
o mesh_107
v 13.004798 -16.052799 38.613930
v 13.004803 -16.052799 104.438873
v 32.511997 -16.052799 38.613930
v 32.512001 -77.216003 104.438873
v 32.511997 -77.216003 38.613930
v 32.512001 -16.052799 104.438873
v 13.004803 -77.216003 104.438873
v 13.004798 -77.216003 38.613930
v 13.691322 -16.052799 39.414875
v 13.691327 -16.052799 103.637932
v 31.825478 -16.052799 103.637932
v 31.825474 -16.052799 39.414875
v 13.691322 -16.459202 39.414875
v 13.691327 -16.459202 103.637932
v 31.825478 -16.459202 103.637932
v 31.825474 -16.459202 39.414875
vn -0.0000 1.0000 -0.0000
vn -0.0000 -1.0000 -0.0000
vn -0.0000 -0.0000 -1.0000
vn -0.0000 -0.0000 1.0000
vn 1.0000 -0.0000 -0.0000
vn -1.0000 -0.0000 -0.0000
vt 25.246334 11.422320
vt 24.753626 23.000000
vt 24.753626 11.000000
vt 64.246353 11.000000
vt 23.753647 23.000000
vt 64.246353 23.000000
vt 10.999999 -9.874997
vt 23.000000 -47.500000
vt 10.999999 -47.500000
vt 10.999999 -47.500004
vt 23.000000 -9.875000
vt 10.999999 -9.875000
vt 23.753647 -8.875000
vt 64.246353 -46.500000
vt 23.753647 -46.500000
vt 64.246353 -8.875000
vt 3.030794 -0.302790
vt 3.030794 -1.697210
vt 25.246353 11.422320
vt 65.246353 11.000000
vt 64.753647 11.422320
vt 63.753647 22.577679
vt 64.246353 22.000000
vt 24.246353 21.577679
vt 63.753647 21.577679
vt 63.753643 22.577679
vt 24.246353 11.422320
vt 63.753643 11.422320
vt 7.969206 -0.302790
vt 7.969206 -1.697210
vt 25.246334 22.577679
vt 23.753647 11.000000
vt 23.000000 -9.874997
vt 23.000000 -47.500004
vt 24.753647 11.000000
vt 63.753647 11.422320
vt 23.753647 22.000000
vt 24.246353 22.577679
s 1
usemtl materials/dev/reflectivity_30.vmat
f 2059/1563/1208 2053/1564/1208 2051/1565/1208
f 2057/1566/1209 2055/1567/1209 2054/1568/1209
f 2051/1569/1210 2055/1570/1210 2058/1571/1210
f 2057/1572/1211 2056/1573/1211 2052/1574/1211
f 2053/1575/1212 2054/1576/1212 2055/1577/1212
f 2058/1577/1213 2052/1578/1213 2051/1575/1213
f 2063/1579/1211 2062/1580/1211 2059/1579/1211
f 2059/1581/1208 2052/1582/1208 2060/1583/1208
f 2061/1584/1208 2052/1566/1208 2056/1568/1208
f 2056/1585/1208 2062/1586/1208 2061/1587/1208
f 2065/1588/1208 2063/1589/1208 2064/1590/1208
f 2064/1591/1212 2059/1579/1212 2060/1591/1212
f 2065/1592/1210 2060/1591/1210 2061/1592/1210
f 2066/1580/1213 2061/1592/1213 2062/1580/1213
f 2059/1563/1208 2062/1593/1208 2053/1564/1208
f 2057/1566/1209 2058/1594/1209 2055/1567/1209
f 2051/1569/1210 2053/1595/1210 2055/1570/1210
f 2057/1572/1211 2054/1596/1211 2056/1573/1211
f 2053/1575/1212 2056/1578/1212 2054/1576/1212
f 2058/1577/1213 2057/1576/1213 2052/1578/1213
f 2063/1579/1211 2066/1580/1211 2062/1580/1211
f 2059/1581/1208 2051/1597/1208 2052/1582/1208
f 2061/1584/1208 2060/1598/1208 2052/1566/1208
f 2056/1585/1208 2053/1599/1208 2062/1586/1208
f 2065/1588/1208 2066/1600/1208 2063/1589/1208
f 2064/1591/1212 2063/1579/1212 2059/1579/1212
f 2065/1592/1210 2064/1591/1210 2060/1591/1210
f 2066/1580/1213 2065/1592/1213 2061/1592/1213
o prop_static_models/dev/dev_cube.vmdl.010
v 27.159002 -16.456697 69.916527
v 25.993963 -16.456682 71.050217
v 24.860271 -16.456804 69.885178
v 26.025311 -16.456820 68.751488
v 25.993889 -14.831081 71.050117
v 27.158928 -14.831097 69.916428
v 26.025236 -14.831220 68.751389
v 24.860197 -14.831203 69.885078
v 26.025236 -14.831220 68.751389
v 26.025311 -16.456820 68.751488
v 24.860271 -16.456804 69.885178
v 24.860197 -14.831203 69.885078
v 27.159002 -16.456697 69.916527
v 27.158928 -14.831097 69.916428
v 25.993889 -14.831081 71.050117
v 25.993963 -16.456682 71.050217
v 24.860197 -14.831203 69.885078
v 24.860271 -16.456804 69.885178
v 25.993963 -16.456682 71.050217
v 25.993889 -14.831081 71.050117
v 26.025311 -16.456820 68.751488
v 26.025236 -14.831220 68.751389
v 27.158928 -14.831097 69.916428
v 27.159002 -16.456697 69.916527
vn -0.0000 -1.0000 0.0015
vn -0.0000 1.0000 -0.0001
vn -0.6974 0.0009 -0.7167
vn 0.6974 0.0010 0.7167
vn -0.7167 0.0010 0.6974
vn 0.7167 0.0009 -0.6974
vt -3.000000 -2.500000
vt -3.000000 -2.000000
vt -3.500000 -2.000000
vt -3.500000 -2.500000
vt -2.500000 1.000000
vt -2.500000 1.500000
vt -2.000000 1.500000
vt -2.000000 1.000000
vt -3.500000 1.000000
vt -3.500000 1.500000
vt -3.000000 1.500000
vt -3.000000 1.000000
s 1
usemtl materials/dev/reflectivity_30.vmat
f 2067/1601/1214 2068/1602/1214 2069/1603/1214
f 2067/1601/1214 2069/1603/1214 2070/1604/1214
f 2071/1602/1215 2072/1601/1215 2073/1604/1215
f 2071/1602/1215 2073/1604/1215 2074/1603/1215
f 2075/1605/1216 2076/1606/1216 2077/1607/1216
f 2075/1605/1216 2077/1607/1216 2078/1608/1216
f 2079/1606/1217 2080/1605/1217 2081/1608/1217
f 2079/1606/1217 2081/1608/1217 2082/1607/1217
f 2083/1609/1218 2084/1610/1218 2085/1611/1218
f 2083/1609/1218 2085/1611/1218 2086/1612/1218
f 2087/1610/1219 2088/1609/1219 2089/1612/1219
f 2087/1610/1219 2089/1612/1219 2090/1611/1219
o prop_static_models/dev/dev_cube.vmdl
v -0.852272 -4.719206 25.980772
v 1.983722 -4.754538 25.759916
v 1.568346 -5.586907 20.559259
v -1.267648 -5.551576 20.780115
v 1.983722 -4.854861 25.775972
v -0.852272 -4.819530 25.996828
v -1.267648 -5.651899 20.796171
v 1.568346 -5.687231 20.575315
v -1.267648 -5.651899 20.796171
v -1.267648 -5.551576 20.780115
v 1.568346 -5.586907 20.559259
v 1.568346 -5.687231 20.575315
v -0.852272 -4.719206 25.980772
v -0.852272 -4.819530 25.996828
v 1.983722 -4.854861 25.775972
v 1.983722 -4.754538 25.759916
v 1.568346 -5.687231 20.575315
v 1.568346 -5.586907 20.559259
v 1.983722 -4.754538 25.759916
v 1.983722 -4.854861 25.775972
v -1.267648 -5.551576 20.780115
v -1.267648 -5.651899 20.796171
v -0.852272 -4.819530 25.996828
v -0.852272 -4.719206 25.980772
vn 0.0011 0.9876 -0.1571
vn -0.0000 -0.9874 0.1580
vn -0.0786 -0.1585 -0.9842
vn 0.0786 0.1566 0.9845
vn 0.9969 -0.0134 -0.0775
vn -0.9969 0.0115 0.0778
vt -3.000000 -2.500000
vt -3.000000 -2.000000
vt -3.500000 -2.000000
vt -3.500000 -2.500000
vt -2.500000 1.000000
vt -2.500000 1.500000
vt -2.000000 1.500000
vt -2.000000 1.000000
vt -3.500000 1.000000
vt -3.500000 1.500000
vt -3.000000 1.500000
vt -3.000000 1.000000
s 1
usemtl materials/dev/reflectivity_30.vmat
f 2091/1613/1220 2092/1614/1220 2093/1615/1220
f 2091/1613/1220 2093/1615/1220 2094/1616/1220
f 2095/1614/1221 2096/1613/1221 2097/1616/1221
f 2095/1614/1221 2097/1616/1221 2098/1615/1221
f 2099/1617/1222 2100/1618/1222 2101/1619/1222
f 2099/1617/1222 2101/1619/1222 2102/1620/1222
f 2103/1618/1223 2104/1617/1223 2105/1620/1223
f 2103/1618/1223 2105/1620/1223 2106/1619/1223
f 2107/1621/1224 2108/1622/1224 2109/1623/1224
f 2107/1621/1224 2109/1623/1224 2110/1624/1224
f 2111/1622/1225 2112/1621/1225 2113/1624/1225
f 2111/1622/1225 2113/1624/1225 2114/1623/1225
o mesh_123.009
v 29.209999 -13.207999 73.101204
v 29.209999 -13.207999 73.202797
v 29.311600 -13.207999 73.101204
v 29.311600 -14.833600 73.202797
v 29.311600 -14.833600 73.101204
v 29.311600 -13.207999 73.202797
v 29.209999 -14.833600 73.202797
v 29.209999 -14.833600 73.101204
vn -0.0000 1.0000 -0.0000
vn -0.0000 -1.0000 -0.0000
vn -0.0000 -0.0000 -1.0000
vn -0.0000 -0.0000 1.0000
vn 1.0000 -0.0000 -0.0000
vn -1.0000 -0.0000 -0.0000
vt 42.000000 12.062500
vt 41.937500 12.000000
vt 42.000000 12.000000
vt 41.937500 12.062500
vt 11.000000 -8.000000
vt 11.062500 -9.000000
vt 11.000000 -9.000000
vt 11.062500 -8.000000
vt 41.937500 -8.000000
vt 42.000000 -9.000000
vt 41.937500 -9.000000
vt 42.000000 -8.000000
s 1
usemtl materials/dev/reflectivity_30.vmat
f 2120/1625/1226 2115/1626/1226 2116/1627/1226
f 2121/1627/1227 2119/1628/1227 2118/1625/1227
f 2115/1629/1228 2119/1630/1228 2122/1631/1228
f 2121/1631/1229 2120/1632/1229 2116/1629/1229
f 2117/1633/1230 2118/1634/1230 2119/1635/1230
f 2122/1635/1231 2116/1636/1231 2115/1633/1231
f 2120/1625/1226 2117/1628/1226 2115/1626/1226
f 2121/1627/1227 2122/1626/1227 2119/1628/1227
f 2115/1629/1228 2117/1632/1228 2119/1630/1228
f 2121/1631/1229 2118/1630/1229 2120/1632/1229
f 2117/1633/1230 2120/1636/1230 2118/1634/1230
f 2122/1635/1231 2121/1634/1231 2116/1636/1231
o mesh_60.022
v 10.414000 -5.486400 28.854401
v 10.414000 -5.486400 29.260799
v 12.039600 -5.486400 28.854401
v 12.039600 -5.537200 29.260799
v 12.039600 -5.537200 28.854401
v 12.039600 -5.486400 29.260799
v 10.414000 -5.537200 29.260799
v 10.414000 -5.537200 28.854401
vn -0.0000 1.0000 -0.0000
vn -0.0000 -1.0000 -0.0000
vn -0.0000 -0.0000 -1.0000
vn -0.0000 -0.0000 1.0000
vn 1.0000 -0.0000 -0.0000
vn -1.0000 -0.0000 -0.0000
vt 18.000000 7.000000
vt 17.750000 6.000000
vt 18.000000 6.000000
vt 17.750000 7.000000
vt 6.000000 -2.000000
vt 7.000000 -2.031250
vt 6.000000 -2.031250
vt 7.000000 -2.000000
vt 17.750000 -2.000000
vt 18.000000 -2.031250
vt 17.750000 -2.031250
vt 18.000000 -2.000000
s 1
usemtl materials/dev/reflectivity_30.vmat
f 2128/1637/1232 2123/1638/1232 2124/1639/1232
f 2129/1639/1233 2127/1640/1233 2126/1637/1233
f 2123/1641/1234 2127/1642/1234 2130/1643/1234
f 2129/1643/1235 2128/1644/1235 2124/1641/1235
f 2125/1645/1236 2126/1646/1236 2127/1647/1236
f 2130/1647/1237 2124/1648/1237 2123/1645/1237
f 2128/1637/1232 2125/1640/1232 2123/1638/1232
f 2129/1639/1233 2130/1638/1233 2127/1640/1233
f 2123/1641/1234 2125/1644/1234 2127/1642/1234
f 2129/1643/1235 2126/1642/1235 2128/1644/1235
f 2125/1645/1236 2128/1648/1236 2126/1646/1236
f 2130/1647/1237 2129/1646/1237 2124/1648/1237
o mesh_123.012
v 30.835600 -9.931399 82.854805
v 30.835600 -9.931399 82.956398
v 30.937201 -9.931399 82.854805
v 30.937201 -11.557000 82.956398
v 30.937201 -11.557000 82.854805
v 30.937201 -9.931399 82.956398
v 30.835600 -11.557000 82.956398
v 30.835600 -11.557000 82.854805
vn -0.0000 1.0000 -0.0000
vn -0.0000 -1.0000 -0.0000
vn -0.0000 -0.0000 -1.0000
vn -0.0000 -0.0000 1.0000
vn 1.0000 -0.0000 -0.0000
vn -1.0000 -0.0000 -0.0000
vt 42.000000 12.062500
vt 41.937500 12.000000
vt 42.000000 12.000000
vt 41.937500 12.062500
vt 11.000000 -8.000000
vt 11.062500 -9.000000
vt 11.000000 -9.000000
vt 11.062500 -8.000000
vt 41.937500 -8.000000
vt 42.000000 -9.000000
vt 41.937500 -9.000000
vt 42.000000 -8.000000
s 1
usemtl materials/dev/reflectivity_30.vmat
f 2136/1649/1238 2131/1650/1238 2132/1651/1238
f 2137/1651/1239 2135/1652/1239 2134/1649/1239
f 2131/1653/1240 2135/1654/1240 2138/1655/1240
f 2137/1655/1241 2136/1656/1241 2132/1653/1241
f 2133/1657/1242 2134/1658/1242 2135/1659/1242
f 2138/1659/1243 2132/1660/1243 2131/1657/1243
f 2136/1649/1238 2133/1652/1238 2131/1650/1238
f 2137/1651/1239 2138/1650/1239 2135/1652/1239
f 2131/1653/1240 2133/1656/1240 2135/1654/1240
f 2137/1655/1241 2134/1654/1241 2136/1656/1241
f 2133/1657/1242 2136/1660/1242 2134/1658/1242
f 2138/1659/1243 2137/1658/1243 2132/1660/1243
o prop_static_models/dev/dev_cube.vmdl.003
v 23.067953 -14.831157 64.570824
v 24.686218 -14.831217 64.416565
v 24.686157 -16.456816 64.416565
v 23.067892 -16.456757 64.570824
v 24.840475 -14.831223 66.034828
v 23.222210 -14.831162 66.189087
v 23.222149 -16.456762 66.189087
v 24.840414 -16.456821 66.034828
v 23.222149 -16.456762 66.189087
v 23.067892 -16.456757 64.570824
v 24.686157 -16.456816 64.416565
v 24.840414 -16.456821 66.034828
v 23.067953 -14.831157 64.570824
v 23.222210 -14.831162 66.189087
v 24.840475 -14.831223 66.034828
v 24.686218 -14.831217 64.416565
v 24.840414 -16.456821 66.034828
v 24.686157 -16.456816 64.416565
v 24.686218 -14.831217 64.416565
v 24.840475 -14.831223 66.034828
v 23.067892 -16.456757 64.570824
v 23.222149 -16.456762 66.189087
v 23.222210 -14.831162 66.189087
v 23.067953 -14.831157 64.570824
vn -0.0939 0.0010 -0.9956
vn 0.0949 -0.0000 0.9955
vn 0.0001 -1.0000 0.0010
vn 0.0001 1.0000 0.0010
vn 0.9956 -0.0000 -0.0939
vn -0.9954 -0.0000 0.0958
vt -3.000000 -2.500000
vt -3.000000 -2.000000
vt -3.500000 -2.000000
vt -3.500000 -2.500000
vt -2.500000 1.000000
vt -2.500000 1.500000
vt -2.000000 1.500000
vt -2.000000 1.000000
vt -3.500000 1.000000
vt -3.500000 1.500000
vt -3.000000 1.500000
vt -3.000000 1.000000
s 1
usemtl materials/dev/reflectivity_30.vmat
f 2139/1661/1244 2140/1662/1244 2141/1663/1244
f 2139/1661/1244 2141/1663/1244 2142/1664/1244
f 2143/1662/1245 2144/1661/1245 2145/1664/1245
f 2143/1662/1245 2145/1664/1245 2146/1663/1245
f 2147/1665/1246 2148/1666/1246 2149/1667/1246
f 2147/1665/1246 2149/1667/1246 2150/1668/1246
f 2151/1666/1247 2152/1665/1247 2153/1668/1247
f 2151/1666/1247 2153/1668/1247 2154/1667/1247
f 2155/1669/1248 2156/1670/1248 2157/1671/1248
f 2155/1669/1248 2157/1671/1248 2158/1672/1248
f 2159/1670/1249 2160/1669/1249 2161/1672/1249
f 2159/1670/1249 2161/1672/1249 2162/1671/1249
o mesh_123.034
v 29.209999 -11.556999 92.608406
v 29.209999 -11.556999 92.709999
v 29.311600 -11.556999 92.608406
v 29.311600 -13.182600 92.709999
v 29.311600 -13.182600 92.608406
v 29.311600 -11.556999 92.709999
v 29.209999 -13.182600 92.709999
v 29.209999 -13.182600 92.608406
vn -0.0000 1.0000 -0.0000
vn -0.0000 -1.0000 -0.0000
vn -0.0000 -0.0000 -1.0000
vn -0.0000 -0.0000 1.0000
vn 1.0000 -0.0000 -0.0000
vn -1.0000 -0.0000 -0.0000
vt 42.000000 12.062500
vt 41.937500 12.000000
vt 42.000000 12.000000
vt 41.937500 12.062500
vt 11.000000 -8.000000
vt 11.062500 -9.000000
vt 11.000000 -9.000000
vt 11.062500 -8.000000
vt 41.937500 -8.000000
vt 42.000000 -9.000000
vt 41.937500 -9.000000
vt 42.000000 -8.000000
s 1
usemtl materials/dev/reflectivity_30.vmat
f 2168/1673/1250 2163/1674/1250 2164/1675/1250
f 2169/1675/1251 2167/1676/1251 2166/1673/1251
f 2163/1677/1252 2167/1678/1252 2170/1679/1252
f 2169/1679/1253 2168/1680/1253 2164/1677/1253
f 2165/1681/1254 2166/1682/1254 2167/1683/1254
f 2170/1683/1255 2164/1684/1255 2163/1681/1255
f 2168/1673/1250 2165/1676/1250 2163/1674/1250
f 2169/1675/1251 2170/1674/1251 2167/1676/1251
f 2163/1677/1252 2165/1680/1252 2167/1678/1252
f 2169/1679/1253 2166/1678/1253 2168/1680/1253
f 2165/1681/1254 2168/1684/1254 2166/1682/1254
f 2170/1683/1255 2169/1682/1255 2164/1684/1255
o mesh_123.073
v 16.306801 -13.207999 97.485207
v 16.205200 -13.207999 97.485207
v 16.306801 -13.207999 97.586800
v 16.205200 -14.833600 97.586800
v 16.306801 -14.833600 97.586800
v 16.205200 -13.207999 97.586800
v 16.205200 -14.833600 97.485207
v 16.306801 -14.833600 97.485207
vn -0.0000 1.0000 -0.0000
vn -0.0000 -1.0000 -0.0000
vn 1.0000 -0.0000 -0.0000
vn -1.0000 -0.0000 -0.0000
vn -0.0000 -0.0000 1.0000
vn -0.0000 -0.0000 -1.0000
vt 42.000000 12.062500
vt 41.937500 12.000000
vt 42.000000 12.000000
vt 41.937500 12.062500
vt 11.000000 -8.000000
vt 11.062500 -9.000000
vt 11.000000 -9.000000
vt 11.062500 -8.000000
vt 41.937500 -8.000000
vt 42.000000 -9.000000
vt 41.937500 -9.000000
vt 42.000000 -8.000000
s 1
usemtl materials/dev/reflectivity_30.vmat
f 2176/1685/1256 2171/1686/1256 2172/1687/1256
f 2177/1687/1257 2175/1688/1257 2174/1685/1257
f 2171/1689/1258 2175/1690/1258 2178/1691/1258
f 2177/1691/1259 2176/1692/1259 2172/1689/1259
f 2173/1693/1260 2174/1694/1260 2175/1695/1260
f 2178/1695/1261 2172/1696/1261 2171/1693/1261
f 2176/1685/1256 2173/1688/1256 2171/1686/1256
f 2177/1687/1257 2178/1686/1257 2175/1688/1257
f 2171/1689/1258 2173/1692/1258 2175/1690/1258
f 2177/1691/1259 2174/1690/1259 2176/1692/1259
f 2173/1693/1260 2176/1696/1260 2174/1694/1260
f 2178/1695/1261 2177/1694/1261 2172/1696/1261
o mesh_123.071
v 16.306801 -11.556999 99.110802
v 16.205200 -11.556999 99.110802
v 16.306801 -11.556999 99.212395
v 16.205200 -13.182600 99.212395
v 16.306801 -13.182600 99.212395
v 16.205200 -11.556999 99.212395
v 16.205200 -13.182600 99.110802
v 16.306801 -13.182600 99.110802
vn -0.0000 1.0000 -0.0000
vn -0.0000 -1.0000 -0.0000
vn 1.0000 -0.0000 -0.0000
vn -1.0000 -0.0000 -0.0000
vn -0.0000 -0.0000 1.0000
vn -0.0000 -0.0000 -1.0000
vt 42.000000 12.062500
vt 41.937500 12.000000
vt 42.000000 12.000000
vt 41.937500 12.062500
vt 11.000000 -8.000000
vt 11.062500 -9.000000
vt 11.000000 -9.000000
vt 11.062500 -8.000000
vt 41.937500 -8.000000
vt 42.000000 -9.000000
vt 41.937500 -9.000000
vt 42.000000 -8.000000
s 1
usemtl materials/dev/reflectivity_30.vmat
f 2184/1697/1262 2179/1698/1262 2180/1699/1262
f 2185/1699/1263 2183/1700/1263 2182/1697/1263
f 2179/1701/1264 2183/1702/1264 2186/1703/1264
f 2185/1703/1265 2184/1704/1265 2180/1701/1265
f 2181/1705/1266 2182/1706/1266 2183/1707/1266
f 2186/1707/1267 2180/1708/1267 2179/1705/1267
f 2184/1697/1262 2181/1700/1262 2179/1698/1262
f 2185/1699/1263 2186/1698/1263 2183/1700/1263
f 2179/1701/1264 2181/1704/1264 2183/1702/1264
f 2185/1703/1265 2182/1702/1265 2184/1704/1265
f 2181/1705/1266 2184/1708/1266 2182/1706/1266
f 2186/1707/1267 2185/1706/1267 2180/1708/1267
o mesh_123.018
v 29.209999 -11.556999 82.854805
v 29.209999 -11.556999 82.956398
v 29.311600 -11.556999 82.854805
v 29.311600 -13.182600 82.956398
v 29.311600 -13.182600 82.854805
v 29.311600 -11.556999 82.956398
v 29.209999 -13.182600 82.956398
v 29.209999 -13.182600 82.854805
vn -0.0000 1.0000 -0.0000
vn -0.0000 -1.0000 -0.0000
vn -0.0000 -0.0000 -1.0000
vn -0.0000 -0.0000 1.0000
vn 1.0000 -0.0000 -0.0000
vn -1.0000 -0.0000 -0.0000
vt 42.000000 12.062500
vt 41.937500 12.000000
vt 42.000000 12.000000
vt 41.937500 12.062500
vt 11.000000 -8.000000
vt 11.062500 -9.000000
vt 11.000000 -9.000000
vt 11.062500 -8.000000
vt 41.937500 -8.000000
vt 42.000000 -9.000000
vt 41.937500 -9.000000
vt 42.000000 -8.000000
s 1
usemtl materials/dev/reflectivity_30.vmat
f 2192/1709/1268 2187/1710/1268 2188/1711/1268
f 2193/1711/1269 2191/1712/1269 2190/1709/1269
f 2187/1713/1270 2191/1714/1270 2194/1715/1270
f 2193/1715/1271 2192/1716/1271 2188/1713/1271
f 2189/1717/1272 2190/1718/1272 2191/1719/1272
f 2194/1719/1273 2188/1720/1273 2187/1717/1273
f 2192/1709/1268 2189/1712/1268 2187/1710/1268
f 2193/1711/1269 2194/1710/1269 2191/1712/1269
f 2187/1713/1270 2189/1716/1270 2191/1714/1270
f 2193/1715/1271 2190/1714/1271 2192/1716/1271
f 2189/1717/1272 2192/1720/1272 2190/1718/1272
f 2194/1719/1273 2193/1718/1273 2188/1720/1273
o mesh_123.069
v 16.306801 -9.931399 97.485207
v 16.205200 -9.931399 97.485207
v 16.306801 -9.931399 97.586800
v 16.205200 -11.557000 97.586800
v 16.306801 -11.557000 97.586800
v 16.205200 -9.931399 97.586800
v 16.205200 -11.557000 97.485207
v 16.306801 -11.557000 97.485207
vn -0.0000 1.0000 -0.0000
vn -0.0000 -1.0000 -0.0000
vn 1.0000 -0.0000 -0.0000
vn -1.0000 -0.0000 -0.0000
vn -0.0000 -0.0000 1.0000
vn -0.0000 -0.0000 -1.0000
vt 42.000000 12.062500
vt 41.937500 12.000000
vt 42.000000 12.000000
vt 41.937500 12.062500
vt 11.000000 -8.000000
vt 11.062500 -9.000000
vt 11.000000 -9.000000
vt 11.062500 -8.000000
vt 41.937500 -8.000000
vt 42.000000 -9.000000
vt 41.937500 -9.000000
vt 42.000000 -8.000000
s 1
usemtl materials/dev/reflectivity_30.vmat
f 2200/1721/1274 2195/1722/1274 2196/1723/1274
f 2201/1723/1275 2199/1724/1275 2198/1721/1275
f 2195/1725/1276 2199/1726/1276 2202/1727/1276
f 2201/1727/1277 2200/1728/1277 2196/1725/1277
f 2197/1729/1278 2198/1730/1278 2199/1731/1278
f 2202/1731/1279 2196/1732/1279 2195/1729/1279
f 2200/1721/1274 2197/1724/1274 2195/1722/1274
f 2201/1723/1275 2202/1722/1275 2199/1724/1275
f 2195/1725/1276 2197/1728/1276 2199/1726/1276
f 2201/1727/1277 2198/1726/1277 2200/1728/1277
f 2197/1729/1278 2200/1732/1278 2198/1730/1278
f 2202/1731/1279 2201/1730/1279 2196/1732/1279
o mesh_100
v 10.414000 -7.315200 32.918400
v 10.414000 -7.315200 34.544003
v 12.039600 -7.315200 32.918400
v 12.039600 -7.366000 34.544003
v 12.039600 -7.366000 32.918400
v 12.039600 -7.315200 34.544003
v 10.414000 -7.366000 34.544003
v 10.414000 -7.366000 32.918400
vn -0.0000 1.0000 -0.0000
vn -0.0000 -1.0000 -0.0000
vn -0.0000 -0.0000 -1.0000
vn -0.0000 -0.0000 1.0000
vn 1.0000 -0.0000 -0.0000
vn -1.0000 -0.0000 -0.0000
vt 21.250000 8.000000
vt 20.250000 7.000000
vt 21.250000 7.000000
vt 20.250000 8.000000
vt 7.000000 -3.843750
vt 8.000000 -3.875000
vt 7.000000 -3.875000
vt 8.000000 -3.843750
vt 20.250000 -3.843750
vt 21.250000 -3.875000
vt 20.250000 -3.875000
vt 21.250000 -3.843750
s 1
usemtl materials/dev/reflectivity_30.vmat
f 2208/1733/1280 2203/1734/1280 2204/1735/1280
f 2209/1735/1281 2207/1736/1281 2206/1733/1281
f 2203/1737/1282 2207/1738/1282 2210/1739/1282
f 2209/1739/1283 2208/1740/1283 2204/1737/1283
f 2205/1741/1284 2206/1742/1284 2207/1743/1284
f 2210/1743/1285 2204/1744/1285 2203/1741/1285
f 2208/1733/1280 2205/1736/1280 2203/1734/1280
f 2209/1735/1281 2210/1734/1281 2207/1736/1281
f 2203/1737/1282 2205/1740/1282 2207/1738/1282
f 2209/1739/1283 2206/1738/1283 2208/1740/1283
f 2205/1741/1284 2208/1744/1284 2206/1742/1284
f 2210/1743/1285 2209/1742/1285 2204/1744/1285
o mesh_123.058
v 21.183599 -14.833600 97.485207
v 21.081999 -14.833600 97.485207
v 21.183599 -14.833600 97.586800
v 21.081999 -16.459200 97.586800
v 21.183599 -16.459200 97.586800
v 21.081999 -14.833600 97.586800
v 21.081999 -16.459200 97.485207
v 21.183599 -16.459200 97.485207
vn -0.0000 1.0000 -0.0000
vn -0.0000 -1.0000 -0.0000
vn 1.0000 -0.0000 -0.0000
vn -1.0000 -0.0000 -0.0000
vn -0.0000 -0.0000 1.0000
vn -0.0000 -0.0000 -1.0000
vt 42.000000 12.062500
vt 41.937500 12.000000
vt 42.000000 12.000000
vt 41.937500 12.062500
vt 11.000000 -8.000000
vt 11.062500 -9.000000
vt 11.000000 -9.000000
vt 11.062500 -8.000000
vt 41.937500 -8.000000
vt 42.000000 -9.000000
vt 41.937500 -9.000000
vt 42.000000 -8.000000
s 1
usemtl materials/dev/reflectivity_30.vmat
f 2216/1745/1286 2211/1746/1286 2212/1747/1286
f 2217/1747/1287 2215/1748/1287 2214/1745/1287
f 2211/1749/1288 2215/1750/1288 2218/1751/1288
f 2217/1751/1289 2216/1752/1289 2212/1749/1289
f 2213/1753/1290 2214/1754/1290 2215/1755/1290
f 2218/1755/1291 2212/1756/1291 2211/1753/1291
f 2216/1745/1286 2213/1748/1286 2211/1746/1286
f 2217/1747/1287 2218/1746/1287 2215/1748/1287
f 2211/1749/1288 2213/1752/1288 2215/1750/1288
f 2217/1751/1289 2214/1750/1289 2216/1752/1289
f 2213/1753/1290 2216/1756/1290 2214/1754/1290
f 2218/1755/1291 2217/1754/1291 2212/1756/1291
o mesh_120.008
v 29.260801 -13.182600 92.659203
v 29.260801 -13.182600 97.536003
v 30.886400 -13.182600 92.659203
v 30.886400 -13.233400 97.536003
v 30.886400 -13.233400 92.659203
v 30.886400 -13.182600 97.536003
v 29.260801 -13.233400 97.536003
v 29.260801 -13.233400 92.659203
vn -0.0000 1.0000 -0.0000
vn -0.0000 -1.0000 -0.0000
vn -0.0000 -0.0000 -1.0000
vn -0.0000 -0.0000 1.0000
vn 1.0000 -0.0000 -0.0000
vn -1.0000 -0.0000 -0.0000
vt 36.000000 19.000000
vt 33.000000 18.000000
vt 36.000000 18.000000
vt 33.000000 19.000000
vt 17.000000 -8.968750
vt 18.000000 -9.000000
vt 17.000000 -9.000000
vt 18.000000 -8.968750
vt 33.000000 -8.968750
vt 36.000000 -9.000000
vt 33.000000 -9.000000
vt 36.000000 -8.968750
s 1
usemtl materials/dev/reflectivity_30.vmat
f 2224/1757/1292 2219/1758/1292 2220/1759/1292
f 2225/1759/1293 2223/1760/1293 2222/1757/1293
f 2219/1761/1294 2223/1762/1294 2226/1763/1294
f 2225/1763/1295 2224/1764/1295 2220/1761/1295
f 2221/1765/1296 2222/1766/1296 2223/1767/1296
f 2226/1767/1297 2220/1768/1297 2219/1765/1297
f 2224/1757/1292 2221/1760/1292 2219/1758/1292
f 2225/1759/1293 2226/1758/1293 2223/1760/1293
f 2219/1761/1294 2221/1764/1294 2223/1762/1294
f 2225/1763/1295 2222/1762/1295 2224/1764/1295
f 2221/1765/1296 2224/1768/1296 2222/1766/1296
f 2226/1767/1297 2225/1766/1297 2220/1768/1297
o mesh_60
v 5.537200 -9.956800 32.918400
v 5.130800 -9.956800 32.918400
v 5.537200 -9.956800 34.544003
v 5.130800 -10.007601 34.544003
v 5.537200 -10.007601 34.544003
v 5.130800 -9.956800 34.544003
v 5.130800 -10.007601 32.918400
v 5.537200 -10.007601 32.918400
vn -0.0000 1.0000 -0.0000
vn -0.0000 -1.0000 -0.0000
vn 1.0000 -0.0000 -0.0000
vn -1.0000 -0.0000 -0.0000
vn -0.0000 -0.0000 1.0000
vn -0.0000 -0.0000 -1.0000
vt 18.000000 7.000000
vt 17.750000 6.000000
vt 18.000000 6.000000
vt 17.750000 7.000000
vt 6.000000 -2.000000
vt 7.000000 -2.031250
vt 6.000000 -2.031250
vt 7.000000 -2.000000
vt 17.750000 -2.000000
vt 18.000000 -2.031250
vt 17.750000 -2.031250
vt 18.000000 -2.000000
s 1
usemtl materials/dev/reflectivity_30.vmat
f 2232/1769/1298 2227/1770/1298 2228/1771/1298
f 2233/1771/1299 2231/1772/1299 2230/1769/1299
f 2227/1773/1300 2231/1774/1300 2234/1775/1300
f 2233/1775/1301 2232/1776/1301 2228/1773/1301
f 2229/1777/1302 2230/1778/1302 2231/1779/1302
f 2234/1779/1303 2228/1780/1303 2227/1777/1303
f 2232/1769/1298 2229/1772/1298 2227/1770/1298
f 2233/1771/1299 2234/1770/1299 2231/1772/1299
f 2227/1773/1300 2229/1776/1300 2231/1774/1300
f 2233/1775/1301 2230/1774/1301 2232/1776/1301
f 2229/1777/1302 2232/1780/1302 2230/1778/1302
f 2234/1779/1303 2233/1778/1303 2228/1780/1303
o mesh_123.054
v 21.183599 -9.931399 99.110802
v 21.081999 -9.931399 99.110802
v 21.183599 -9.931399 99.212395
v 21.081999 -11.557000 99.212395
v 21.183599 -11.557000 99.212395
v 21.081999 -9.931399 99.212395
v 21.081999 -11.557000 99.110802
v 21.183599 -11.557000 99.110802
vn -0.0000 1.0000 -0.0000
vn -0.0000 -1.0000 -0.0000
vn 1.0000 -0.0000 -0.0000
vn -1.0000 -0.0000 -0.0000
vn -0.0000 -0.0000 1.0000
vn -0.0000 -0.0000 -1.0000
vt 42.000000 12.062500
vt 41.937500 12.000000
vt 42.000000 12.000000
vt 41.937500 12.062500
vt 11.000000 -8.000000
vt 11.062500 -9.000000
vt 11.000000 -9.000000
vt 11.062500 -8.000000
vt 41.937500 -8.000000
vt 42.000000 -9.000000
vt 41.937500 -9.000000
vt 42.000000 -8.000000
s 1
usemtl materials/dev/reflectivity_30.vmat
f 2240/1781/1304 2235/1782/1304 2236/1783/1304
f 2241/1783/1305 2239/1784/1305 2238/1781/1305
f 2235/1785/1306 2239/1786/1306 2242/1787/1306
f 2241/1787/1307 2240/1788/1307 2236/1785/1307
f 2237/1789/1308 2238/1790/1308 2239/1791/1308
f 2242/1791/1309 2236/1792/1309 2235/1789/1309
f 2240/1781/1304 2237/1784/1304 2235/1782/1304
f 2241/1783/1305 2242/1782/1305 2239/1784/1305
f 2235/1785/1306 2237/1788/1306 2239/1786/1306
f 2241/1787/1307 2238/1786/1307 2240/1788/1307
f 2237/1789/1308 2240/1792/1308 2238/1790/1308
f 2242/1791/1309 2241/1790/1309 2236/1792/1309
o mesh_123.001
v 30.835600 -13.207999 73.101204
v 30.835600 -13.207999 73.202797
v 30.937201 -13.207999 73.101204
v 30.937201 -14.833600 73.202797
v 30.937201 -14.833600 73.101204
v 30.937201 -13.207999 73.202797
v 30.835600 -14.833600 73.202797
v 30.835600 -14.833600 73.101204
vn -0.0000 1.0000 -0.0000
vn -0.0000 -1.0000 -0.0000
vn -0.0000 -0.0000 -1.0000
vn -0.0000 -0.0000 1.0000
vn 1.0000 -0.0000 -0.0000
vn -1.0000 -0.0000 -0.0000
vt 42.000000 12.062500
vt 41.937500 12.000000
vt 42.000000 12.000000
vt 41.937500 12.062500
vt 11.000000 -8.000000
vt 11.062500 -9.000000
vt 11.000000 -9.000000
vt 11.062500 -8.000000
vt 41.937500 -8.000000
vt 42.000000 -9.000000
vt 41.937500 -9.000000
vt 42.000000 -8.000000
s 1
usemtl materials/dev/reflectivity_30.vmat
f 2248/1793/1310 2243/1794/1310 2244/1795/1310
f 2249/1795/1311 2247/1796/1311 2246/1793/1311
f 2243/1797/1312 2247/1798/1312 2250/1799/1312
f 2249/1799/1313 2248/1800/1313 2244/1797/1313
f 2245/1801/1314 2246/1802/1314 2247/1803/1314
f 2250/1803/1315 2244/1804/1315 2243/1801/1315
f 2248/1793/1310 2245/1796/1310 2243/1794/1310
f 2249/1795/1311 2250/1794/1311 2247/1796/1311
f 2243/1797/1312 2245/1800/1312 2247/1798/1312
f 2249/1799/1313 2246/1798/1313 2248/1800/1313
f 2245/1801/1314 2248/1804/1314 2246/1802/1314
f 2250/1803/1315 2249/1802/1315 2244/1804/1315
o mesh_123.060
v 29.311600 -11.556999 97.485207
v 29.209999 -11.556999 97.485207
v 29.311600 -11.556999 97.586800
v 29.209999 -13.182600 97.586800
v 29.311600 -13.182600 97.586800
v 29.209999 -11.556999 97.586800
v 29.209999 -13.182600 97.485207
v 29.311600 -13.182600 97.485207
vn -0.0000 1.0000 -0.0000
vn -0.0000 -1.0000 -0.0000
vn 1.0000 -0.0000 -0.0000
vn -1.0000 -0.0000 -0.0000
vn -0.0000 -0.0000 1.0000
vn -0.0000 -0.0000 -1.0000
vt 42.000000 12.062500
vt 41.937500 12.000000
vt 42.000000 12.000000
vt 41.937500 12.062500
vt 11.000000 -8.000000
vt 11.062500 -9.000000
vt 11.000000 -9.000000
vt 11.062500 -8.000000
vt 41.937500 -8.000000
vt 42.000000 -9.000000
vt 41.937500 -9.000000
vt 42.000000 -8.000000
s 1
usemtl materials/dev/reflectivity_30.vmat
f 2256/1805/1316 2251/1806/1316 2252/1807/1316
f 2257/1807/1317 2255/1808/1317 2254/1805/1317
f 2251/1809/1318 2255/1810/1318 2258/1811/1318
f 2257/1811/1319 2256/1812/1319 2252/1809/1319
f 2253/1813/1320 2254/1814/1320 2255/1815/1320
f 2258/1815/1321 2252/1816/1321 2251/1813/1321
f 2256/1805/1316 2253/1808/1316 2251/1806/1316
f 2257/1807/1317 2258/1806/1317 2255/1808/1317
f 2251/1809/1318 2253/1812/1318 2255/1810/1318
f 2257/1811/1319 2254/1810/1319 2256/1812/1319
f 2253/1813/1320 2256/1816/1320 2254/1814/1320
f 2258/1815/1321 2257/1814/1321 2252/1816/1321
o prop_static_models/dev/dev_cube.vmdl.009
v 28.751245 -16.456844 68.076607
v 28.751245 -14.831245 68.076607
v 27.220448 -14.831245 67.529587
v 27.220448 -16.456844 67.529587
v 29.298267 -14.831244 66.545807
v 29.298267 -16.456844 66.545807
v 27.767469 -16.456844 65.998787
v 27.767469 -14.831244 65.998787
v 27.767469 -16.456844 65.998787
v 27.220448 -16.456844 67.529587
v 27.220448 -14.831245 67.529587
v 27.767469 -14.831244 65.998787
v 28.751245 -16.456844 68.076607
v 29.298267 -16.456844 66.545807
v 29.298267 -14.831244 66.545807
v 28.751245 -14.831245 68.076607
v 27.767469 -14.831244 65.998787
v 27.220448 -14.831245 67.529587
v 28.751245 -14.831245 68.076607
v 29.298267 -14.831244 66.545807
v 27.220448 -16.456844 67.529587
v 27.767469 -16.456844 65.998787
v 29.298267 -16.456844 66.545807
v 28.751245 -16.456844 68.076607
vn -0.3356 0.0010 0.9420
vn 0.3365 -0.0000 -0.9417
vn -0.9414 -0.0000 -0.3374
vn 0.9420 -0.0000 0.3356
vn 0.0003 1.0000 -0.0009
vn 0.0003 -1.0000 -0.0009
vt -3.000000 -2.500000
vt -3.000000 -2.000000
vt -3.500000 -2.000000
vt -3.500000 -2.500000
vt -2.500000 1.000000
vt -2.500000 1.500000
vt -2.000000 1.500000
vt -2.000000 1.000000
vt -3.500000 1.000000
vt -3.500000 1.500000
vt -3.000000 1.500000
vt -3.000000 1.000000
s 1
usemtl materials/dev/reflectivity_30.vmat
f 2259/1817/1322 2260/1818/1322 2261/1819/1322
f 2259/1817/1322 2261/1819/1322 2262/1820/1322
f 2263/1818/1323 2264/1817/1323 2265/1820/1323
f 2263/1818/1323 2265/1820/1323 2266/1819/1323
f 2267/1821/1324 2268/1822/1324 2269/1823/1324
f 2267/1821/1324 2269/1823/1324 2270/1824/1324
f 2271/1822/1325 2272/1821/1325 2273/1824/1325
f 2271/1822/1325 2273/1824/1325 2274/1823/1325
f 2275/1825/1326 2276/1826/1326 2277/1827/1326
f 2275/1825/1326 2277/1827/1326 2278/1828/1326
f 2279/1826/1327 2280/1825/1327 2281/1828/1327
f 2279/1826/1327 2281/1828/1327 2282/1827/1327
o mesh_106
v -26.009602 17.881599 27.635201
v -26.009600 17.881599 50.393600
v -6.502401 17.881599 27.635201
v -6.502399 -77.215996 50.393600
v -6.502401 -77.215996 27.635201
v -6.502399 17.881599 50.393600
v -26.009600 -77.215996 50.393600
v -26.009602 -77.215996 27.635201
v -25.323078 17.881599 28.436146
v -25.323074 17.881599 49.592655
v -7.188924 17.881599 49.592655
v -7.188926 17.881599 28.436146
v -25.323078 17.475201 28.436146
v -25.323074 17.475201 49.592655
v -7.188924 17.475201 49.592655
v -7.188926 17.475201 28.436146
vn -0.0000 1.0000 -0.0000
vn -0.0000 -1.0000 -0.0000
vn -0.0000 -0.0000 -1.0000
vn -0.0000 -0.0000 1.0000
vn 1.0000 -0.0000 -0.0000
vn -1.0000 -0.0000 -0.0000
vt 8.492707 -2.577680
vt 8.000000 9.000000
vt 8.000000 -3.000000
vt 31.000000 -15.000000
vt 17.000000 -3.000000
vt 31.000000 -3.000000
vt -16.000000 12.000000
vt -4.000000 -46.500000
vt -16.000000 -46.500000
vt -4.000000 12.000000
vt 17.000000 12.000000
vt 31.000000 -46.500000
vt 17.000000 -46.500000
vt 31.000000 12.000000
vt 0.000000 1.000000
vt 21.507294 -2.577680
vt 22.000000 -3.000000
vt 21.507294 8.577680
vt 22.000000 9.000000
vt 8.492707 8.577680
vt 17.000000 -15.000000
s 1
usemtl materials/dev/reflectivity_30.vmat
f 2291/1829/1328 2285/1830/1328 2283/1831/1328
f 2289/1832/1329 2287/1833/1329 2286/1834/1329
f 2283/1835/1330 2287/1836/1330 2290/1837/1330
f 2289/1837/1331 2288/1838/1331 2284/1835/1331
f 2285/1839/1332 2286/1840/1332 2287/1841/1332
f 2290/1841/1333 2284/1842/1333 2283/1839/1333
f 2295/1843/1331 2294/1843/1331 2291/1843/1331
f 2292/1844/1328 2283/1831/1328 2284/1845/1328
f 2293/1846/1328 2284/1845/1328 2288/1847/1328
f 2294/1848/1328 2288/1847/1328 2285/1830/1328
f 2297/1846/1328 2295/1829/1328 2296/1844/1328
f 2296/1843/1332 2291/1843/1332 2292/1843/1332
f 2297/1843/1330 2292/1843/1330 2293/1843/1330
f 2298/1843/1333 2293/1843/1333 2294/1843/1333
f 2291/1829/1328 2294/1848/1328 2285/1830/1328
f 2289/1832/1329 2290/1849/1329 2287/1833/1329
f 2283/1835/1330 2285/1838/1330 2287/1836/1330
f 2289/1837/1331 2286/1836/1331 2288/1838/1331
f 2285/1839/1332 2288/1842/1332 2286/1840/1332
f 2290/1841/1333 2289/1840/1333 2284/1842/1333
f 2295/1843/1331 2298/1843/1331 2294/1843/1331
f 2292/1844/1328 2291/1829/1328 2283/1831/1328
f 2293/1846/1328 2292/1844/1328 2284/1845/1328
f 2294/1848/1328 2293/1846/1328 2288/1847/1328
f 2297/1846/1328 2298/1848/1328 2295/1829/1328
f 2296/1843/1332 2295/1843/1332 2291/1843/1332
f 2297/1843/1330 2296/1843/1330 2292/1843/1330
f 2298/1843/1333 2297/1843/1333 2293/1843/1333
o mesh_123.004
v 30.835600 -13.207999 77.978004
v 30.835600 -13.207999 78.079597
v 30.937201 -13.207999 77.978004
v 30.937201 -14.833600 78.079597
v 30.937201 -14.833600 77.978004
v 30.937201 -13.207999 78.079597
v 30.835600 -14.833600 78.079597
v 30.835600 -14.833600 77.978004
vn -0.0000 1.0000 -0.0000
vn -0.0000 -1.0000 -0.0000
vn -0.0000 -0.0000 -1.0000
vn -0.0000 -0.0000 1.0000
vn 1.0000 -0.0000 -0.0000
vn -1.0000 -0.0000 -0.0000
vt 42.000000 12.062500
vt 41.937500 12.000000
vt 42.000000 12.000000
vt 41.937500 12.062500
vt 11.000000 -8.000000
vt 11.062500 -9.000000
vt 11.000000 -9.000000
vt 11.062500 -8.000000
vt 41.937500 -8.000000
vt 42.000000 -9.000000
vt 41.937500 -9.000000
vt 42.000000 -8.000000
s 1
usemtl materials/dev/reflectivity_30.vmat
f 2304/1850/1334 2299/1851/1334 2300/1852/1334
f 2305/1852/1335 2303/1853/1335 2302/1850/1335
f 2299/1854/1336 2303/1855/1336 2306/1856/1336
f 2305/1856/1337 2304/1857/1337 2300/1854/1337
f 2301/1858/1338 2302/1859/1338 2303/1860/1338
f 2306/1860/1339 2300/1861/1339 2299/1858/1339
f 2304/1850/1334 2301/1853/1334 2299/1851/1334
f 2305/1852/1335 2306/1851/1335 2303/1853/1335
f 2299/1854/1336 2301/1857/1336 2303/1855/1336
f 2305/1856/1337 2302/1855/1337 2304/1857/1337
f 2301/1858/1338 2304/1861/1338 2302/1859/1338
f 2306/1860/1339 2305/1859/1339 2300/1861/1339
o mesh_54
v -26.009602 26.009600 -11.379199
v -26.009598 26.009600 26.365198
v -6.502401 26.009600 -11.379201
v -6.502398 -77.216003 26.365198
v -6.502401 -77.216003 -11.379201
v -6.502398 26.009600 26.365198
v -26.009598 -77.216003 26.365198
v -26.009602 -77.216003 -11.379199
vn -0.0000 1.0000 -0.0000
vn -0.0000 -1.0000 -0.0000
vn -0.0000 -0.0000 -1.0000
vn -0.0000 -0.0000 1.0000
vn 1.0000 -0.0000 -0.0000
vn -1.0000 -0.0000 -0.0000
vt 16.218750 -3.000000
vt -7.000000 -15.000000
vt 16.218750 -15.000000
vt -7.000000 -3.000000
vt -16.000000 17.000000
vt -4.000000 -46.500000
vt -16.000000 -46.500000
vt -4.000000 17.000000
vt -7.000000 17.000000
vt 16.218750 -46.500000
vt -7.000000 -46.500000
vt 16.218750 17.000000
s 1
usemtl materials/dev/reflectivity_30.vmat
f 2312/1862/1340 2307/1863/1340 2308/1864/1340
f 2313/1864/1341 2311/1865/1341 2310/1862/1341
f 2307/1866/1342 2311/1867/1342 2314/1868/1342
f 2313/1868/1343 2312/1869/1343 2308/1866/1343
f 2309/1870/1344 2310/1871/1344 2311/1872/1344
f 2314/1872/1345 2308/1873/1345 2307/1870/1345
f 2312/1862/1340 2309/1865/1340 2307/1863/1340
f 2313/1864/1341 2314/1863/1341 2311/1865/1341
f 2307/1866/1342 2309/1869/1342 2311/1867/1342
f 2313/1868/1343 2310/1867/1343 2312/1869/1343
f 2309/1870/1344 2312/1873/1344 2310/1871/1344
f 2314/1872/1345 2313/1871/1345 2308/1873/1345
o mesh_60.006
v 7.975600 -8.737600 32.918400
v 7.569200 -8.737600 32.918400
v 7.975600 -8.737600 34.544003
v 7.569200 -8.788401 34.544003
v 7.975600 -8.788401 34.544003
v 7.569200 -8.737600 34.544003
v 7.569200 -8.788401 32.918400
v 7.975600 -8.788401 32.918400
vn -0.0000 1.0000 -0.0000
vn -0.0000 -1.0000 -0.0000
vn 1.0000 -0.0000 -0.0000
vn -1.0000 -0.0000 -0.0000
vn -0.0000 -0.0000 1.0000
vn -0.0000 -0.0000 -1.0000
vt 18.000000 7.000000
vt 17.750000 6.000000
vt 18.000000 6.000000
vt 17.750000 7.000000
vt 6.000000 -2.000000
vt 7.000000 -2.031250
vt 6.000000 -2.031250
vt 7.000000 -2.000000
vt 17.750000 -2.000000
vt 18.000000 -2.031250
vt 17.750000 -2.031250
vt 18.000000 -2.000000
s 1
usemtl materials/dev/reflectivity_30.vmat
f 2320/1874/1346 2315/1875/1346 2316/1876/1346
f 2321/1876/1347 2319/1877/1347 2318/1874/1347
f 2315/1878/1348 2319/1879/1348 2322/1880/1348
f 2321/1880/1349 2320/1881/1349 2316/1878/1349
f 2317/1882/1350 2318/1883/1350 2319/1884/1350
f 2322/1884/1351 2316/1885/1351 2315/1882/1351
f 2320/1874/1346 2317/1877/1346 2315/1875/1346
f 2321/1876/1347 2322/1875/1347 2319/1877/1347
f 2315/1878/1348 2317/1881/1348 2319/1879/1348
f 2321/1880/1349 2318/1879/1349 2320/1881/1349
f 2317/1882/1350 2320/1885/1350 2318/1883/1350
f 2322/1884/1351 2321/1883/1351 2316/1885/1351
o mesh_60.021
v 10.414000 -5.689600 29.260801
v 10.414000 -5.689600 29.667200
v 12.039600 -5.689600 29.260801
v 12.039600 -5.740400 29.667200
v 12.039600 -5.740400 29.260801
v 12.039600 -5.689600 29.667200
v 10.414000 -5.740400 29.667200
v 10.414000 -5.740400 29.260801
vn -0.0000 1.0000 -0.0000
vn -0.0000 -1.0000 -0.0000
vn -0.0000 -0.0000 -1.0000
vn -0.0000 -0.0000 1.0000
vn 1.0000 -0.0000 -0.0000
vn -1.0000 -0.0000 -0.0000
vt 18.000000 7.000000
vt 17.750000 6.000000
vt 18.000000 6.000000
vt 17.750000 7.000000
vt 6.000000 -2.000000
vt 7.000000 -2.031250
vt 6.000000 -2.031250
vt 7.000000 -2.000000
vt 17.750000 -2.000000
vt 18.000000 -2.031250
vt 17.750000 -2.031250
vt 18.000000 -2.000000
s 1
usemtl materials/dev/reflectivity_30.vmat
f 2328/1886/1352 2323/1887/1352 2324/1888/1352
f 2329/1888/1353 2327/1889/1353 2326/1886/1353
f 2323/1890/1354 2327/1891/1354 2330/1892/1354
f 2329/1892/1355 2328/1893/1355 2324/1890/1355
f 2325/1894/1356 2326/1895/1356 2327/1896/1356
f 2330/1896/1357 2324/1897/1357 2323/1894/1357
f 2328/1886/1352 2325/1889/1352 2323/1887/1352
f 2329/1888/1353 2330/1887/1353 2327/1889/1353
f 2323/1890/1354 2325/1893/1354 2327/1891/1354
f 2329/1892/1355 2326/1891/1355 2328/1893/1355
f 2325/1894/1356 2328/1897/1356 2326/1895/1356
f 2330/1896/1357 2329/1895/1357 2324/1897/1357
o prop_static_models/dev/dev_cube.vmdl.014
v 29.080153 -11.554096 74.868134
v 30.608923 -11.554096 74.315468
v 30.608841 -13.179696 74.315239
v 29.080070 -13.179696 74.867905
v 31.161587 -11.554338 75.844238
v 29.632816 -11.554338 76.396904
v 29.632734 -13.179937 76.396675
v 31.161505 -13.179937 75.844009
v 29.632734 -13.179937 76.396675
v 29.080070 -13.179696 74.867905
v 30.608841 -13.179696 74.315239
v 31.161505 -13.179937 75.844009
v 29.080153 -11.554096 74.868134
v 29.632816 -11.554338 76.396904
v 31.161587 -11.554338 75.844238
v 30.608923 -11.554096 74.315468
v 31.161505 -13.179937 75.844009
v 30.608841 -13.179696 74.315239
v 30.608923 -11.554096 74.315468
v 31.161587 -11.554338 75.844238
v 29.080070 -13.179696 74.867905
v 29.632734 -13.179937 76.396675
v 29.632816 -11.554338 76.396904
v 29.080153 -11.554096 74.868134
vn -0.3391 0.0011 -0.9408
vn 0.3400 -0.0001 0.9404
vn 0.0003 -1.0000 0.0008
vn 0.0004 1.0000 0.0010
vn 0.9408 -0.0000 -0.3391
vn -0.9401 -0.0000 0.3409
vt -3.000000 -2.500000
vt -3.000000 -2.000000
vt -3.500000 -2.000000
vt -3.500000 -2.500000
vt -2.500000 1.000000
vt -2.500000 1.500000
vt -2.000000 1.500000
vt -2.000000 1.000000
vt -3.500000 1.000000
vt -3.500000 1.500000
vt -3.000000 1.500000
vt -3.000000 1.000000
s 1
usemtl materials/dev/reflectivity_30.vmat
f 2331/1898/1358 2332/1899/1358 2333/1900/1358
f 2331/1898/1358 2333/1900/1358 2334/1901/1358
f 2335/1899/1359 2336/1898/1359 2337/1901/1359
f 2335/1899/1359 2337/1901/1359 2338/1900/1359
f 2339/1902/1360 2340/1903/1360 2341/1904/1360
f 2339/1902/1360 2341/1904/1360 2342/1905/1360
f 2343/1903/1361 2344/1902/1361 2345/1905/1361
f 2343/1903/1361 2345/1905/1361 2346/1904/1361
f 2347/1906/1362 2348/1907/1362 2349/1908/1362
f 2347/1906/1362 2349/1908/1362 2350/1909/1362
f 2351/1907/1363 2352/1906/1363 2353/1909/1363
f 2351/1907/1363 2353/1909/1363 2354/1908/1363
o mesh_60.002
v 6.350000 -9.550400 32.918400
v 5.943600 -9.550400 32.918400
v 6.350000 -9.550400 34.544003
v 5.943600 -9.601200 34.544003
v 6.350000 -9.601200 34.544003
v 5.943600 -9.550400 34.544003
v 5.943600 -9.601200 32.918400
v 6.350000 -9.601200 32.918400
vn -0.0000 1.0000 -0.0000
vn -0.0000 -1.0000 -0.0000
vn 1.0000 -0.0000 -0.0000
vn -1.0000 -0.0000 -0.0000
vn -0.0000 -0.0000 1.0000
vn -0.0000 -0.0000 -1.0000
vt 18.000000 7.000000
vt 17.750000 6.000000
vt 18.000000 6.000000
vt 17.750000 7.000000
vt 6.000000 -2.000000
vt 7.000000 -2.031250
vt 6.000000 -2.031250
vt 7.000000 -2.000000
vt 17.750000 -2.000000
vt 18.000000 -2.031250
vt 17.750000 -2.031250
vt 18.000000 -2.000000
s 1
usemtl materials/dev/reflectivity_30.vmat
f 2360/1910/1364 2355/1911/1364 2356/1912/1364
f 2361/1912/1365 2359/1913/1365 2358/1910/1365
f 2355/1914/1366 2359/1915/1366 2362/1916/1366
f 2361/1916/1367 2360/1917/1367 2356/1914/1367
f 2357/1918/1368 2358/1919/1368 2359/1920/1368
f 2362/1920/1369 2356/1921/1369 2355/1918/1369
f 2360/1910/1364 2357/1913/1364 2355/1911/1364
f 2361/1912/1365 2362/1911/1365 2359/1913/1365
f 2355/1914/1366 2357/1917/1366 2359/1915/1366
f 2361/1916/1367 2358/1915/1367 2360/1917/1367
f 2357/1918/1368 2360/1921/1368 2358/1919/1368
f 2362/1920/1369 2361/1919/1369 2356/1921/1369
o light_environment_models/editor/light_environment.vmdl.001
v 0.120152 12.987139 0.093725
v 0.098778 12.983374 0.115445
v 0.103755 12.997413 0.111739
v 0.108539 13.011573 0.108245
v 0.579753 12.947217 0.560492
v 0.465220 13.040385 0.401606
v 0.387676 12.992356 0.476874
v 0.410253 12.881588 0.442148
v 0.485857 12.930833 0.369011
v 0.465220 13.040385 0.401606
v 0.579753 12.947217 0.560492
v 0.410253 12.881588 0.442148
v 0.447927 12.954663 0.410926
v 0.448190 12.954498 0.410637
v 0.442717 12.955179 0.405884
v 0.120284 12.986853 0.093559
v 0.120152 12.987139 0.093725
v 0.442717 12.955179 0.405884
v 0.120399 12.987185 0.093474
v 0.098778 12.983374 0.115445
v 0.426604 12.950788 0.432581
v 0.267089 12.981211 0.269727
v 0.431604 12.964891 0.428858
v 0.103755 12.997413 0.111739
v 0.436410 12.979116 0.425349
v 0.108539 13.011573 0.108245
v 0.120284 12.986853 0.093559
v 0.426604 12.950788 0.432581
v 0.098778 12.983374 0.115445
v 0.120399 12.987185 0.093474
v 0.436410 12.979116 0.425349
v 0.108539 13.011573 0.108245
v 0.465220 13.040385 0.401606
v 0.485857 12.930833 0.369011
v 0.387676 12.992356 0.476874
v 0.410253 12.881588 0.442148
vn -0.7174 0.0703 -0.6931
vn -0.3099 0.3333 0.8904
vn -0.0243 0.8499 0.5264
vn -0.4383 -0.3468 0.8292
vn 0.8418 -0.3885 -0.3749
vn 0.8491 0.3026 -0.4330
vn 0.8418 -0.3885 -0.3748
vn 0.4326 -0.8925 -0.1276
vn -0.0000 -0.0000 -0.0000
vn 0.6199 -0.3895 -0.6812
vn 0.4526 0.8049 -0.3838
vn 0.4641 0.7911 -0.3984
vn -0.1683 -0.9830 0.0731
vn 0.6200 -0.3896 -0.6811
vn -0.1508 -0.9871 0.0546
vn -0.6147 0.4022 0.6785
vn -0.6205 0.3877 0.6816
vn -0.6205 0.3878 0.6816
vn -0.6255 0.3731 0.6852
vn 0.0342 -0.9900 -0.1370
vn 0.6200 -0.3896 -0.6810
vn 0.5857 0.6027 -0.5420
vn 0.5857 0.6027 -0.5419
vn 0.6200 -0.3895 -0.6811
vt 0.011475 0.627216
vt 0.017579 0.627125
vt 0.021882 0.630238
vt 0.447401 0.994995
vt 0.245582 0.994873
vt 0.268227 0.918607
vt 0.409528 0.797845
vt 0.487686 0.787072
vt 0.456923 0.986847
vt 0.011353 0.365917
vt 0.011475 0.365917
vt 0.011383 0.369976
vt 0.011292 0.627155
vt 0.011231 0.627064
vt 0.017548 0.365917
vt 0.021027 0.496994
vt 0.021027 0.365917
vt 0.257332 0.763848
vt 0.332163 0.790033
vt 0.272103 0.842555
s 1
usemtl materials/models/editor/spot.vmat
f 2363/1922/1370 2364/1923/1370 2365/1924/1370
f 2366/1923/1370 2363/1922/1370 2365/1924/1370
f 2367/1925/1371 2368/1926/1372 2369/1927/1371
f 2367/1925/1371 2369/1927/1371 2370/1926/1373
f 2371/1928/1374 2372/1929/1375 2373/1930/1376
f 2371/1928/1374 2373/1930/1376 2374/1929/1377
f 2375/1931/1378 2376/1932/1379 2377/1933/1380
f 2376/1932/1379 2378/1934/1381 2377/1933/1380
f 2379/1935/1379 2377/1933/1380 2378/1934/1381
f 2375/1931/1378 2380/1933/1382 2376/1932/1379
f 2380/1933/1382 2379/1935/1383 2381/1934/1384
f 2381/1934/1384 2376/1932/1379 2380/1933/1382
f 2382/1923/1385 2383/1936/1385 2384/1937/1386
f 2384/1937/1386 2383/1936/1385 2385/1938/1386
f 2382/1923/1385 2384/1937/1386 2386/1924/1387
f 2387/1936/1388 2388/1923/1388 2384/1937/1386
f 2388/1923/1388 2386/1924/1387 2384/1937/1386
f 2387/1936/1388 2384/1937/1386 2385/1938/1386
f 2389/1934/1389 2376/1932/1390 2390/1936/1389
f 2389/1934/1389 2390/1936/1389 2391/1923/1389
f 2392/1934/1391 2393/1936/1392 2376/1932/1393
f 2392/1934/1391 2394/1923/1392 2393/1936/1392
f 2395/1939/1370 2396/1940/1370 2397/1941/1370
f 2398/1939/1370 2397/1941/1370 2396/1940/1370
o mesh_123.011
v 29.209999 -9.931399 77.978004
v 29.209999 -9.931399 78.079597
v 29.311600 -9.931399 77.978004
v 29.311600 -11.557000 78.079597
v 29.311600 -11.557000 77.978004
v 29.311600 -9.931399 78.079597
v 29.209999 -11.557000 78.079597
v 29.209999 -11.557000 77.978004
vn -0.0000 1.0000 -0.0000
vn -0.0000 -1.0000 -0.0000
vn -0.0000 -0.0000 -1.0000
vn -0.0000 -0.0000 1.0000
vn 1.0000 -0.0000 -0.0000
vn -1.0000 -0.0000 -0.0000
vt 42.000000 12.062500
vt 41.937500 12.000000
vt 42.000000 12.000000
vt 41.937500 12.062500
vt 11.000000 -8.000000
vt 11.062500 -9.000000
vt 11.000000 -9.000000
vt 11.062500 -8.000000
vt 41.937500 -8.000000
vt 42.000000 -9.000000
vt 41.937500 -9.000000
vt 42.000000 -8.000000
s 1
usemtl materials/dev/reflectivity_30.vmat
f 2404/1942/1394 2399/1943/1394 2400/1944/1394
f 2405/1944/1395 2403/1945/1395 2402/1942/1395
f 2399/1946/1396 2403/1947/1396 2406/1948/1396
f 2405/1948/1397 2404/1949/1397 2400/1946/1397
f 2401/1950/1398 2402/1951/1398 2403/1952/1398
f 2406/1952/1399 2400/1953/1399 2399/1950/1399
f 2404/1942/1394 2401/1945/1394 2399/1943/1394
f 2405/1944/1395 2406/1943/1395 2403/1945/1395
f 2399/1946/1396 2401/1949/1396 2403/1947/1396
f 2405/1948/1397 2402/1947/1397 2404/1949/1397
f 2401/1950/1398 2404/1953/1398 2402/1951/1398
f 2406/1952/1399 2405/1951/1399 2400/1953/1399
o mesh_123.033
v 29.209999 -14.833600 92.608406
v 29.209999 -14.833600 92.709999
v 29.311600 -14.833600 92.608406
v 29.311600 -16.459200 92.709999
v 29.311600 -16.459200 92.608406
v 29.311600 -14.833600 92.709999
v 29.209999 -16.459200 92.709999
v 29.209999 -16.459200 92.608406
vn -0.0000 1.0000 -0.0000
vn -0.0000 -1.0000 -0.0000
vn -0.0000 -0.0000 -1.0000
vn -0.0000 -0.0000 1.0000
vn 1.0000 -0.0000 -0.0000
vn -1.0000 -0.0000 -0.0000
vt 42.000000 12.062500
vt 41.937500 12.000000
vt 42.000000 12.000000
vt 41.937500 12.062500
vt 11.000000 -8.000000
vt 11.062500 -9.000000
vt 11.000000 -9.000000
vt 11.062500 -8.000000
vt 41.937500 -8.000000
vt 42.000000 -9.000000
vt 41.937500 -9.000000
vt 42.000000 -8.000000
s 1
usemtl materials/dev/reflectivity_30.vmat
f 2412/1954/1400 2407/1955/1400 2408/1956/1400
f 2413/1956/1401 2411/1957/1401 2410/1954/1401
f 2407/1958/1402 2411/1959/1402 2414/1960/1402
f 2413/1960/1403 2412/1961/1403 2408/1958/1403
f 2409/1962/1404 2410/1963/1404 2411/1964/1404
f 2414/1964/1405 2408/1965/1405 2407/1962/1405
f 2412/1954/1400 2409/1957/1400 2407/1955/1400
f 2413/1956/1401 2414/1955/1401 2411/1957/1401
f 2407/1958/1402 2409/1961/1402 2411/1959/1402
f 2413/1960/1403 2410/1959/1403 2412/1961/1403
f 2409/1962/1404 2412/1965/1404 2410/1963/1404
f 2414/1964/1405 2413/1963/1405 2408/1965/1405
o mesh_123.056
v 21.183599 -13.207999 99.110802
v 21.081999 -13.207999 99.110802
v 21.183599 -13.207999 99.212395
v 21.081999 -14.833600 99.212395
v 21.183599 -14.833600 99.212395
v 21.081999 -13.207999 99.212395
v 21.081999 -14.833600 99.110802
v 21.183599 -14.833600 99.110802
vn -0.0000 1.0000 -0.0000
vn -0.0000 -1.0000 -0.0000
vn 1.0000 -0.0000 -0.0000
vn -1.0000 -0.0000 -0.0000
vn -0.0000 -0.0000 1.0000
vn -0.0000 -0.0000 -1.0000
vt 42.000000 12.062500
vt 41.937500 12.000000
vt 42.000000 12.000000
vt 41.937500 12.062500
vt 11.000000 -8.000000
vt 11.062500 -9.000000
vt 11.000000 -9.000000
vt 11.062500 -8.000000
vt 41.937500 -8.000000
vt 42.000000 -9.000000
vt 41.937500 -9.000000
vt 42.000000 -8.000000
s 1
usemtl materials/dev/reflectivity_30.vmat
f 2420/1966/1406 2415/1967/1406 2416/1968/1406
f 2421/1968/1407 2419/1969/1407 2418/1966/1407
f 2415/1970/1408 2419/1971/1408 2422/1972/1408
f 2421/1972/1409 2420/1973/1409 2416/1970/1409
f 2417/1974/1410 2418/1975/1410 2419/1976/1410
f 2422/1976/1411 2416/1977/1411 2415/1974/1411
f 2420/1966/1406 2417/1969/1406 2415/1967/1406
f 2421/1968/1407 2422/1967/1407 2419/1969/1407
f 2415/1970/1408 2417/1973/1408 2419/1971/1408
f 2421/1972/1409 2418/1971/1409 2420/1973/1409
f 2417/1974/1410 2420/1977/1410 2418/1975/1410
f 2422/1976/1411 2421/1975/1411 2416/1977/1411
o mesh_123.038
v 30.937201 -13.207999 99.110802
v 30.835600 -13.207999 99.110802
v 30.937201 -13.207999 99.212395
v 30.835600 -14.833600 99.212395
v 30.937201 -14.833600 99.212395
v 30.835600 -13.207999 99.212395
v 30.835600 -14.833600 99.110802
v 30.937201 -14.833600 99.110802
vn -0.0000 1.0000 -0.0000
vn -0.0000 -1.0000 -0.0000
vn 1.0000 -0.0000 -0.0000
vn -1.0000 -0.0000 -0.0000
vn -0.0000 -0.0000 1.0000
vn -0.0000 -0.0000 -1.0000
vt 42.000000 12.062500
vt 41.937500 12.000000
vt 42.000000 12.000000
vt 41.937500 12.062500
vt 11.000000 -8.000000
vt 11.062500 -9.000000
vt 11.000000 -9.000000
vt 11.062500 -8.000000
vt 41.937500 -8.000000
vt 42.000000 -9.000000
vt 41.937500 -9.000000
vt 42.000000 -8.000000
s 1
usemtl materials/dev/reflectivity_30.vmat
f 2428/1978/1412 2423/1979/1412 2424/1980/1412
f 2429/1980/1413 2427/1981/1413 2426/1978/1413
f 2423/1982/1414 2427/1983/1414 2430/1984/1414
f 2429/1984/1415 2428/1985/1415 2424/1982/1415
f 2425/1986/1416 2426/1987/1416 2427/1988/1416
f 2430/1988/1417 2424/1989/1417 2423/1986/1417
f 2428/1978/1412 2425/1981/1412 2423/1979/1412
f 2429/1980/1413 2430/1979/1413 2427/1981/1413
f 2423/1982/1414 2425/1985/1414 2427/1983/1414
f 2429/1984/1415 2426/1983/1415 2428/1985/1415
f 2425/1986/1416 2428/1989/1416 2426/1987/1416
f 2430/1988/1417 2429/1987/1417 2424/1989/1417
o mesh_95
v 10.414000 -4.673600 25.196800
v 10.414001 -4.673600 27.635201
v 12.039599 -4.673600 25.196800
v 12.039600 -4.724400 27.635201
v 12.039599 -4.724400 25.196800
v 12.039600 -4.673600 27.635201
v 10.414001 -4.724400 27.635201
v 10.414000 -4.724400 25.196800
vn -0.0000 1.0000 -0.0000
vn -0.0000 -1.0000 -0.0000
vn -0.0000 -0.0000 -1.0000
vn -0.0000 -0.0000 1.0000
vn 1.0000 -0.0000 -0.0000
vn -1.0000 -0.0000 -0.0000
vt 17.000000 8.000000
vt 15.500000 7.000000
vt 17.000000 7.000000
vt 15.500000 8.000000
vt 7.000000 -2.000000
vt 8.000000 -2.031250
vt 7.000000 -2.031250
vt 8.000000 -2.000000
vt 15.500000 -2.000000
vt 17.000000 -2.031250
vt 15.500000 -2.031250
vt 17.000000 -2.000000
s 1
usemtl materials/dev/reflectivity_30.vmat
f 2436/1990/1418 2431/1991/1418 2432/1992/1418
f 2437/1992/1419 2435/1993/1419 2434/1990/1419
f 2431/1994/1420 2435/1995/1420 2438/1996/1420
f 2437/1996/1421 2436/1997/1421 2432/1994/1421
f 2433/1998/1422 2434/1999/1422 2435/2000/1422
f 2438/2000/1423 2432/2001/1423 2431/1998/1423
f 2436/1990/1418 2433/1993/1418 2431/1991/1418
f 2437/1992/1419 2438/1991/1419 2435/1993/1419
f 2431/1994/1420 2433/1997/1420 2435/1995/1420
f 2437/1996/1421 2434/1995/1421 2436/1997/1421
f 2433/1998/1422 2436/2001/1422 2434/1999/1422
f 2438/2000/1423 2437/1999/1423 2432/2001/1423
o mesh_120.007
v 29.260801 -9.906000 92.659203
v 29.260801 -9.906000 97.536003
v 30.886400 -9.906000 92.659203
v 30.886400 -9.956800 97.536003
v 30.886400 -9.956800 92.659203
v 30.886400 -9.906000 97.536003
v 29.260801 -9.956800 97.536003
v 29.260801 -9.956800 92.659203
vn -0.0000 1.0000 -0.0000
vn -0.0000 -1.0000 -0.0000
vn -0.0000 -0.0000 -1.0000
vn -0.0000 -0.0000 1.0000
vn 1.0000 -0.0000 -0.0000
vn -1.0000 -0.0000 -0.0000
vt 36.000000 19.000000
vt 33.000000 18.000000
vt 36.000000 18.000000
vt 33.000000 19.000000
vt 17.000000 -8.968750
vt 18.000000 -9.000000
vt 17.000000 -9.000000
vt 18.000000 -8.968750
vt 33.000000 -8.968750
vt 36.000000 -9.000000
vt 33.000000 -9.000000
vt 36.000000 -8.968750
s 1
usemtl materials/dev/reflectivity_30.vmat
f 2444/2002/1424 2439/2003/1424 2440/2004/1424
f 2445/2004/1425 2443/2005/1425 2442/2002/1425
f 2439/2006/1426 2443/2007/1426 2446/2008/1426
f 2445/2008/1427 2444/2009/1427 2440/2006/1427
f 2441/2010/1428 2442/2011/1428 2443/2012/1428
f 2446/2012/1429 2440/2013/1429 2439/2010/1429
f 2444/2002/1424 2441/2005/1424 2439/2003/1424
f 2445/2004/1425 2446/2003/1425 2443/2005/1425
f 2439/2006/1426 2441/2009/1426 2443/2007/1426
f 2445/2008/1427 2442/2007/1427 2444/2009/1427
f 2441/2010/1428 2444/2013/1428 2442/2011/1428
f 2446/2012/1429 2445/2011/1429 2440/2013/1429
o mesh_105
v 10.261600 -4.622800 23.571201
v 10.261600 -3.606800 25.603201
v 10.414000 -4.622800 23.571201
v 10.414001 -4.673600 25.603201
v 10.414000 -5.689600 23.571201
v 10.414001 -3.606800 25.603201
v 10.261600 -4.673600 25.603201
v 10.261600 -5.689600 23.571201
v 10.414001 -3.606800 27.228802
v 10.261600 -3.606800 27.228802
v 10.261600 -4.673600 27.228802
v 10.414001 -4.673600 27.228802
v 10.414001 -6.248400 32.512001
v 10.261600 -6.248400 32.512001
v 10.261600 -7.315200 32.512001
v 10.414001 -7.315200 32.512001
v 10.414001 -6.248400 32.765999
v 10.261600 -6.248400 32.765999
v 10.261600 -7.315200 32.765999
v 10.414001 -7.315200 32.765999
v 10.414001 -6.248400 32.918400
v 10.261600 -6.248400 32.918400
v 10.261600 -7.315200 32.918400
v 10.414001 -7.315200 32.918400
v 10.261600 -6.451600 32.765999
v 10.261600 -7.518400 32.765999
v 10.261600 -7.518400 32.918400
v 10.261600 -6.451600 32.918400
v 5.130801 -9.093200 32.765999
v 5.130801 -10.160000 32.765999
v 5.130801 -10.160000 32.918400
v 5.130801 -9.093200 32.918400
vn -0.0000 0.9732 -0.2298
vn -0.0000 0.8944 -0.4472
vn -0.0000 -0.9732 0.2298
vn -0.0000 -0.8944 0.4472
vn -0.0000 -0.0000 -1.0000
vn 1.0000 -0.0000 -0.0000
vn -1.0000 -0.0000 -0.0000
vn -0.0000 0.9732 0.2298
vn -0.0000 -0.9732 -0.2298
vn -0.0000 1.0000 -0.0000
vn -0.0000 -1.0000 -0.0000
vn -0.0000 -0.0000 1.0000
vn -0.4577 0.8891 -0.0000
vn 0.4577 -0.8891 -0.0000
vt 16.281250 8.125000
vt 15.031250 8.031250
vt 16.281250 8.031250
vt 15.031250 8.125000
vt 0.031250 1.656250
vt 0.125000 1.000000
vt 0.031250 1.000000
vt 16.750000 -1.218750
vt 15.750000 -1.875000
vt 15.750000 -1.218750
vt 15.031250 -2.343750
vt 16.281250 -2.375000
vt 15.031250 -3.000000
vt 16.281250 -1.718750
vt 20.000000 -2.843750
vt 16.750000 -1.875000
vt 16.750000 8.406250
vt 15.750000 8.500000
vt 15.750000 8.406250
vt 16.750000 8.500000
vt 20.156250 -2.843750
vt 20.000000 -3.500000
vt 20.000000 8.406250
vt 20.000000 8.500000
vt 20.250000 -2.843750
vt 20.156250 -3.500000
vt 20.156250 6.406250
vt 20.000000 6.500000
vt 20.000000 6.406250
vt 20.156250 6.500000
vt 7.031250 -4.000000
vt 7.125000 -3.343750
vt 7.031250 -3.343750
vt 20.250000 6.406250
vt 20.250000 -3.500000
vt 20.250000 6.500000
vt 20.156250 1.031250
vt 20.250000 4.206250
vt 20.156250 4.206250
vt 6.500000 -2.968750
vt 6.406250 -3.625000
vt 6.406250 -2.968750
vt 20.250000 -5.250000
vt 20.156250 -4.593750
vt 20.156250 -5.250000
vt 6.406250 -3.625000
vt 3.250000 -4.593750
vt 6.406250 -2.968750
vt 20.250000 0.031251
vt 20.156250 3.206251
vt 20.250000 3.206251
vt 0.125000 1.656250
vt 7.125000 -4.000000
vt 20.250000 1.031250
vt 6.500000 -3.625000
vt 20.250000 -4.593750
vt 3.250000 -5.250000
vt 20.156250 0.031251
s 1
usemtl materials/dev/reflectivity_30.vmat
f 2452/2014/1430 2447/2015/1431 2448/2016/1430
f 2453/2016/1432 2451/2017/1433 2450/2014/1432
f 2447/2018/1434 2451/2019/1434 2454/2020/1434
f 2455/2021/1435 2450/2022/1435 2452/2023/1435
f 2449/2024/1435 2450/2025/1435 2451/2026/1435
f 2447/2024/1436 2453/2025/1436 2448/2027/1436
f 2459/2028/1435 2458/2029/1435 2455/2021/1435
f 2456/2030/1437 2452/2031/1430 2448/2032/1430
f 2457/2029/1436 2448/2023/1436 2453/2022/1436
f 2458/2033/1438 2453/2032/1432 2450/2031/1432
f 2463/2034/1435 2462/2035/1435 2459/2028/1435
f 2460/2036/1437 2455/2033/1437 2456/2030/1437
f 2457/2029/1436 2460/2028/1436 2456/2021/1436
f 2462/2037/1438 2457/2030/1438 2458/2033/1438
f 2467/2038/1435 2466/2039/1435 2463/2034/1435
f 2464/2040/1439 2459/2041/1437 2460/2042/1437
f 2465/2039/1436 2460/2028/1436 2461/2035/1436
f 2466/2043/1440 2461/2042/1438 2462/2041/1438
f 2469/2044/1441 2467/2045/1441 2468/2046/1441
f 2468/2047/1439 2463/2043/1439 2464/2040/1439
f 2469/2048/1436 2464/2034/1436 2465/2039/1436
f 2470/2049/1440 2465/2040/1440 2466/2043/1440
f 2475/2050/1442 2474/2051/1442 2471/2052/1442
f 2474/2053/1435 2472/2054/1435 2471/2055/1435
f 2477/2056/1436 2475/2057/1436 2476/2058/1436
f 2472/2059/1434 2475/2060/1434 2471/2061/1434
f 2477/2062/1443 2472/2063/1443 2473/2064/1443
f 2478/2060/1441 2473/2059/1441 2474/2061/1441
f 2452/2014/1430 2449/2017/1431 2447/2015/1431
f 2453/2016/1432 2454/2015/1433 2451/2017/1433
f 2447/2018/1434 2449/2065/1434 2451/2019/1434
f 2455/2021/1435 2458/2029/1435 2450/2022/1435
f 2449/2024/1435 2452/2027/1435 2450/2025/1435
f 2447/2024/1436 2454/2026/1436 2453/2025/1436
f 2459/2028/1435 2462/2035/1435 2458/2029/1435
f 2456/2030/1437 2455/2033/1437 2452/2031/1430
f 2457/2029/1436 2456/2021/1436 2448/2023/1436
f 2458/2033/1438 2457/2030/1438 2453/2032/1432
f 2463/2034/1435 2466/2039/1435 2462/2035/1435
f 2460/2036/1437 2459/2037/1437 2455/2033/1437
f 2457/2029/1436 2461/2035/1436 2460/2028/1436
f 2462/2037/1438 2461/2036/1438 2457/2030/1438
f 2467/2038/1435 2470/2048/1435 2466/2039/1435
f 2464/2040/1439 2463/2043/1439 2459/2041/1437
f 2465/2039/1436 2464/2034/1436 2460/2028/1436
f 2466/2043/1440 2465/2040/1440 2461/2042/1438
f 2469/2044/1441 2470/2066/1441 2467/2045/1441
f 2468/2047/1439 2467/2049/1439 2463/2043/1439
f 2469/2048/1436 2468/2038/1436 2464/2034/1436
f 2470/2049/1440 2469/2047/1440 2465/2040/1440
f 2475/2050/1442 2478/2067/1442 2474/2051/1442
f 2474/2053/1435 2473/2068/1435 2472/2054/1435
f 2477/2056/1436 2478/2069/1436 2475/2057/1436
f 2472/2059/1434 2476/2070/1434 2475/2060/1434
f 2477/2062/1443 2476/2071/1443 2472/2063/1443
f 2478/2060/1441 2477/2070/1441 2473/2059/1441
o prop_static_models/dev/dev_cube.vmdl.008
v 27.033855 -14.831247 67.579285
v 26.307598 -14.831247 69.033630
v 27.761944 -14.831247 69.759888
v 28.488201 -14.831247 68.305542
v 26.307598 -16.456848 69.033630
v 27.033855 -16.456848 67.579285
v 28.488201 -16.456848 68.305542
v 27.761944 -16.456848 69.759888
v 28.488201 -16.456848 68.305542
v 28.488201 -14.831247 68.305542
v 27.761944 -14.831247 69.759888
v 27.761944 -16.456848 69.759888
v 27.033855 -14.831247 67.579285
v 27.033855 -16.456848 67.579285
v 26.307598 -16.456848 69.033630
v 26.307598 -14.831247 69.033630
v 27.761944 -16.456848 69.759888
v 27.761944 -14.831247 69.759888
v 26.307598 -14.831247 69.033630
v 26.307598 -16.456848 69.033630
v 28.488201 -14.831247 68.305542
v 28.488201 -16.456848 68.305542
v 27.033855 -16.456848 67.579285
v 27.033855 -14.831247 67.579285
vn -0.0013 1.0000 0.0004
vn -0.0000 -1.0000 -0.0000
vn 0.8947 -0.0010 0.4468
vn -0.8947 -0.0010 -0.4468
vn -0.4468 -0.0010 0.8947
vn 0.4468 -0.0010 -0.8947
vt -3.000000 -2.500000
vt -3.000000 -2.000000
vt -3.500000 -2.000000
vt -3.500000 -2.500000
vt -2.500000 1.000000
vt -2.500000 1.500000
vt -2.000000 1.500000
vt -2.000000 1.000000
vt -3.500000 1.000000
vt -3.500000 1.500000
vt -3.000000 1.500000
vt -3.000000 1.000000
s 1
usemtl materials/dev/reflectivity_30.vmat
f 2479/2072/1444 2480/2073/1444 2481/2074/1444
f 2479/2072/1444 2481/2074/1444 2482/2075/1444
f 2483/2073/1445 2484/2072/1445 2485/2075/1445
f 2483/2073/1445 2485/2075/1445 2486/2074/1445
f 2487/2076/1446 2488/2077/1446 2489/2078/1446
f 2487/2076/1446 2489/2078/1446 2490/2079/1446
f 2491/2077/1447 2492/2076/1447 2493/2079/1447
f 2491/2077/1447 2493/2079/1447 2494/2078/1447
f 2495/2080/1448 2496/2081/1448 2497/2082/1448
f 2495/2080/1448 2497/2082/1448 2498/2083/1448
f 2499/2081/1449 2500/2080/1449 2501/2083/1449
f 2499/2081/1449 2501/2083/1449 2502/2082/1449
o mesh_53
v -6.502401 -4.876797 -6.502398
v -6.502398 -4.876797 26.365200
v 13.004799 -4.876797 -6.502400
v 13.004802 -77.216003 26.365200
v 13.004799 -77.216003 -6.502400
v 13.004802 -4.876797 26.365200
v -6.502398 -77.216003 26.365200
v -6.502401 -77.216003 -6.502398
v -5.689601 -4.876797 -5.791199
v -5.689598 -4.876797 25.653999
v 12.192001 -4.876797 25.653999
v 12.191998 -4.876797 -5.791200
v -5.689601 -5.689598 -5.791199
v -5.689598 -5.689598 25.653999
v 12.192001 -5.689598 25.653999
v 12.191998 -5.689598 -5.791200
vn -0.0000 1.0000 -0.0000
vn -0.0000 -1.0000 -0.0000
vn -0.0000 -0.0000 -1.0000
vn -0.0000 -0.0000 1.0000
vn 1.0000 -0.0000 -0.0000
vn -1.0000 -0.0000 -0.0000
vt -3.562500 -2.500000
vt -4.000000 9.000000
vt -4.000000 -3.000000
vt 16.218750 -3.000000
vt 16.218750 9.000000
vt -4.000000 -2.000000
vt 8.000000 -46.500000
vt -4.000000 -46.500000
vt 8.000000 -2.000000
vt 16.218750 -46.500000
vt 16.218750 -2.000000
vt -3.500000 -2.500000
vt 7.500000 -2.000000
vt -3.500000 -2.000000
vt 15.781250 -2.500000
vt 15.781250 8.500000
vt -3.562500 8.500000
vt -3.562500 -2.000000
vt 15.781250 -2.000000
vt 7.500000 -2.500000
s 1
usemtl materials/dev/reflectivity_30.vmat
f 2511/2084/1450 2505/2085/1450 2503/2086/1450
f 2509/2087/1451 2507/2085/1451 2506/2088/1451
f 2503/2089/1452 2507/2090/1452 2510/2091/1452
f 2509/2091/1453 2508/2092/1453 2504/2089/1453
f 2505/2089/1454 2506/2093/1454 2507/2091/1454
f 2510/2091/1455 2504/2094/1455 2503/2089/1455
f 2515/2095/1453 2514/2096/1453 2511/2097/1453
f 2512/2098/1450 2503/2086/1450 2504/2087/1450
f 2513/2099/1450 2504/2087/1450 2508/2088/1450
f 2514/2100/1450 2508/2088/1450 2505/2085/1450
f 2517/2099/1450 2515/2084/1450 2516/2098/1450
f 2516/2098/1454 2511/2101/1454 2512/2102/1454
f 2517/2103/1452 2512/2097/1452 2513/2096/1452
f 2518/2084/1455 2513/2102/1455 2514/2101/1455
f 2511/2084/1450 2514/2100/1450 2505/2085/1450
f 2509/2087/1451 2510/2086/1451 2507/2085/1451
f 2503/2089/1452 2505/2092/1452 2507/2090/1452
f 2509/2091/1453 2506/2090/1453 2508/2092/1453
f 2505/2089/1454 2508/2094/1454 2506/2093/1454
f 2510/2091/1455 2509/2093/1455 2504/2094/1455
f 2515/2095/1453 2518/2103/1453 2514/2096/1453
f 2512/2098/1450 2511/2084/1450 2503/2086/1450
f 2513/2099/1450 2512/2098/1450 2504/2087/1450
f 2514/2100/1450 2513/2099/1450 2508/2088/1450
f 2517/2099/1450 2518/2100/1450 2515/2084/1450
f 2516/2098/1454 2515/2084/1454 2511/2101/1454
f 2517/2103/1452 2516/2095/1452 2512/2097/1452
f 2518/2084/1455 2517/2098/1455 2513/2102/1455
o mesh_123.008
v 29.209999 -14.833600 73.101204
v 29.209999 -14.833600 73.202797
v 29.311600 -14.833600 73.101204
v 29.311600 -16.459200 73.202797
v 29.311600 -16.459200 73.101204
v 29.311600 -14.833600 73.202797
v 29.209999 -16.459200 73.202797
v 29.209999 -16.459200 73.101204
vn -0.0000 1.0000 -0.0000
vn -0.0000 -1.0000 -0.0000
vn -0.0000 -0.0000 -1.0000
vn -0.0000 -0.0000 1.0000
vn 1.0000 -0.0000 -0.0000
vn -1.0000 -0.0000 -0.0000
vt 42.000000 12.062500
vt 41.937500 12.000000
vt 42.000000 12.000000
vt 41.937500 12.062500
vt 11.000000 -8.000000
vt 11.062500 -9.000000
vt 11.000000 -9.000000
vt 11.062500 -8.000000
vt 41.937500 -8.000000
vt 42.000000 -9.000000
vt 41.937500 -9.000000
vt 42.000000 -8.000000
s 1
usemtl materials/dev/reflectivity_30.vmat
f 2524/2104/1456 2519/2105/1456 2520/2106/1456
f 2525/2106/1457 2523/2107/1457 2522/2104/1457
f 2519/2108/1458 2523/2109/1458 2526/2110/1458
f 2525/2110/1459 2524/2111/1459 2520/2108/1459
f 2521/2112/1460 2522/2113/1460 2523/2114/1460
f 2526/2114/1461 2520/2115/1461 2519/2112/1461
f 2524/2104/1456 2521/2107/1456 2519/2105/1456
f 2525/2106/1457 2526/2105/1457 2523/2107/1457
f 2519/2108/1458 2521/2111/1458 2523/2109/1458
f 2525/2110/1459 2522/2109/1459 2524/2111/1459
f 2521/2112/1460 2524/2115/1460 2522/2113/1460
f 2526/2114/1461 2525/2113/1461 2520/2115/1461
o mesh_60.020
v 10.414000 -5.892800 29.667200
v 10.414000 -5.892800 30.073599
v 12.039600 -5.892800 29.667200
v 12.039600 -5.943600 30.073599
v 12.039600 -5.943600 29.667200
v 12.039600 -5.892800 30.073599
v 10.414000 -5.943600 30.073599
v 10.414000 -5.943600 29.667200
vn -0.0000 1.0000 -0.0000
vn -0.0000 -1.0000 -0.0000
vn -0.0000 -0.0000 -1.0000
vn -0.0000 -0.0000 1.0000
vn 1.0000 -0.0000 -0.0000
vn -1.0000 -0.0000 -0.0000
vt 18.000000 7.000000
vt 17.750000 6.000000
vt 18.000000 6.000000
vt 17.750000 7.000000
vt 6.000000 -2.000000
vt 7.000000 -2.031250
vt 6.000000 -2.031250
vt 7.000000 -2.000000
vt 17.750000 -2.000000
vt 18.000000 -2.031250
vt 17.750000 -2.031250
vt 18.000000 -2.000000
s 1
usemtl materials/dev/reflectivity_30.vmat
f 2532/2116/1462 2527/2117/1462 2528/2118/1462
f 2533/2118/1463 2531/2119/1463 2530/2116/1463
f 2527/2120/1464 2531/2121/1464 2534/2122/1464
f 2533/2122/1465 2532/2123/1465 2528/2120/1465
f 2529/2124/1466 2530/2125/1466 2531/2126/1466
f 2534/2126/1467 2528/2127/1467 2527/2124/1467
f 2532/2116/1462 2529/2119/1462 2527/2117/1462
f 2533/2118/1463 2534/2117/1463 2531/2119/1463
f 2527/2120/1464 2529/2123/1464 2531/2121/1464
f 2533/2122/1465 2530/2121/1465 2532/2123/1465
f 2529/2124/1466 2532/2127/1466 2530/2125/1466
f 2534/2126/1467 2533/2125/1467 2528/2127/1467
o prop_static_models/dev/dev_cube.vmdl.013
v 30.773638 -14.828055 70.523087
v 31.028660 -14.828055 68.917618
v 31.028557 -13.202456 68.917603
v 30.773537 -13.202456 70.523071
v 29.423187 -14.828159 68.662598
v 29.168167 -14.828159 70.268066
v 29.168064 -13.202559 70.268051
v 29.423086 -13.202559 68.662582
v 29.168064 -13.202559 70.268051
v 30.773537 -13.202456 70.523071
v 31.028557 -13.202456 68.917603
v 29.423086 -13.202559 68.662582
v 30.773638 -14.828055 70.523087
v 29.168167 -14.828159 70.268066
v 29.423187 -14.828159 68.662598
v 31.028660 -14.828055 68.917618
v 29.423086 -13.202559 68.662582
v 31.028557 -13.202456 68.917603
v 31.028660 -14.828055 68.917618
v 29.423187 -14.828159 68.662598
v 30.773537 -13.202456 70.523071
v 29.168064 -13.202559 70.268051
v 29.168167 -14.828159 70.268066
v 30.773638 -14.828055 70.523087
vn 0.9878 -0.0009 0.1559
vn -0.9876 -0.0001 -0.1569
vn -0.0010 1.0000 -0.0002
vn -0.0009 -1.0000 -0.0001
vn 0.1559 -0.0000 -0.9878
vn -0.1578 -0.0000 0.9875
vt -3.000000 -2.500000
vt -3.000000 -2.000000
vt -3.500000 -2.000000
vt -3.500000 -2.500000
vt -2.500000 1.000000
vt -2.500000 1.500000
vt -2.000000 1.500000
vt -2.000000 1.000000
vt -3.500000 1.000000
vt -3.500000 1.500000
vt -3.000000 1.500000
vt -3.000000 1.000000
s 1
usemtl materials/dev/reflectivity_30.vmat
f 2535/2128/1468 2536/2129/1468 2537/2130/1468
f 2535/2128/1468 2537/2130/1468 2538/2131/1468
f 2539/2129/1469 2540/2128/1469 2541/2131/1469
f 2539/2129/1469 2541/2131/1469 2542/2130/1469
f 2543/2132/1470 2544/2133/1470 2545/2134/1470
f 2543/2132/1470 2545/2134/1470 2546/2135/1470
f 2547/2133/1471 2548/2132/1471 2549/2135/1471
f 2547/2133/1471 2549/2135/1471 2550/2134/1471
f 2551/2136/1472 2552/2137/1472 2553/2138/1472
f 2551/2136/1472 2553/2138/1472 2554/2139/1472
f 2555/2137/1473 2556/2136/1473 2557/2139/1473
f 2555/2137/1473 2557/2139/1473 2558/2138/1473
o mesh_123.028
v 30.835600 -9.931399 92.608406
v 30.835600 -9.931399 92.709999
v 30.937201 -9.931399 92.608406
v 30.937201 -11.557000 92.709999
v 30.937201 -11.557000 92.608406
v 30.937201 -9.931399 92.709999
v 30.835600 -11.557000 92.709999
v 30.835600 -11.557000 92.608406
vn -0.0000 1.0000 -0.0000
vn -0.0000 -1.0000 -0.0000
vn -0.0000 -0.0000 -1.0000
vn -0.0000 -0.0000 1.0000
vn 1.0000 -0.0000 -0.0000
vn -1.0000 -0.0000 -0.0000
vt 42.000000 12.062500
vt 41.937500 12.000000
vt 42.000000 12.000000
vt 41.937500 12.062500
vt 11.000000 -8.000000
vt 11.062500 -9.000000
vt 11.000000 -9.000000
vt 11.062500 -8.000000
vt 41.937500 -8.000000
vt 42.000000 -9.000000
vt 41.937500 -9.000000
vt 42.000000 -8.000000
s 1
usemtl materials/dev/reflectivity_30.vmat
f 2564/2140/1474 2559/2141/1474 2560/2142/1474
f 2565/2142/1475 2563/2143/1475 2562/2140/1475
f 2559/2144/1476 2563/2145/1476 2566/2146/1476
f 2565/2146/1477 2564/2147/1477 2560/2144/1477
f 2561/2148/1478 2562/2149/1478 2563/2150/1478
f 2566/2150/1479 2560/2151/1479 2559/2148/1479
f 2564/2140/1474 2561/2143/1474 2559/2141/1474
f 2565/2142/1475 2566/2141/1475 2563/2143/1475
f 2559/2144/1476 2561/2147/1476 2563/2145/1476
f 2565/2146/1477 2562/2145/1477 2564/2147/1477
f 2561/2148/1478 2564/2151/1478 2562/2149/1478
f 2566/2150/1479 2565/2149/1479 2560/2151/1479
o mesh_60.014
v 10.414000 -7.112000 32.105598
v 10.414000 -7.112000 32.512001
v 12.039600 -7.112000 32.105598
v 12.039600 -7.162800 32.512001
v 12.039600 -7.162800 32.105598
v 12.039600 -7.112000 32.512001
v 10.414000 -7.162800 32.512001
v 10.414000 -7.162800 32.105598
vn -0.0000 1.0000 -0.0000
vn -0.0000 -1.0000 -0.0000
vn -0.0000 -0.0000 -1.0000
vn -0.0000 -0.0000 1.0000
vn 1.0000 -0.0000 -0.0000
vn -1.0000 -0.0000 -0.0000
vt 18.000000 7.000000
vt 17.750000 6.000000
vt 18.000000 6.000000
vt 17.750000 7.000000
vt 6.000000 -2.000000
vt 7.000000 -2.031250
vt 6.000000 -2.031250
vt 7.000000 -2.000000
vt 17.750000 -2.000000
vt 18.000000 -2.031250
vt 17.750000 -2.031250
vt 18.000000 -2.000000
s 1
usemtl materials/dev/reflectivity_30.vmat
f 2572/2152/1480 2567/2153/1480 2568/2154/1480
f 2573/2154/1481 2571/2155/1481 2570/2152/1481
f 2567/2156/1482 2571/2157/1482 2574/2158/1482
f 2573/2158/1483 2572/2159/1483 2568/2156/1483
f 2569/2160/1484 2570/2161/1484 2571/2162/1484
f 2574/2162/1485 2568/2163/1485 2567/2160/1485
f 2572/2152/1480 2569/2155/1480 2567/2153/1480
f 2573/2154/1481 2574/2153/1481 2571/2155/1481
f 2567/2156/1482 2569/2159/1482 2571/2157/1482
f 2573/2158/1483 2570/2157/1483 2572/2159/1483
f 2569/2160/1484 2572/2163/1484 2570/2161/1484
f 2574/2162/1485 2573/2161/1485 2568/2163/1485
o light_environment_models/editor/light_environment.vmdl
v -0.076070 12.888055 -0.064161
v -0.048102 12.878188 -0.072107
v -0.055734 12.888055 -0.081052
v -0.063127 12.897921 -0.090197
v -0.332068 12.385496 -0.399719
v -0.293455 12.593440 -0.351639
v -0.189060 12.537883 -0.352279
v -0.208844 12.482326 -0.249774
v -0.310833 12.537883 -0.251133
v -0.293455 12.593440 -0.351639
v -0.332068 12.385496 -0.399719
v -0.208844 12.482326 -0.249774
v -0.263710 12.537756 -0.290412
v -0.264036 12.537756 -0.290141
v -0.260727 12.543324 -0.286816
v -0.076217 12.887938 -0.063859
v -0.076070 12.888055 -0.064161
v -0.260727 12.543324 -0.286816
v -0.076395 12.888171 -0.064072
v -0.048102 12.878188 -0.072107
v -0.235798 12.527844 -0.298242
v -0.149261 12.713536 -0.193733
v -0.243465 12.537756 -0.307228
v -0.055734 12.888055 -0.081052
v -0.250891 12.547667 -0.316414
v -0.063127 12.897921 -0.090197
v -0.076217 12.887938 -0.063859
v -0.235798 12.527844 -0.298242
v -0.048102 12.878188 -0.072107
v -0.076395 12.888171 -0.064072
v -0.250891 12.547667 -0.316414
v -0.063127 12.897921 -0.090197
v -0.293455 12.593440 -0.351639
v -0.310833 12.537883 -0.251133
v -0.189060 12.537883 -0.352279
v -0.208844 12.482326 -0.249774
vn 0.4112 0.7654 0.4950
vn 0.5623 -0.2853 -0.7762
vn 0.1058 0.1976 -0.9746
vn 0.7422 -0.6379 -0.2052
vn -0.8661 -0.2853 0.4104
vn -0.9774 0.1976 -0.0748
vn -0.3380 -0.6379 0.6920
vn -0.0000 -0.0000 -0.0000
vn -0.7688 -0.0006 0.6395
vn -0.6534 0.6247 -0.4275
vn -0.6675 0.6219 -0.4095
vn 0.3014 -0.6259 0.7193
vn -0.7688 -0.0007 0.6395
vn 0.2790 -0.6219 0.7317
vn 0.7615 0.0088 -0.6481
vn 0.7614 0.0088 -0.6482
vn 0.7697 -0.0007 -0.6383
vn 0.7697 -0.0007 -0.6384
vn 0.7697 -0.0006 -0.6384
vn 0.7774 -0.0109 -0.6289
vn 0.0400 -0.5569 0.8296
vn -0.7688 -0.0008 0.6394
vn -0.8082 0.5563 -0.1932
vt 0.011475 0.627216
vt 0.017579 0.627125
vt 0.021882 0.630238
vt 0.447401 0.994995
vt 0.245582 0.994873
vt 0.268227 0.918607
vt 0.409528 0.797845
vt 0.487686 0.787072
vt 0.456923 0.986847
vt 0.011353 0.365917
vt 0.011475 0.365917
vt 0.011383 0.369976
vt 0.011292 0.627155
vt 0.011231 0.627064
vt 0.017548 0.365917
vt 0.021027 0.496994
vt 0.021027 0.365917
vt 0.257332 0.763848
vt 0.332163 0.790033
vt 0.272103 0.842555
s 1
usemtl materials/models/editor/spot.vmat
f 2575/2164/1486 2576/2165/1486 2577/2166/1486
f 2578/2165/1486 2575/2164/1486 2577/2166/1486
f 2579/2167/1487 2580/2168/1488 2581/2169/1487
f 2579/2167/1487 2581/2169/1487 2582/2168/1489
f 2583/2170/1490 2584/2171/1491 2585/2172/1490
f 2583/2170/1490 2585/2172/1490 2586/2171/1492
f 2587/2173/1493 2588/2174/1494 2589/2175/1495
f 2588/2174/1494 2590/2176/1496 2589/2175/1495
f 2591/2177/1494 2589/2175/1495 2590/2176/1496
f 2587/2173/1493 2592/2175/1497 2588/2174/1494
f 2592/2175/1497 2591/2177/1498 2593/2176/1499
f 2593/2176/1499 2588/2174/1494 2592/2175/1497
f 2594/2165/1500 2595/2178/1501 2596/2179/1502
f 2596/2179/1502 2595/2178/1501 2597/2180/1503
f 2594/2165/1500 2596/2179/1502 2598/2166/1504
f 2599/2178/1505 2600/2165/1505 2596/2179/1502
f 2600/2165/1505 2598/2166/1504 2596/2179/1502
f 2599/2178/1505 2596/2179/1502 2597/2180/1503
f 2601/2176/1506 2588/2174/1507 2602/2178/1506
f 2601/2176/1506 2602/2178/1506 2603/2165/1506
f 2604/2176/1508 2605/2178/1508 2588/2174/1498
f 2604/2176/1508 2606/2165/1508 2605/2178/1508
f 2607/2181/1486 2608/2182/1486 2609/2183/1486
f 2610/2181/1486 2609/2183/1486 2608/2182/1486
o mesh_123.010
v 29.209999 -11.556999 77.978004
v 29.209999 -11.556999 78.079597
v 29.311600 -11.556999 77.978004
v 29.311600 -13.182600 78.079597
v 29.311600 -13.182600 77.978004
v 29.311600 -11.556999 78.079597
v 29.209999 -13.182600 78.079597
v 29.209999 -13.182600 77.978004
vn -0.0000 1.0000 -0.0000
vn -0.0000 -1.0000 -0.0000
vn -0.0000 -0.0000 -1.0000
vn -0.0000 -0.0000 1.0000
vn 1.0000 -0.0000 -0.0000
vn -1.0000 -0.0000 -0.0000
vt 42.000000 12.062500
vt 41.937500 12.000000
vt 42.000000 12.000000
vt 41.937500 12.062500
vt 11.000000 -8.000000
vt 11.062500 -9.000000
vt 11.000000 -9.000000
vt 11.062500 -8.000000
vt 41.937500 -8.000000
vt 42.000000 -9.000000
vt 41.937500 -9.000000
vt 42.000000 -8.000000
s 1
usemtl materials/dev/reflectivity_30.vmat
f 2616/2184/1509 2611/2185/1509 2612/2186/1509
f 2617/2186/1510 2615/2187/1510 2614/2184/1510
f 2611/2188/1511 2615/2189/1511 2618/2190/1511
f 2617/2190/1512 2616/2191/1512 2612/2188/1512
f 2613/2192/1513 2614/2193/1513 2615/2194/1513
f 2618/2194/1514 2612/2195/1514 2611/2192/1514
f 2616/2184/1509 2613/2187/1509 2611/2185/1509
f 2617/2186/1510 2618/2185/1510 2615/2187/1510
f 2611/2188/1511 2613/2191/1511 2615/2189/1511
f 2617/2190/1512 2614/2189/1512 2616/2191/1512
f 2613/2192/1513 2616/2195/1513 2614/2193/1513
f 2618/2194/1514 2617/2193/1514 2612/2195/1514
o mesh_123.032
v 29.209999 -13.207999 92.608406
v 29.209999 -13.207999 92.709999
v 29.311600 -13.207999 92.608406
v 29.311600 -14.833600 92.709999
v 29.311600 -14.833600 92.608406
v 29.311600 -13.207999 92.709999
v 29.209999 -14.833600 92.709999
v 29.209999 -14.833600 92.608406
vn -0.0000 1.0000 -0.0000
vn -0.0000 -1.0000 -0.0000
vn -0.0000 -0.0000 -1.0000
vn -0.0000 -0.0000 1.0000
vn 1.0000 -0.0000 -0.0000
vn -1.0000 -0.0000 -0.0000
vt 42.000000 12.062500
vt 41.937500 12.000000
vt 42.000000 12.000000
vt 41.937500 12.062500
vt 11.000000 -8.000000
vt 11.062500 -9.000000
vt 11.000000 -9.000000
vt 11.062500 -8.000000
vt 41.937500 -8.000000
vt 42.000000 -9.000000
vt 41.937500 -9.000000
vt 42.000000 -8.000000
s 1
usemtl materials/dev/reflectivity_30.vmat
f 2624/2196/1515 2619/2197/1515 2620/2198/1515
f 2625/2198/1516 2623/2199/1516 2622/2196/1516
f 2619/2200/1517 2623/2201/1517 2626/2202/1517
f 2625/2202/1518 2624/2203/1518 2620/2200/1518
f 2621/2204/1519 2622/2205/1519 2623/2206/1519
f 2626/2206/1520 2620/2207/1520 2619/2204/1520
f 2624/2196/1515 2621/2199/1515 2619/2197/1515
f 2625/2198/1516 2626/2197/1516 2623/2199/1516
f 2619/2200/1517 2621/2203/1517 2623/2201/1517
f 2625/2202/1518 2622/2201/1518 2624/2203/1518
f 2621/2204/1519 2624/2207/1519 2622/2205/1519
f 2626/2206/1520 2625/2205/1520 2620/2207/1520
o mesh_123.067
v 29.311600 -14.833600 99.110802
v 29.209999 -14.833600 99.110802
v 29.311600 -14.833600 99.212395
v 29.209999 -16.459200 99.212395
v 29.311600 -16.459200 99.212395
v 29.209999 -14.833600 99.212395
v 29.209999 -16.459200 99.110802
v 29.311600 -16.459200 99.110802
vn -0.0000 1.0000 -0.0000
vn -0.0000 -1.0000 -0.0000
vn 1.0000 -0.0000 -0.0000
vn -1.0000 -0.0000 -0.0000
vn -0.0000 -0.0000 1.0000
vn -0.0000 -0.0000 -1.0000
vt 42.000000 12.062500
vt 41.937500 12.000000
vt 42.000000 12.000000
vt 41.937500 12.062500
vt 11.000000 -8.000000
vt 11.062500 -9.000000
vt 11.000000 -9.000000
vt 11.062500 -8.000000
vt 41.937500 -8.000000
vt 42.000000 -9.000000
vt 41.937500 -9.000000
vt 42.000000 -8.000000
s 1
usemtl materials/dev/reflectivity_30.vmat
f 2632/2208/1521 2627/2209/1521 2628/2210/1521
f 2633/2210/1522 2631/2211/1522 2630/2208/1522
f 2627/2212/1523 2631/2213/1523 2634/2214/1523
f 2633/2214/1524 2632/2215/1524 2628/2212/1524
f 2629/2216/1525 2630/2217/1525 2631/2218/1525
f 2634/2218/1526 2628/2219/1526 2627/2216/1526
f 2632/2208/1521 2629/2211/1521 2627/2209/1521
f 2633/2210/1522 2634/2209/1522 2631/2211/1522
f 2627/2212/1523 2629/2215/1523 2631/2213/1523
f 2633/2214/1524 2630/2213/1524 2632/2215/1524
f 2629/2216/1525 2632/2219/1525 2630/2217/1525
f 2634/2218/1526 2633/2217/1526 2628/2219/1526
o mesh_123.065
v 29.311600 -13.207999 97.485207
v 29.209999 -13.207999 97.485207
v 29.311600 -13.207999 97.586800
v 29.209999 -14.833600 97.586800
v 29.311600 -14.833600 97.586800
v 29.209999 -13.207999 97.586800
v 29.209999 -14.833600 97.485207
v 29.311600 -14.833600 97.485207
vn -0.0000 1.0000 -0.0000
vn -0.0000 -1.0000 -0.0000
vn 1.0000 -0.0000 -0.0000
vn -1.0000 -0.0000 -0.0000
vn -0.0000 -0.0000 1.0000
vn -0.0000 -0.0000 -1.0000
vt 42.000000 12.062500
vt 41.937500 12.000000
vt 42.000000 12.000000
vt 41.937500 12.062500
vt 11.000000 -8.000000
vt 11.062500 -9.000000
vt 11.000000 -9.000000
vt 11.062500 -8.000000
vt 41.937500 -8.000000
vt 42.000000 -9.000000
vt 41.937500 -9.000000
vt 42.000000 -8.000000
s 1
usemtl materials/dev/reflectivity_30.vmat
f 2640/2220/1527 2635/2221/1527 2636/2222/1527
f 2641/2222/1528 2639/2223/1528 2638/2220/1528
f 2635/2224/1529 2639/2225/1529 2642/2226/1529
f 2641/2226/1530 2640/2227/1530 2636/2224/1530
f 2637/2228/1531 2638/2229/1531 2639/2230/1531
f 2642/2230/1532 2636/2231/1532 2635/2228/1532
f 2640/2220/1527 2637/2223/1527 2635/2221/1527
f 2641/2222/1528 2642/2221/1528 2639/2223/1528
f 2635/2224/1529 2637/2227/1529 2639/2225/1529
f 2641/2226/1530 2638/2225/1530 2640/2227/1530
f 2637/2228/1531 2640/2231/1531 2638/2229/1531
f 2642/2230/1532 2641/2229/1532 2636/2231/1532
o mesh_123.063
v 29.311600 -11.556999 99.110802
v 29.209999 -11.556999 99.110802
v 29.311600 -11.556999 99.212395
v 29.209999 -13.182600 99.212395
v 29.311600 -13.182600 99.212395
v 29.209999 -11.556999 99.212395
v 29.209999 -13.182600 99.110802
v 29.311600 -13.182600 99.110802
vn -0.0000 1.0000 -0.0000
vn -0.0000 -1.0000 -0.0000
vn 1.0000 -0.0000 -0.0000
vn -1.0000 -0.0000 -0.0000
vn -0.0000 -0.0000 1.0000
vn -0.0000 -0.0000 -1.0000
vt 42.000000 12.062500
vt 41.937500 12.000000
vt 42.000000 12.000000
vt 41.937500 12.062500
vt 11.000000 -8.000000
vt 11.062500 -9.000000
vt 11.000000 -9.000000
vt 11.062500 -8.000000
vt 41.937500 -8.000000
vt 42.000000 -9.000000
vt 41.937500 -9.000000
vt 42.000000 -8.000000
s 1
usemtl materials/dev/reflectivity_30.vmat
f 2648/2232/1533 2643/2233/1533 2644/2234/1533
f 2649/2234/1534 2647/2235/1534 2646/2232/1534
f 2643/2236/1535 2647/2237/1535 2650/2238/1535
f 2649/2238/1536 2648/2239/1536 2644/2236/1536
f 2645/2240/1537 2646/2241/1537 2647/2242/1537
f 2650/2242/1538 2644/2243/1538 2643/2240/1538
f 2648/2232/1533 2645/2235/1533 2643/2233/1533
f 2649/2234/1534 2650/2233/1534 2647/2235/1534
f 2643/2236/1535 2645/2239/1535 2647/2237/1535
f 2649/2238/1536 2646/2237/1536 2648/2239/1536
f 2645/2240/1537 2648/2243/1537 2646/2241/1537
f 2650/2242/1538 2649/2241/1538 2644/2243/1538
o mesh_60.025
v 10.414000 -4.876800 27.635201
v 10.414000 -4.876800 28.041599
v 12.039600 -4.876800 27.635201
v 12.039600 -4.927600 28.041599
v 12.039600 -4.927600 27.635201
v 12.039600 -4.876800 28.041599
v 10.414000 -4.927600 28.041599
v 10.414000 -4.927600 27.635201
vn -0.0000 1.0000 -0.0000
vn -0.0000 -1.0000 -0.0000
vn -0.0000 -0.0000 -1.0000
vn -0.0000 -0.0000 1.0000
vn 1.0000 -0.0000 -0.0000
vn -1.0000 -0.0000 -0.0000
vt 18.000000 7.000000
vt 17.750000 6.000000
vt 18.000000 6.000000
vt 17.750000 7.000000
vt 6.000000 -2.000000
vt 7.000000 -2.031250
vt 6.000000 -2.031250
vt 7.000000 -2.000000
vt 17.750000 -2.000000
vt 18.000000 -2.031250
vt 17.750000 -2.031250
vt 18.000000 -2.000000
s 1
usemtl materials/dev/reflectivity_30.vmat
f 2656/2244/1539 2651/2245/1539 2652/2246/1539
f 2657/2246/1540 2655/2247/1540 2654/2244/1540
f 2651/2248/1541 2655/2249/1541 2658/2250/1541
f 2657/2250/1542 2656/2251/1542 2652/2248/1542
f 2653/2252/1543 2654/2253/1543 2655/2254/1543
f 2658/2254/1544 2652/2255/1544 2651/2252/1544
f 2656/2244/1539 2653/2247/1539 2651/2245/1539
f 2657/2246/1540 2658/2245/1540 2655/2247/1540
f 2651/2248/1541 2653/2251/1541 2655/2249/1541
f 2657/2250/1542 2654/2249/1542 2656/2251/1542
f 2653/2252/1543 2656/2255/1543 2654/2253/1543
f 2658/2254/1544 2657/2253/1544 2652/2255/1544
o mesh_123.029
v 30.835600 -11.556999 92.608406
v 30.835600 -11.556999 92.709999
v 30.937201 -11.556999 92.608406
v 30.937201 -13.182600 92.709999
v 30.937201 -13.182600 92.608406
v 30.937201 -11.556999 92.709999
v 30.835600 -13.182600 92.709999
v 30.835600 -13.182600 92.608406
vn -0.0000 1.0000 -0.0000
vn -0.0000 -1.0000 -0.0000
vn -0.0000 -0.0000 -1.0000
vn -0.0000 -0.0000 1.0000
vn 1.0000 -0.0000 -0.0000
vn -1.0000 -0.0000 -0.0000
vt 42.000000 12.062500
vt 41.937500 12.000000
vt 42.000000 12.000000
vt 41.937500 12.062500
vt 11.000000 -8.000000
vt 11.062500 -9.000000
vt 11.000000 -9.000000
vt 11.062500 -8.000000
vt 41.937500 -8.000000
vt 42.000000 -9.000000
vt 41.937500 -9.000000
vt 42.000000 -8.000000
s 1
usemtl materials/dev/reflectivity_30.vmat
f 2664/2256/1545 2659/2257/1545 2660/2258/1545
f 2665/2258/1546 2663/2259/1546 2662/2256/1546
f 2659/2260/1547 2663/2261/1547 2666/2262/1547
f 2665/2262/1548 2664/2263/1548 2660/2260/1548
f 2661/2264/1549 2662/2265/1549 2663/2266/1549
f 2666/2266/1550 2660/2267/1550 2659/2264/1550
f 2664/2256/1545 2661/2259/1545 2659/2257/1545
f 2665/2258/1546 2666/2257/1546 2663/2259/1546
f 2659/2260/1547 2661/2263/1547 2663/2261/1547
f 2665/2262/1548 2662/2261/1548 2664/2263/1548
f 2661/2264/1549 2664/2267/1549 2662/2265/1549
f 2666/2266/1550 2665/2265/1550 2660/2267/1550
o mesh_101
v 12.039599 -4.622800 23.571201
v 12.039600 -3.606800 25.603201
v 12.191999 -4.622800 23.571201
v 12.192000 -4.673600 25.603201
v 12.191999 -5.689600 23.571201
v 12.192000 -3.606800 25.603201
v 12.039600 -4.673600 25.603201
v 12.039599 -5.689600 23.571201
v 12.192000 -3.606800 27.228802
v 12.039600 -3.606800 27.228802
v 12.039600 -4.673600 27.228802
v 12.192000 -4.673600 27.228802
v 12.192000 -6.248400 32.512001
v 12.039600 -6.248400 32.512001
v 12.039600 -7.315200 32.512001
v 12.192000 -7.315200 32.512001
v 12.192000 -6.248400 34.543999
v 12.039600 -6.248400 34.543999
v 12.039600 -7.315200 34.543999
v 12.192000 -7.315200 34.543999
v 12.192000 -6.248400 34.696400
v 12.039600 -6.248400 34.696400
v 12.039600 -7.315200 34.696400
v 12.192000 -7.315200 34.696400
v 10.820400 -6.248400 34.543999
v 10.820400 -7.315200 34.543999
v 10.820400 -7.315200 34.696400
v 10.820400 -6.248400 34.696400
v 5.130801 -9.093200 34.544003
v 5.130801 -10.160000 34.544003
v 5.130801 -10.160000 34.696404
v 5.130801 -9.093200 34.696404
vn -0.0000 0.9732 -0.2298
vn -0.0000 0.8944 -0.4472
vn -0.0000 -0.9732 0.2298
vn -0.0000 -0.8944 0.4472
vn -0.0000 -0.0000 -1.0000
vn 1.0000 -0.0000 -0.0000
vn -1.0000 -0.0000 -0.0000
vn -0.0000 0.9732 0.2298
vn -0.0000 -0.9732 -0.2298
vn -0.0000 1.0000 -0.0000
vn -0.0000 -1.0000 -0.0000
vn -0.0000 -0.0000 1.0000
vn -0.2298 0.9732 -0.0000
vn -0.4472 0.8944 -0.0000
vn 0.2298 -0.9732 -0.0000
vn 0.4472 -0.8944 -0.0000
vt 16.281250 8.125000
vt 15.031250 8.031250
vt 16.281250 8.031250
vt 15.031250 8.125000
vt 0.031250 1.656250
vt 0.125000 1.000000
vt 0.031250 1.000000
vt 16.750000 -1.218750
vt 15.750000 -1.875000
vt 15.750000 -1.218750
vt 15.031250 -2.343750
vt 16.281250 -2.375000
vt 15.031250 -3.000000
vt 16.281250 -1.718750
vt 20.000000 -2.843750
vt 16.750000 -1.875000
vt 16.750000 8.406250
vt 15.750000 8.500000
vt 15.750000 8.406250
vt 16.750000 8.500000
vt 21.250000 -2.843750
vt 20.000000 -3.500000
vt 20.000000 8.406250
vt 20.000000 8.500000
vt 21.343750 -2.843750
vt 21.250000 -3.500000
vt 21.250000 8.406250
vt 21.250000 8.500000
vt 8.031250 -4.000000
vt 8.125000 -3.343750
vt 8.031250 -3.343750
vt 21.343750 8.406250
vt 21.250000 7.656250
vt 21.343750 8.500000
vt 21.250000 4.156250
vt 21.343750 7.656250
vt 6.656250 -3.500000
vt 7.406250 -2.843750
vt 7.406250 -3.500000
vt 6.656250 -2.843750
vt 21.343750 -5.250000
vt 21.250000 -4.593750
vt 21.250000 -5.250000
vt 3.156250 -4.593750
vt 21.343750 4.156250
vt 0.125000 1.656250
vt 21.343750 -3.500000
vt 8.125000 -4.000000
vt 21.343750 -4.593750
vt 3.156250 -5.250000
s 1
usemtl materials/dev/reflectivity_30.vmat
f 2672/2268/1551 2667/2269/1552 2668/2270/1551
f 2673/2270/1553 2671/2271/1554 2670/2268/1553
f 2667/2272/1555 2671/2273/1555 2674/2274/1555
f 2675/2275/1556 2670/2276/1556 2672/2277/1556
f 2669/2278/1556 2670/2279/1556 2671/2280/1556
f 2667/2278/1557 2673/2279/1557 2668/2281/1557
f 2679/2282/1556 2678/2283/1556 2675/2275/1556
f 2676/2284/1558 2672/2285/1551 2668/2286/1551
f 2677/2283/1557 2668/2277/1557 2673/2276/1557
f 2678/2287/1559 2673/2286/1553 2670/2285/1553
f 2683/2288/1556 2682/2289/1556 2679/2282/1556
f 2680/2290/1558 2675/2287/1558 2676/2284/1558
f 2677/2283/1557 2680/2282/1557 2676/2275/1557
f 2682/2291/1559 2677/2284/1559 2678/2287/1559
f 2687/2292/1556 2686/2293/1556 2683/2288/1556
f 2684/2294/1560 2679/2291/1558 2680/2290/1558
f 2685/2293/1557 2680/2282/1557 2681/2289/1557
f 2686/2295/1561 2681/2290/1559 2682/2291/1559
f 2689/2296/1562 2687/2297/1562 2688/2298/1562
f 2688/2299/1560 2683/2295/1560 2684/2294/1560
f 2691/2300/1563 2688/2299/1560 2684/2294/1560
f 2690/2301/1561 2685/2294/1561 2686/2295/1561
f 2695/2302/1564 2694/2303/1563 2691/2300/1563
f 2692/2304/1555 2684/2305/1555 2685/2306/1555
f 2693/2303/1565 2685/2294/1561 2689/2299/1561
f 2694/2307/1562 2689/2306/1562 2688/2305/1562
f 2697/2308/1557 2695/2309/1557 2696/2310/1557
f 2692/2304/1555 2695/2311/1555 2691/2307/1555
f 2697/2312/1566 2692/2300/1565 2693/2303/1565
f 2698/2311/1562 2693/2304/1562 2694/2307/1562
f 2672/2268/1551 2669/2271/1552 2667/2269/1552
f 2673/2270/1553 2674/2269/1554 2671/2271/1554
f 2667/2272/1555 2669/2313/1555 2671/2273/1555
f 2675/2275/1556 2678/2283/1556 2670/2276/1556
f 2669/2278/1556 2672/2281/1556 2670/2279/1556
f 2667/2278/1557 2674/2280/1557 2673/2279/1557
f 2679/2282/1556 2682/2289/1556 2678/2283/1556
f 2676/2284/1558 2675/2287/1558 2672/2285/1551
f 2677/2283/1557 2676/2275/1557 2668/2277/1557
f 2678/2287/1559 2677/2284/1559 2673/2286/1553
f 2683/2288/1556 2686/2293/1556 2682/2289/1556
f 2680/2290/1558 2679/2291/1558 2675/2287/1558
f 2677/2283/1557 2681/2289/1557 2680/2282/1557
f 2682/2291/1559 2681/2290/1559 2677/2284/1559
f 2687/2292/1556 2690/2314/1556 2686/2293/1556
f 2684/2294/1560 2683/2295/1560 2679/2291/1558
f 2685/2293/1557 2684/2288/1557 2680/2282/1557
f 2686/2295/1561 2685/2294/1561 2681/2290/1559
f 2689/2296/1562 2690/2315/1562 2687/2297/1562
f 2688/2299/1560 2687/2301/1560 2683/2295/1560
f 2691/2300/1563 2694/2303/1563 2688/2299/1560
f 2690/2301/1561 2689/2299/1561 2685/2294/1561
f 2695/2302/1564 2698/2312/1564 2694/2303/1563
f 2692/2304/1555 2691/2307/1555 2684/2305/1555
f 2693/2303/1565 2692/2300/1565 2685/2294/1561
f 2694/2307/1562 2693/2304/1562 2689/2306/1562
f 2697/2308/1557 2698/2316/1557 2695/2309/1557
f 2692/2304/1555 2696/2317/1555 2695/2311/1555
f 2697/2312/1566 2696/2302/1566 2692/2300/1565
f 2698/2311/1562 2697/2317/1562 2693/2304/1562
o prop_static_models/dev/dev_cube.vmdl.007
v 29.567793 -14.831246 70.191299
v 30.128698 -14.831246 68.665535
v 28.602934 -14.831246 68.104630
v 28.042028 -14.831246 69.630394
v 30.128698 -16.456846 68.665535
v 29.567793 -16.456846 70.191299
v 28.042028 -16.456846 69.630394
v 28.602934 -16.456846 68.104630
v 28.042028 -16.456846 69.630394
v 28.042028 -14.831246 69.630394
v 28.602934 -14.831246 68.104630
v 28.602934 -16.456846 68.104630
v 29.567793 -14.831246 70.191299
v 29.567793 -16.456846 70.191299
v 30.128698 -16.456846 68.665535
v 30.128698 -14.831246 68.665535
v 28.602934 -16.456846 68.104630
v 28.602934 -14.831246 68.104630
v 30.128698 -14.831246 68.665535
v 30.128698 -16.456846 68.665535
v 28.042028 -14.831246 69.630394
v 28.042028 -16.456846 69.630394
v 29.567793 -16.456846 70.191299
v 29.567793 -14.831246 70.191299
vn 0.0013 1.0000 -0.0006
vn -0.0000 -1.0000 -0.0000
vn -0.9386 -0.0010 -0.3450
vn 0.9386 -0.0010 0.3450
vn 0.3450 -0.0010 -0.9386
vn -0.3450 -0.0010 0.9386
vt -3.000000 -2.500000
vt -3.000000 -2.000000
vt -3.500000 -2.000000
vt -3.500000 -2.500000
vt -2.500000 1.000000
vt -2.500000 1.500000
vt -2.000000 1.500000
vt -2.000000 1.000000
vt -3.500000 1.000000
vt -3.500000 1.500000
vt -3.000000 1.500000
vt -3.000000 1.000000
s 1
usemtl materials/dev/reflectivity_30.vmat
f 2699/2318/1567 2700/2319/1567 2701/2320/1567
f 2699/2318/1567 2701/2320/1567 2702/2321/1567
f 2703/2319/1568 2704/2318/1568 2705/2321/1568
f 2703/2319/1568 2705/2321/1568 2706/2320/1568
f 2707/2322/1569 2708/2323/1569 2709/2324/1569
f 2707/2322/1569 2709/2324/1569 2710/2325/1569
f 2711/2323/1570 2712/2322/1570 2713/2325/1570
f 2711/2323/1570 2713/2325/1570 2714/2324/1570
f 2715/2326/1571 2716/2327/1571 2717/2328/1571
f 2715/2326/1571 2717/2328/1571 2718/2329/1571
f 2719/2327/1572 2720/2326/1572 2721/2329/1572
f 2719/2327/1572 2721/2329/1572 2722/2328/1572
o mesh_52
v -1.625600 0.000000 -1.625600
v -1.625600 0.000000 1.625600
v 1.625600 0.000000 -1.625600
v 1.625600 -5.689600 1.625600
v 1.625600 -5.689600 -1.625600
v 1.625600 0.000000 1.625600
v -1.625600 -5.689600 1.625600
v -1.625600 -5.689600 -1.625600
vn -0.0000 1.0000 -0.0000
vn -0.0000 -1.0000 -0.0000
vn -0.0000 -0.0000 -1.0000
vn -0.0000 -0.0000 1.0000
vn 1.0000 -0.0000 -0.0000
vn -1.0000 -0.0000 -0.0000
vt 1.000000 2.000000
vt -1.000000 0.000000
vt 1.000000 0.000000
vt -1.000000 2.000000
vt -1.000000 1.000000
vt 1.000000 -2.500000
vt -1.000000 -2.500000
vt 1.000000 1.000000
s 1
usemtl materials/dev/reflectivity_30.vmat
f 2728/2330/1573 2723/2331/1573 2724/2332/1573
f 2729/2332/1574 2727/2333/1574 2726/2330/1574
f 2723/2334/1575 2727/2335/1575 2730/2336/1575
f 2729/2336/1576 2728/2337/1576 2724/2334/1576
f 2725/2334/1577 2726/2335/1577 2727/2336/1577
f 2730/2336/1578 2724/2337/1578 2723/2334/1578
f 2728/2330/1573 2725/2333/1573 2723/2331/1573
f 2729/2332/1574 2730/2331/1574 2727/2333/1574
f 2723/2334/1575 2725/2337/1575 2727/2335/1575
f 2729/2336/1576 2726/2335/1576 2728/2337/1576
f 2725/2334/1577 2728/2337/1577 2726/2335/1577
f 2730/2336/1578 2729/2335/1578 2724/2337/1578
o mesh_60.019
v 10.414000 -6.096000 30.073601
v 10.414000 -6.096000 30.480000
v 12.039600 -6.096000 30.073601
v 12.039600 -6.146800 30.480000
v 12.039600 -6.146800 30.073601
v 12.039600 -6.096000 30.480000
v 10.414000 -6.146800 30.480000
v 10.414000 -6.146800 30.073601
vn -0.0000 1.0000 -0.0000
vn -0.0000 -1.0000 -0.0000
vn -0.0000 -0.0000 -1.0000
vn -0.0000 -0.0000 1.0000
vn 1.0000 -0.0000 -0.0000
vn -1.0000 -0.0000 -0.0000
vt 18.000000 7.000000
vt 17.750000 6.000000
vt 18.000000 6.000000
vt 17.750000 7.000000
vt 6.000000 -2.000000
vt 7.000000 -2.031250
vt 6.000000 -2.031250
vt 7.000000 -2.000000
vt 17.750000 -2.000000
vt 18.000000 -2.031250
vt 17.750000 -2.031250
vt 18.000000 -2.000000
s 1
usemtl materials/dev/reflectivity_30.vmat
f 2736/2338/1579 2731/2339/1579 2732/2340/1579
f 2737/2340/1580 2735/2341/1580 2734/2338/1580
f 2731/2342/1581 2735/2343/1581 2738/2344/1581
f 2737/2344/1582 2736/2345/1582 2732/2342/1582
f 2733/2346/1583 2734/2347/1583 2735/2348/1583
f 2738/2348/1584 2732/2349/1584 2731/2346/1584
f 2736/2338/1579 2733/2341/1579 2731/2339/1579
f 2737/2340/1580 2738/2339/1580 2735/2341/1580
f 2731/2342/1581 2733/2345/1581 2735/2343/1581
f 2737/2344/1582 2734/2343/1582 2736/2345/1582
f 2733/2346/1583 2736/2349/1583 2734/2347/1583
f 2738/2348/1584 2737/2347/1584 2732/2349/1584
o Cube
v -6.502401 -44.876801 -6.502398
v -6.502401 -4.876801 -6.502398
v -6.502401 -44.876801 -106.502396
v -6.502401 -4.876801 -106.502396
v 23.497599 -44.876801 -6.502398
v 23.497599 -44.876801 -106.502396
vn -1.0000 -0.0000 -0.0000
vn -0.0000 -1.0000 -0.0000
vn 0.8000 0.6000 -0.0000
vn -0.0000 -0.0000 1.0000
vn -0.0000 -0.0000 -1.0000
vt -6.502398 -4.876801
vt -106.502396 -44.876801
vt -6.502398 -44.876801
vt -23.497599 106.502396
vt 6.502401 6.502398
vt 6.502401 106.502396
vt 6.502398 -4.876801
vt 106.502396 -44.876801
vt 106.502396 -4.876801
vt 23.497599 -44.876801
vt -6.502401 -4.876801
vt -6.502401 -44.876801
vt 6.502401 -44.876801
vt 6.502401 -4.876801
vt -23.497599 -44.876801
vt -106.502396 -4.876801
vt -23.497599 6.502398
vt 6.502398 -44.876801
s 0
f 2740/2350/1585 2741/2351/1585 2739/2352/1585
f 2744/2353/1586 2739/2354/1586 2741/2355/1586
f 2740/2356/1587 2744/2357/1587 2742/2358/1587
f 2743/2359/1588 2740/2360/1588 2739/2361/1588
f 2741/2362/1589 2742/2363/1589 2744/2364/1589
f 2740/2350/1585 2742/2365/1585 2741/2351/1585
f 2744/2353/1586 2743/2366/1586 2739/2354/1586
f 2740/2356/1587 2743/2367/1587 2744/2357/1587
o Cube.001
v -6.502401 -94.876801 -106.502396
v -6.502401 -66.592529 -134.786667
v 23.497599 -94.876801 -106.502396
v -6.502401 -101.313538 -113.153297
v -6.502401 -72.118973 -140.496979
v 23.497599 -101.313538 -113.153297
v -6.502401 -107.529205 -120.011246
v -6.502401 -77.455612 -146.385071
v 23.497599 -107.529205 -120.011246
v -6.502401 -113.517181 -127.068886
v -6.502401 -82.596741 -152.444611
v 23.497599 -113.517181 -127.068886
v -6.502401 -119.271011 -134.318680
v -6.502401 -87.536865 -158.669128
v 23.497599 -119.271011 -134.318680
v -6.502401 -124.784561 -141.752838
v -6.502401 -92.270676 -165.051941
v 23.497599 -124.784561 -141.752838
v -6.502401 -130.051926 -149.363449
v -6.502401 -96.793121 -171.586243
v 23.497599 -130.051926 -149.363449
v -6.502401 -135.067459 -157.142319
v -6.502401 -101.099350 -178.265030
v 23.497599 -135.067459 -157.142319
v -6.502401 -139.825775 -165.081116
v -6.502401 -105.184738 -185.081116
v 23.497599 -139.825775 -165.081116
v -6.502401 -144.321808 -173.171356
v -6.502401 -109.044922 -192.027206
v 23.497599 -144.321808 -173.171356
v -6.502401 -148.550720 -181.404358
v -6.502401 -112.675781 -199.095901
v 23.497599 -148.550720 -181.404358
v -6.502401 -152.507996 -189.771332
v -6.502401 -116.073410 -206.279602
v 23.497599 -152.507996 -189.771332
v -6.502401 -156.189392 -198.263306
v -6.502401 -119.234177 -213.570633
v 23.497599 -156.189392 -198.263306
v -6.502401 -159.590973 -206.871170
v -6.502401 -122.154678 -220.961166
v 23.497599 -159.590973 -206.871170
v -6.502401 -162.709076 -215.585754
v -6.502401 -124.831833 -228.443314
v 23.497599 -162.709076 -215.585754
v -6.502401 -165.540375 -224.397675
v -6.502401 -127.262726 -236.009033
v 23.497599 -165.540375 -224.397675
v -6.502401 -168.081879 -233.297501
v -6.502401 -129.444763 -243.650238
v 23.497599 -168.081879 -233.297501
v -6.502401 -170.330780 -242.275726
v -6.502401 -131.375641 -251.358765
v 23.497599 -170.330780 -242.275726
v -6.502401 -172.284729 -251.322739
v -6.502401 -133.053253 -259.126343
v 23.497599 -172.284729 -251.322739
v -6.502401 -173.941620 -260.428833
v -6.502401 -134.475830 -266.944611
v 23.497599 -173.941620 -260.428833
v -6.502401 -175.299713 -269.584290
v -6.502401 -135.641846 -274.805267
v 23.497599 -175.299713 -269.584290
v -6.502401 -176.357513 -278.779236
v -6.502401 -136.550049 -282.699890
v 23.497599 -176.357513 -278.779236
v -6.502401 -177.113861 -288.003906
v -6.502401 -137.199448 -290.619934
v 23.497599 -177.113861 -288.003906
v -6.502401 -177.568024 -297.248352
v -6.502401 -137.589355 -298.557037
v 23.497599 -177.568024 -297.248352
v -6.502401 -177.719421 -306.502747
v -6.502401 -137.719360 -306.502625
v 23.497599 -177.719421 -306.502747
v -6.502401 -177.567963 -315.757080
v -6.502401 -137.589325 -314.448242
v 23.497599 -177.567963 -315.757080
v -6.502401 -177.113800 -325.001587
v -6.502401 -137.199387 -322.385376
v 23.497599 -177.113800 -325.001587
v -6.502401 -176.357422 -334.226227
v -6.502401 -136.549973 -330.305420
v 23.497599 -176.357422 -334.226227
v -6.502401 -175.299622 -343.421204
v -6.502401 -135.641785 -338.200012
v 23.497599 -175.299622 -343.421204
v -6.502401 -173.941528 -352.576660
v -6.502401 -134.475739 -346.060669
v 23.497599 -173.941528 -352.576660
v -6.502401 -172.284576 -361.682739
v -6.502401 -133.053131 -353.878967
v 23.497599 -172.284576 -361.682739
v -6.502401 -170.330597 -370.729736
v -6.502401 -131.375488 -361.646515
v 23.497599 -170.330597 -370.729736
v -6.502401 -168.081665 -379.708008
v -6.502401 -129.444611 -369.355042
v 23.497599 -168.081665 -379.708008
vn -0.0000 0.7071 0.7071
vn -0.0000 -0.7410 0.6716
vn -0.0000 -0.7186 0.6954
vn 0.8000 0.4312 -0.4173
vn -1.0000 -0.0000 -0.0000
vn -0.0000 -0.7625 0.6470
vn 0.8000 0.4446 -0.4030
vn -0.0000 -0.7833 0.6217
vn 0.8000 0.4576 -0.3882
vn -0.0000 -0.8032 0.5957
vn 0.8000 0.4700 -0.3730
vn -0.0000 -0.8223 0.5691
vn 0.8000 0.4820 -0.3575
vn -0.0000 -0.8404 0.5419
vn 0.8000 0.4934 -0.3415
vn -0.0000 -0.8577 0.5141
vn 0.8000 0.5043 -0.3252
vn -0.0000 -0.8741 0.4858
vn 0.8000 0.5147 -0.3085
vn -0.0000 -0.8895 0.4569
vn 0.8000 0.5245 -0.2915
vn -0.0000 -0.9040 0.4276
vn 0.8000 0.5338 -0.2742
vn -0.0000 -0.9175 0.3977
vn 0.8000 0.5424 -0.2566
vn -0.0000 -0.9300 0.3675
vn 0.8000 0.5505 -0.2387
vn -0.0000 -0.9415 0.3369
vn 0.8000 0.5581 -0.2205
vn -0.0000 -0.9521 0.3059
vn 0.8000 0.5650 -0.2021
vn -0.0000 -0.9616 0.2746
vn 0.8000 0.5713 -0.1836
vn -0.0000 -0.9700 0.2430
vn 0.8000 0.5770 -0.1648
vn -0.0000 -0.9775 0.2111
vn 0.8000 0.5821 -0.1458
vn -0.0000 -0.9838 0.1790
vn 0.8000 0.5865 -0.1267
vn -0.0000 -0.9892 0.1467
vn 0.8000 0.5904 -0.1074
vn -0.0000 -0.9934 0.1143
vn 0.8000 0.5936 -0.0880
vn -0.0000 -0.9967 0.0817
vn 0.8000 0.5961 -0.0686
vn -0.0000 -0.9988 0.0491
vn 0.8000 0.5980 -0.0490
vn -0.0000 -0.9999 0.0164
vn 0.8000 0.5993 -0.0294
vn -0.0000 -0.9999 -0.0164
vn 0.8000 0.6000 -0.0098
vn -0.0000 -0.9988 -0.0491
vn 0.8000 0.6000 0.0098
vn -0.0000 -0.9967 -0.0817
vn 0.8000 0.5993 0.0294
vn -0.0000 -0.9934 -0.1143
vn 0.8000 0.5980 0.0490
vn -0.0000 -0.9892 -0.1467
vn 0.8000 0.5961 0.0686
vn -0.0000 -0.9838 -0.1790
vn 0.8000 0.5936 0.0880
vn -0.0000 -0.9775 -0.2111
vn 0.8000 0.5904 0.1074
vn -0.0000 -0.9700 -0.2430
vn 0.8000 0.5865 0.1267
vn -0.0000 0.2588 -0.9659
vn 0.8000 0.5821 0.1458
vn 0.8000 0.4820 -0.3574
vn 0.8000 0.5650 -0.2022
vt 23.497599 -94.876801
vt -6.502401 -66.592529
vt -6.502401 -94.876801
vt 6.502401 120.011246
vt -23.497599 113.153297
vt 6.502401 113.153297
vt -23.497599 106.502396
vt 6.502401 106.502396
vt 106.502396 -94.876801
vt 140.496979 -72.118973
vt 134.786667 -66.592529
vt -140.496979 -72.118973
vt -106.502396 -94.876801
vt -134.786667 -66.592529
vt 6.502401 127.068886
vt -23.497599 120.011246
vt 120.011246 -107.529205
vt 113.153297 -101.313538
vt -120.011246 -107.529205
vt -113.153297 -101.313538
vt 6.502401 134.318680
vt -23.497599 127.068886
vt 152.444611 -82.596741
vt 146.385071 -77.455612
vt -152.444611 -82.596741
vt -146.385071 -77.455612
vt 6.502401 141.752838
vt -23.497599 134.318680
vt 134.318680 -119.271011
vt 127.068886 -113.517181
vt -134.318680 -119.271011
vt -127.068886 -113.517181
vt 6.502401 149.363449
vt -23.497599 141.752838
vt 165.051941 -92.270676
vt 158.669128 -87.536865
vt -165.051941 -92.270676
vt -158.669128 -87.536865
vt 6.502401 157.142319
vt -23.497599 149.363449
vt 149.363449 -130.051926
vt 141.752838 -124.784561
vt -149.363449 -130.051926
vt -141.752838 -124.784561
vt 6.502401 165.081116
vt -23.497599 157.142319
vt 157.142319 -135.067459
vt 171.586243 -96.793121
vt -171.586243 -96.793121
vt -157.142319 -135.067459
vt 6.502401 173.171356
vt -23.497599 165.081116
vt 165.081116 -139.825775
vt 178.265030 -101.099350
vt -178.265030 -101.099350
vt -165.081116 -139.825775
vt 6.502401 181.404358
vt -23.497599 173.171356
vt 173.171356 -144.321808
vt 185.081116 -105.184738
vt -192.027206 -109.044922
vt -185.081116 -105.184738
vt 6.502401 189.771332
vt -23.497599 181.404358
vt 181.404358 -148.550720
vt 192.027206 -109.044922
vt -199.095901 -112.675781
vt -173.171356 -144.321808
vt 6.502401 198.263306
vt -23.497599 189.771332
vt 189.771332 -152.507996
vt 199.095901 -112.675781
vt -189.771332 -152.507996
vt -181.404358 -148.550720
vt 6.502401 206.871170
vt -23.497599 198.263306
vt 213.570633 -119.234177
vt 206.279602 -116.073410
vt -206.279602 -116.073410
vt -198.263306 -156.189392
vt 6.502401 215.585754
vt -23.497599 206.871170
vt 206.871170 -159.590973
vt 198.263306 -156.189392
vt -213.570633 -119.234177
vt -206.871170 -159.590973
vt 6.502401 224.397675
vt -23.497599 215.585754
vt 215.585754 -162.709076
vt 220.961166 -122.154678
vt -220.961166 -122.154678
vt -215.585754 -162.709076
vt 6.502401 233.297501
vt -23.497599 224.397675
vt 224.397675 -165.540375
vt 228.443314 -124.831833
vt -228.443314 -124.831833
vt -224.397675 -165.540375
vt 6.502401 242.275726
vt -23.497599 233.297501
vt 243.650238 -129.444763
vt 236.009033 -127.262726
vt -243.650238 -129.444763
vt -236.009033 -127.262726
vt 6.502401 251.322739
vt -23.497599 242.275726
vt 242.275726 -170.330780
vt 233.297501 -168.081879
vt -242.275726 -170.330780
vt -233.297501 -168.081879
vt 6.502401 260.428833
vt -23.497599 251.322739
vt 251.322739 -172.284729
vt 251.358765 -131.375641
vt -251.358765 -131.375641
vt -251.322739 -172.284729
vt 6.502401 269.584290
vt -23.497599 260.428833
vt 260.428833 -173.941620
vt 259.126343 -133.053253
vt -266.944611 -134.475830
vt -259.126343 -133.053253
vt 6.502401 278.779236
vt -23.497599 269.584290
vt 274.805267 -135.641846
vt 266.944611 -134.475830
vt -274.805267 -135.641846
vt -260.428833 -173.941620
vt 6.502401 288.003906
vt -23.497599 278.779236
vt 269.584290 -175.299713
vt 282.699890 -136.550049
vt -282.699890 -136.550049
vt -269.584290 -175.299713
vt 6.502401 297.248352
vt -23.497599 288.003906
vt 288.003906 -177.113861
vt 278.779236 -176.357513
vt -288.003906 -177.113861
vt -278.779236 -176.357513
vt 6.502401 306.502747
vt -23.497599 297.248352
vt 298.557037 -137.589355
vt 290.619934 -137.199448
vt -298.557037 -137.589355
vt -290.619934 -137.199448
vt 6.502401 315.757080
vt -23.497599 306.502747
vt 306.502747 -177.719421
vt 297.248352 -177.568024
vt -306.502747 -177.719421
vt -297.248352 -177.568024
vt 6.502401 325.001587
vt -23.497599 315.757080
vt 315.757080 -177.567963
vt 306.502625 -137.719360
vt -314.448242 -137.589325
vt -306.502625 -137.719360
vt 6.502401 334.226227
vt -23.497599 325.001587
vt 322.385376 -137.199387
vt 314.448242 -137.589325
vt -322.385376 -137.199387
vt -315.757080 -177.567963
vt 6.502401 343.421204
vt -23.497599 334.226227
vt 325.001587 -177.113800
vt 330.305420 -136.549973
vt -330.305420 -136.549973
vt -325.001587 -177.113800
vt 6.502401 352.576660
vt -23.497599 343.421204
vt 334.226227 -176.357422
vt 338.200012 -135.641785
vt -338.200012 -135.641785
vt -334.226227 -176.357422
vt 6.502401 361.682739
vt -23.497599 352.576660
vt 352.576660 -173.941528
vt 343.421204 -175.299622
vt -346.060669 -134.475739
vt -343.421204 -175.299622
vt 6.502401 370.729736
vt -23.497599 361.682739
vt 361.682739 -172.284576
vt 346.060669 -134.475739
vt -353.878967 -133.053131
vt -352.576660 -173.941528
vt 6.502401 379.708008
vt -23.497599 370.729736
vt 361.646515 -131.375488
vt 353.878967 -133.053131
vt -361.646515 -131.375488
vt -361.682739 -172.284576
vt -23.497599 -168.081665
vt 6.502401 -168.081665
vt 6.502401 -129.444611
vt 370.729736 -170.330597
vt 369.355042 -129.444611
vt -369.355042 -129.444611
vt -370.729736 -170.330597
vt -23.497599 379.708008
vt 379.708008 -168.081665
vt -379.708008 -168.081665
s 0
f 2747/2368/1590 2746/2369/1590 2745/2370/1590
f 2751/2371/1591 2750/2372/1591 2748/2373/1591
f 2748/2373/1592 2747/2374/1592 2745/2375/1592
f 2747/2376/1593 2749/2377/1593 2746/2378/1593
f 2749/2379/1594 2745/2380/1594 2746/2381/1594
f 2754/2382/1595 2753/2383/1595 2751/2371/1595
f 2753/2384/1596 2749/2377/1596 2750/2385/1596
f 2749/2379/1594 2751/2386/1594 2748/2387/1594
f 2757/2388/1597 2756/2389/1597 2754/2382/1597
f 2753/2384/1598 2755/2390/1598 2752/2391/1598
f 2755/2392/1594 2751/2386/1594 2752/2393/1594
f 2760/2394/1599 2759/2395/1599 2757/2388/1599
f 2759/2396/1600 2755/2390/1600 2756/2397/1600
f 2755/2392/1594 2757/2398/1594 2754/2399/1594
f 2763/2400/1601 2762/2401/1601 2760/2394/1601
f 2759/2396/1602 2761/2402/1602 2758/2403/1602
f 2761/2404/1594 2757/2398/1594 2758/2405/1594
f 2766/2406/1603 2765/2407/1603 2763/2400/1603
f 2765/2408/1604 2761/2402/1604 2762/2409/1604
f 2761/2404/1594 2763/2410/1594 2760/2411/1594
f 2769/2412/1605 2768/2413/1605 2766/2406/1605
f 2768/2414/1606 2764/2415/1606 2765/2408/1606
f 2764/2416/1594 2766/2417/1594 2763/2410/1594
f 2772/2418/1607 2771/2419/1607 2769/2412/1607
f 2771/2420/1608 2767/2421/1608 2768/2414/1608
f 2767/2422/1594 2769/2423/1594 2766/2417/1594
f 2775/2424/1609 2774/2425/1609 2772/2418/1609
f 2774/2426/1610 2770/2427/1610 2771/2420/1610
f 2773/2428/1594 2769/2423/1594 2770/2429/1594
f 2778/2430/1611 2777/2431/1611 2775/2424/1611
f 2777/2432/1612 2773/2433/1612 2774/2426/1612
f 2776/2434/1594 2772/2435/1594 2773/2428/1594
f 2781/2436/1613 2780/2437/1613 2778/2430/1613
f 2780/2438/1614 2776/2439/1614 2777/2432/1614
f 2776/2434/1594 2778/2440/1594 2775/2441/1594
f 2784/2442/1615 2783/2443/1615 2781/2436/1615
f 2780/2438/1616 2782/2444/1616 2779/2445/1616
f 2779/2446/1594 2781/2447/1594 2778/2440/1594
f 2787/2448/1617 2786/2449/1617 2784/2442/1617
f 2786/2450/1618 2782/2444/1618 2783/2451/1618
f 2782/2452/1594 2784/2453/1594 2781/2447/1594
f 2790/2454/1619 2789/2455/1619 2787/2448/1619
f 2789/2456/1620 2785/2457/1620 2786/2450/1620
f 2785/2458/1594 2787/2459/1594 2784/2453/1594
f 2793/2460/1621 2792/2461/1621 2790/2454/1621
f 2792/2462/1622 2788/2463/1622 2789/2456/1622
f 2788/2464/1594 2790/2465/1594 2787/2459/1594
f 2796/2466/1623 2795/2467/1623 2793/2460/1623
f 2792/2462/1624 2794/2468/1624 2791/2469/1624
f 2794/2470/1594 2790/2465/1594 2791/2471/1594
f 2799/2472/1625 2798/2473/1625 2796/2466/1625
f 2798/2474/1626 2794/2468/1626 2795/2475/1626
f 2794/2470/1594 2796/2476/1594 2793/2477/1594
f 2802/2478/1627 2801/2479/1627 2799/2472/1627
f 2801/2480/1628 2797/2481/1628 2798/2474/1628
f 2797/2482/1594 2799/2483/1594 2796/2476/1594
f 2805/2484/1629 2804/2485/1629 2802/2478/1629
f 2804/2486/1630 2800/2487/1630 2801/2480/1630
f 2803/2488/1594 2799/2483/1594 2800/2489/1594
f 2808/2490/1631 2807/2491/1631 2805/2484/1631
f 2804/2486/1632 2806/2492/1632 2803/2493/1632
f 2806/2494/1594 2802/2495/1594 2803/2488/1594
f 2811/2496/1633 2810/2497/1633 2808/2490/1633
f 2807/2498/1634 2809/2499/1634 2806/2492/1634
f 2809/2500/1594 2805/2501/1594 2806/2494/1594
f 2814/2502/1635 2813/2503/1635 2811/2496/1635
f 2813/2504/1636 2809/2499/1636 2810/2505/1636
f 2809/2500/1594 2811/2506/1594 2808/2507/1594
f 2817/2508/1637 2816/2509/1637 2814/2502/1637
f 2813/2504/1638 2815/2510/1638 2812/2511/1638
f 2815/2512/1594 2811/2506/1594 2812/2513/1594
f 2820/2514/1639 2819/2515/1639 2817/2508/1639
f 2819/2516/1640 2815/2510/1640 2816/2517/1640
f 2815/2512/1594 2817/2518/1594 2814/2519/1594
f 2823/2520/1641 2822/2521/1641 2820/2514/1641
f 2822/2522/1642 2818/2523/1642 2819/2516/1642
f 2821/2524/1594 2817/2518/1594 2818/2525/1594
f 2826/2526/1643 2825/2527/1643 2823/2520/1643
f 2822/2522/1644 2824/2528/1644 2821/2529/1644
f 2824/2530/1594 2820/2531/1594 2821/2524/1594
f 2829/2532/1645 2828/2533/1645 2826/2526/1645
f 2825/2534/1646 2827/2535/1646 2824/2528/1646
f 2827/2536/1594 2823/2537/1594 2824/2530/1594
f 2832/2538/1647 2831/2539/1647 2829/2532/1647
f 2828/2540/1648 2830/2541/1648 2827/2535/1648
f 2830/2542/1594 2826/2543/1594 2827/2536/1594
f 2835/2544/1649 2834/2545/1649 2832/2538/1649
f 2834/2546/1650 2830/2541/1650 2831/2547/1650
f 2833/2548/1594 2829/2549/1594 2830/2542/1594
f 2838/2550/1651 2837/2551/1651 2835/2544/1651
f 2837/2552/1652 2833/2553/1652 2834/2546/1652
f 2836/2554/1594 2832/2555/1594 2833/2548/1594
f 2841/2556/1653 2840/2557/1653 2838/2550/1653
f 2837/2552/1654 2839/2558/1654 2836/2559/1654
f 2839/2560/1594 2835/2561/1594 2836/2554/1594
f 2843/2562/1655 2841/2563/1655 2842/2564/1655
f 2840/2565/1656 2842/2566/1656 2839/2558/1656
f 2842/2567/1594 2838/2568/1594 2839/2560/1594
f 2751/2371/1591 2753/2383/1591 2750/2372/1591
f 2748/2373/1592 2750/2372/1592 2747/2374/1592
f 2747/2376/1593 2750/2385/1593 2749/2377/1593
f 2749/2379/1594 2748/2387/1594 2745/2380/1594
f 2754/2382/1595 2756/2389/1595 2753/2383/1595
f 2753/2384/1596 2752/2391/1596 2749/2377/1596
f 2749/2379/1594 2752/2393/1594 2751/2386/1594
f 2757/2388/1597 2759/2395/1597 2756/2389/1597
f 2753/2384/1598 2756/2397/1598 2755/2390/1598
f 2755/2392/1594 2754/2399/1594 2751/2386/1594
f 2760/2394/1599 2762/2401/1599 2759/2395/1599
f 2759/2396/1600 2758/2403/1600 2755/2390/1600
f 2755/2392/1594 2758/2405/1594 2757/2398/1594
f 2763/2400/1601 2765/2407/1601 2762/2401/1601
f 2759/2396/1657 2762/2409/1657 2761/2402/1657
f 2761/2404/1594 2760/2411/1594 2757/2398/1594
f 2766/2406/1603 2768/2413/1603 2765/2407/1603
f 2765/2408/1604 2764/2415/1604 2761/2402/1604
f 2761/2404/1594 2764/2416/1594 2763/2410/1594
f 2769/2412/1605 2771/2419/1605 2768/2413/1605
f 2768/2414/1606 2767/2421/1606 2764/2415/1606
f 2764/2416/1594 2767/2422/1594 2766/2417/1594
f 2772/2418/1607 2774/2425/1607 2771/2419/1607
f 2771/2420/1608 2770/2427/1608 2767/2421/1608
f 2767/2422/1594 2770/2429/1594 2769/2423/1594
f 2775/2424/1609 2777/2431/1609 2774/2425/1609
f 2774/2426/1610 2773/2433/1610 2770/2427/1610
f 2773/2428/1594 2772/2435/1594 2769/2423/1594
f 2778/2430/1611 2780/2437/1611 2777/2431/1611
f 2777/2432/1612 2776/2439/1612 2773/2433/1612
f 2776/2434/1594 2775/2441/1594 2772/2435/1594
f 2781/2436/1613 2783/2443/1613 2780/2437/1613
f 2780/2438/1614 2779/2445/1614 2776/2439/1614
f 2776/2434/1594 2779/2446/1594 2778/2440/1594
f 2784/2442/1615 2786/2449/1615 2783/2443/1615
f 2780/2438/1616 2783/2451/1616 2782/2444/1616
f 2779/2446/1594 2782/2452/1594 2781/2447/1594
f 2787/2448/1617 2789/2455/1617 2786/2449/1617
f 2786/2450/1618 2785/2457/1618 2782/2444/1618
f 2782/2452/1594 2785/2458/1594 2784/2453/1594
f 2790/2454/1619 2792/2461/1619 2789/2455/1619
f 2789/2456/1658 2788/2463/1658 2785/2457/1658
f 2785/2458/1594 2788/2464/1594 2787/2459/1594
f 2793/2460/1621 2795/2467/1621 2792/2461/1621
f 2792/2462/1622 2791/2469/1622 2788/2463/1622
f 2788/2464/1594 2791/2471/1594 2790/2465/1594
f 2796/2466/1623 2798/2473/1623 2795/2467/1623
f 2792/2462/1624 2795/2475/1624 2794/2468/1624
f 2794/2470/1594 2793/2477/1594 2790/2465/1594
f 2799/2472/1625 2801/2479/1625 2798/2473/1625
f 2798/2474/1626 2797/2481/1626 2794/2468/1626
f 2794/2470/1594 2797/2482/1594 2796/2476/1594
f 2802/2478/1627 2804/2485/1627 2801/2479/1627
f 2801/2480/1628 2800/2487/1628 2797/2481/1628
f 2797/2482/1594 2800/2489/1594 2799/2483/1594
f 2805/2484/1629 2807/2491/1629 2804/2485/1629
f 2804/2486/1630 2803/2493/1630 2800/2487/1630
f 2803/2488/1594 2802/2495/1594 2799/2483/1594
f 2808/2490/1631 2810/2497/1631 2807/2491/1631
f 2804/2486/1632 2807/2498/1632 2806/2492/1632
f 2806/2494/1594 2805/2501/1594 2802/2495/1594
f 2811/2496/1633 2813/2503/1633 2810/2497/1633
f 2807/2498/1634 2810/2505/1634 2809/2499/1634
f 2809/2500/1594 2808/2507/1594 2805/2501/1594
f 2814/2502/1635 2816/2509/1635 2813/2503/1635
f 2813/2504/1636 2812/2511/1636 2809/2499/1636
f 2809/2500/1594 2812/2513/1594 2811/2506/1594
f 2817/2508/1637 2819/2515/1637 2816/2509/1637
f 2813/2504/1638 2816/2517/1638 2815/2510/1638
f 2815/2512/1594 2814/2519/1594 2811/2506/1594
f 2820/2514/1639 2822/2521/1639 2819/2515/1639
f 2819/2516/1640 2818/2523/1640 2815/2510/1640
f 2815/2512/1594 2818/2525/1594 2817/2518/1594
f 2823/2520/1641 2825/2527/1641 2822/2521/1641
f 2822/2522/1642 2821/2529/1642 2818/2523/1642
f 2821/2524/1594 2820/2531/1594 2817/2518/1594
f 2826/2526/1643 2828/2533/1643 2825/2527/1643
f 2822/2522/1644 2825/2534/1644 2824/2528/1644
f 2824/2530/1594 2823/2537/1594 2820/2531/1594
f 2829/2532/1645 2831/2539/1645 2828/2533/1645
f 2825/2534/1646 2828/2540/1646 2827/2535/1646
f 2827/2536/1594 2826/2543/1594 2823/2537/1594
f 2832/2538/1647 2834/2545/1647 2831/2539/1647
f 2828/2540/1648 2831/2547/1648 2830/2541/1648
f 2830/2542/1594 2829/2549/1594 2826/2543/1594
f 2835/2544/1649 2837/2551/1649 2834/2545/1649
f 2834/2546/1650 2833/2553/1650 2830/2541/1650
f 2833/2548/1594 2832/2555/1594 2829/2549/1594
f 2838/2550/1651 2840/2557/1651 2837/2551/1651
f 2837/2552/1652 2836/2559/1652 2833/2553/1652
f 2836/2554/1594 2835/2561/1594 2832/2555/1594
f 2841/2556/1653 2843/2569/1653 2840/2557/1653
f 2837/2552/1654 2840/2565/1654 2839/2558/1654
f 2839/2560/1594 2838/2568/1594 2835/2561/1594
f 2840/2565/1656 2843/2570/1656 2842/2566/1656
f 2842/2567/1594 2841/2571/1594 2838/2568/1594
o Cube.002
v -126.502396 -144.876801 -476.502472
v -126.502396 -104.876801 -476.502472
v -326.502380 -144.876801 -476.502502
v -326.502380 -104.876801 -476.502502
v -126.502396 -144.876801 -506.502472
v -326.502380 -144.876801 -506.502472
vn -0.0000 -0.0000 1.0000
vn -0.0000 -1.0000 -0.0000
vn -0.0000 0.6000 -0.8000
vn 1.0000 -0.0000 -0.0000
vn -1.0000 -0.0000 -0.0000
vt -126.502396 -104.876801
vt -326.502380 -144.876801
vt -126.502396 -144.876801
vt 326.502380 506.502472
vt 126.502396 476.502472
vt 326.502380 476.502502
vt 126.502396 -104.876801
vt 326.502380 -144.876801
vt 326.502380 -104.876801
vt 506.502472 -144.876801
vt 476.502472 -104.876801
vt 476.502472 -144.876801
vt -476.502502 -144.876801
vt -476.502502 -104.876801
vt -506.502472 -144.876801
vt -326.502380 -104.876801
vt 126.502396 506.502472
vt 126.502396 -144.876801
s 0
f 2845/2572/1659 2846/2573/1659 2844/2574/1659
f 2849/2575/1660 2844/2576/1660 2846/2577/1660
f 2845/2578/1661 2849/2579/1661 2847/2580/1661
f 2848/2581/1662 2845/2582/1662 2844/2583/1662
f 2846/2584/1663 2847/2585/1663 2849/2586/1663
f 2845/2572/1659 2847/2587/1659 2846/2573/1659
f 2849/2575/1660 2848/2588/1660 2844/2576/1660
f 2845/2578/1661 2848/2589/1661 2849/2579/1661
o Cube.003
v -551.502441 -144.876801 -561.502380
v -551.502441 -104.876801 -561.502380
v -351.502441 -144.876801 -561.502380
v -351.502441 -104.876801 -561.502380
v -551.502441 -144.876801 -531.502380
v -351.502441 -144.876801 -531.502380
vn -0.0000 -0.0000 -1.0000
vn -0.0000 -1.0000 -0.0000
vn -0.0000 0.6000 0.8000
vn -1.0000 -0.0000 -0.0000
vn 1.0000 -0.0000 -0.0000
vt 551.502441 -104.876801
vt 351.502441 -144.876801
vt 551.502441 -144.876801
vt 351.502441 531.502380
vt 551.502441 561.502380
vt 351.502441 561.502380
vt -551.502441 -104.876801
vt -351.502441 -144.876801
vt -351.502441 -104.876801
vt -531.502380 -144.876801
vt -561.502380 -104.876801
vt -561.502380 -144.876801
vt 561.502380 -144.876801
vt 561.502380 -104.876801
vt 531.502380 -144.876801
vt 351.502441 -104.876801
vt 551.502441 531.502380
vt -551.502441 -144.876801
s 0
f 2851/2590/1664 2852/2591/1664 2850/2592/1664
f 2855/2593/1665 2850/2594/1665 2852/2595/1665
f 2851/2596/1666 2855/2597/1666 2853/2598/1666
f 2854/2599/1667 2851/2600/1667 2850/2601/1667
f 2852/2602/1668 2853/2603/1668 2855/2604/1668
f 2851/2590/1664 2853/2605/1664 2852/2591/1664
f 2855/2593/1665 2854/2606/1665 2850/2594/1665
f 2851/2596/1666 2854/2607/1666 2855/2597/1666
o Cube.004
v -551.502441 -144.876801 -761.502441
v -551.502441 -104.876801 -761.502441
v -551.502502 -144.876801 -561.502441
v -551.502502 -104.876801 -561.502441
v -581.502441 -144.876801 -761.502441
v -581.502502 -144.876801 -561.502441
vn 1.0000 -0.0000 -0.0000
vn -0.0000 -1.0000 -0.0000
vn -0.8000 0.6000 -0.0000
vn -0.0000 -0.0000 -1.0000
vn -0.0000 -0.0000 1.0000
vt 761.502441 -104.876801
vt 561.502441 -144.876801
vt 761.502441 -144.876801
vt 581.502502 561.502441
vt 551.502441 761.502441
vt 551.502502 561.502441
vt -761.502441 -104.876801
vt -561.502441 -144.876801
vt -561.502441 -104.876801
vt 581.502441 -144.876801
vt 551.502441 -104.876801
vt 551.502441 -144.876801
vt -551.502502 -144.876801
vt -551.502502 -104.876801
vt -581.502502 -144.876801
vt 561.502441 -104.876801
vt 581.502441 761.502441
vt -761.502441 -144.876801
s 0
f 2857/2608/1669 2858/2609/1669 2856/2610/1669
f 2861/2611/1670 2856/2612/1670 2858/2613/1670
f 2857/2614/1671 2861/2615/1671 2859/2616/1671
f 2860/2617/1672 2857/2618/1672 2856/2619/1672
f 2858/2620/1673 2859/2621/1673 2861/2622/1673
f 2857/2608/1669 2859/2623/1669 2858/2609/1669
f 2861/2611/1670 2860/2624/1670 2856/2612/1670
f 2857/2614/1671 2860/2625/1671 2861/2615/1671
o Cube.005
v -611.502441 -144.876801 -731.502441
v -611.502441 -116.592529 -759.786743
v -581.502441 -144.876801 -731.502441
v -611.502441 -151.313538 -738.153320
v -611.502441 -122.118973 -765.497009
v -581.502441 -151.313538 -738.153320
v -611.502441 -157.529205 -745.011292
v -611.502441 -127.455612 -771.385132
v -581.502441 -157.529205 -745.011292
v -611.502441 -163.517181 -752.068909
v -611.502441 -132.596741 -777.444641
v -581.502441 -163.517181 -752.068909
v -611.502441 -169.271027 -759.318726
v -611.502441 -137.536865 -783.669189
v -581.502441 -169.271027 -759.318726
v -611.502441 -174.784546 -766.752869
v -611.502441 -142.270691 -790.052002
v -581.502441 -174.784546 -766.752869
v -611.502441 -180.051941 -774.363525
v -611.502441 -146.793121 -796.586304
v -581.502441 -180.051941 -774.363525
v -611.502441 -185.067474 -782.142395
v -611.502441 -151.099335 -803.265076
v -581.502441 -185.067474 -782.142395
v -611.502441 -189.825775 -790.081177
v -611.502441 -155.184753 -810.081177
v -581.502441 -189.825775 -790.081177
v -611.502441 -194.321808 -798.171387
v -611.502441 -159.044922 -817.027222
v -581.502441 -194.321808 -798.171387
v -611.502441 -198.550720 -806.404419
v -611.502441 -162.675781 -824.095947
v -581.502441 -198.550720 -806.404419
v -611.502441 -202.507996 -814.771362
v -611.502441 -166.073395 -831.279663
v -581.502441 -202.507996 -814.771362
v -611.502441 -206.189392 -823.263367
v -611.502441 -169.234161 -838.570679
v -581.502441 -206.189392 -823.263367
v -611.502441 -209.590973 -831.871216
v -611.502441 -172.154694 -845.961182
v -581.502441 -209.590973 -831.871216
v -611.502441 -212.709076 -840.585815
v -611.502441 -174.831818 -853.443359
v -581.502441 -212.709076 -840.585815
v -611.502441 -215.540375 -849.397705
v -611.502441 -177.262726 -861.009094
v -581.502441 -215.540375 -849.397705
v -611.502441 -218.081879 -858.297546
v -611.502441 -179.444763 -868.650269
v -581.502441 -218.081879 -858.297546
v -611.502441 -220.330780 -867.275757
v -611.502441 -181.375641 -876.358826
v -581.502441 -220.330780 -867.275757
v -611.502441 -222.284729 -876.322754
v -611.502441 -183.053253 -884.126343
v -581.502441 -222.284729 -876.322754
v -611.502441 -223.941620 -885.428833
v -611.502441 -184.475830 -891.944641
v -581.502441 -223.941620 -885.428833
v -611.502441 -225.299713 -894.584351
v -611.502441 -185.641846 -899.805298
v -581.502441 -225.299713 -894.584351
v -611.502441 -226.357513 -903.779297
v -611.502441 -186.550049 -907.699951
v -581.502441 -226.357513 -903.779297
v -611.502441 -227.113861 -913.003906
v -611.502441 -187.199432 -915.619995
v -581.502441 -227.113861 -913.003906
v -611.502441 -227.568024 -922.248413
v -611.502441 -187.589355 -923.557068
v -581.502441 -227.568024 -922.248413
v -611.502441 -227.719421 -931.502808
v -611.502441 -187.719360 -931.502686
v -581.502441 -227.719421 -931.502808
v -611.502441 -227.567963 -940.757141
v -611.502441 -187.589325 -939.448303
v -581.502441 -227.567963 -940.757141
v -611.502441 -227.113800 -950.001587
v -611.502441 -187.199371 -947.385376
v -581.502441 -227.113800 -950.001587
v -611.502441 -226.357422 -959.226257
v -611.502441 -186.549957 -955.305420
v -581.502441 -226.357422 -959.226257
v -611.502441 -225.299622 -968.421265
v -611.502441 -185.641785 -963.200073
v -581.502441 -225.299622 -968.421265
v -611.502441 -223.941528 -977.576660
v -611.502441 -184.475739 -971.060730
v -581.502441 -223.941528 -977.576660
v -611.502441 -222.284576 -986.682800
v -611.502441 -183.053131 -978.879028
v -581.502441 -222.284576 -986.682800
v -611.502441 -220.330597 -995.729797
v -611.502441 -181.375488 -986.646545
v -581.502441 -220.330597 -995.729797
v -611.502441 -218.081665 -1004.708008
v -611.502441 -179.444611 -994.355103
v -581.502441 -218.081665 -1004.708008
vn -0.0000 0.7071 0.7071
vn -0.0000 -0.7410 0.6716
vn -0.0000 -0.7186 0.6954
vn 0.8000 0.4312 -0.4173
vn -1.0000 -0.0000 -0.0000
vn -0.0000 -0.7625 0.6470
vn 0.8000 0.4446 -0.4030
vn -0.0000 -0.7833 0.6217
vn 0.8000 0.4576 -0.3882
vn -0.0000 -0.8032 0.5957
vn 0.8000 0.4700 -0.3730
vn -0.0000 -0.8223 0.5691
vn 0.8000 0.4820 -0.3574
vn -0.0000 -0.8404 0.5419
vn 0.8000 0.4934 -0.3415
vn -0.0000 -0.8577 0.5141
vn 0.8000 0.5043 -0.3252
vn -0.0000 -0.8741 0.4858
vn 0.8000 0.5147 -0.3085
vn -0.0000 -0.8895 0.4569
vn 0.8000 0.5245 -0.2915
vn -0.0000 -0.9040 0.4276
vn 0.8000 0.5338 -0.2742
vn -0.0000 -0.9175 0.3977
vn 0.8000 0.5424 -0.2566
vn -0.0000 -0.9300 0.3675
vn 0.8000 0.5505 -0.2387
vn -0.0000 -0.9415 0.3369
vn 0.8000 0.5581 -0.2205
vn -0.0000 -0.9521 0.3059
vn 0.8000 0.5650 -0.2021
vn -0.0000 -0.9616 0.2746
vn 0.8000 0.5713 -0.1836
vn -0.0000 -0.9700 0.2430
vn 0.8000 0.5770 -0.1648
vn -0.0000 -0.9775 0.2111
vn 0.8000 0.5821 -0.1458
vn -0.0000 -0.9838 0.1790
vn 0.8000 0.5865 -0.1267
vn -0.0000 -0.9892 0.1467
vn 0.8000 0.5904 -0.1074
vn -0.0000 -0.9934 0.1143
vn 0.8000 0.5936 -0.0880
vn -0.0000 -0.9967 0.0817
vn 0.8000 0.5961 -0.0686
vn -0.0000 -0.9988 0.0491
vn 0.8000 0.5980 -0.0490
vn -0.0000 -0.9999 0.0164
vn 0.8000 0.5993 -0.0294
vn -0.0000 -0.9999 -0.0164
vn 0.8000 0.6000 -0.0098
vn -0.0000 -0.9988 -0.0491
vn 0.8000 0.6000 0.0098
vn -0.0000 -0.9967 -0.0817
vn 0.8000 0.5993 0.0295
vn -0.0000 -0.9934 -0.1143
vn 0.8000 0.5980 0.0490
vn -0.0000 -0.9892 -0.1467
vn 0.8000 0.5961 0.0686
vn -0.0000 -0.9838 -0.1790
vn 0.8000 0.5936 0.0880
vn -0.0000 -0.9775 -0.2111
vn 0.8000 0.5904 0.1074
vn -0.0000 -0.9700 -0.2430
vn 0.8000 0.5865 0.1267
vn -0.0000 0.2588 -0.9659
vn 0.8000 0.5821 0.1458
vn 0.8000 0.4820 -0.3575
vn -0.0000 -0.8405 0.5419
vn 0.8000 0.5424 -0.2565
vn 0.8000 0.5650 -0.2022
vn 0.8000 0.5936 -0.0881
vn 0.8000 0.5993 0.0294
vn 0.8000 0.5936 0.0881
vt -581.502441 731.502441
vt -611.502441 759.786743
vt -611.502441 731.502441
vt 611.502441 745.011292
vt 581.502441 738.153320
vt 611.502441 738.153320
vt 581.502441 731.502441
vt 611.502441 731.502441
vt 731.502441 -144.876801
vt 765.497009 -122.118973
vt 759.786743 -116.592529
vt -765.497009 -122.118973
vt -731.502441 -144.876801
vt -759.786743 -116.592529
vt 611.502441 752.068909
vt 581.502441 745.011292
vt 745.011292 -157.529205
vt 738.153320 -151.313538
vt -745.011292 -157.529205
vt -738.153320 -151.313538
vt 611.502441 759.318726
vt 581.502441 752.068909
vt 777.444641 -132.596741
vt 771.385132 -127.455612
vt -777.444641 -132.596741
vt -771.385132 -127.455612
vt 611.502441 766.752869
vt 581.502441 759.318726
vt 759.318726 -169.271027
vt 752.068909 -163.517181
vt -759.318726 -169.271027
vt -752.068909 -163.517181
vt 611.502441 774.363525
vt 581.502441 766.752869
vt 766.752869 -174.784546
vt 783.669189 -137.536865
vt -783.669189 -137.536865
vt -766.752869 -174.784546
vt 611.502441 782.142395
vt 581.502441 774.363525
vt 774.363525 -180.051941
vt 790.052002 -142.270691
vt -790.052002 -142.270691
vt -774.363525 -180.051941
vt 611.502441 790.081177
vt 581.502441 782.142395
vt 803.265076 -151.099335
vt 796.586304 -146.793121
vt -796.586304 -146.793121
vt -782.142395 -185.067474
vt 611.502441 798.171387
vt 581.502441 790.081177
vt 790.081177 -189.825775
vt 782.142395 -185.067474
vt -810.081177 -155.184753
vt -803.265076 -151.099335
vt 611.502441 806.404419
vt 581.502441 798.171387
vt 817.027222 -159.044922
vt 810.081177 -155.184753
vt -817.027222 -159.044922
vt -790.081177 -189.825775
vt 611.502441 814.771362
vt 581.502441 806.404419
vt 798.171387 -194.321808
vt 824.095947 -162.675781
vt -806.404419 -198.550720
vt -798.171387 -194.321808
vt 611.502441 823.263367
vt 581.502441 814.771362
vt 814.771362 -202.507996
vt 806.404419 -198.550720
vt -824.095947 -162.675781
vt -814.771362 -202.507996
vt 611.502441 831.871216
vt 581.502441 823.263367
vt 823.263367 -206.189392
vt 831.279663 -166.073395
vt -831.279663 -166.073395
vt -823.263367 -206.189392
vt 611.502441 840.585815
vt 581.502441 831.871216
vt 845.961182 -172.154694
vt 838.570679 -169.234161
vt -845.961182 -172.154694
vt -838.570679 -169.234161
vt 611.502441 849.397705
vt 581.502441 840.585815
vt 840.585815 -212.709076
vt 831.871216 -209.590973
vt -840.585815 -212.709076
vt -831.871216 -209.590973
vt 611.502441 858.297546
vt 581.502441 849.397705
vt 849.397705 -215.540375
vt 853.443359 -174.831818
vt -861.009094 -177.262726
vt -853.443359 -174.831818
vt 611.502441 867.275757
vt 581.502441 858.297546
vt 868.650269 -179.444763
vt 861.009094 -177.262726
vt -868.650269 -179.444763
vt -849.397705 -215.540375
vt 611.502441 876.322754
vt 581.502441 867.275757
vt 867.275757 -220.330780
vt 858.297546 -218.081879
vt -867.275757 -220.330780
vt -858.297546 -218.081879
vt 611.502441 885.428833
vt 581.502441 876.322754
vt 876.322754 -222.284729
vt 876.358826 -181.375641
vt -876.358826 -181.375641
vt -876.322754 -222.284729
vt 611.502441 894.584351
vt 581.502441 885.428833
vt 885.428833 -223.941620
vt 884.126343 -183.053253
vt -884.126343 -183.053253
vt -885.428833 -223.941620
vt 611.502441 903.779297
vt 581.502441 894.584351
vt 899.805298 -185.641846
vt 891.944641 -184.475830
vt -899.805298 -185.641846
vt -891.944641 -184.475830
vt 611.502441 913.003906
vt 581.502441 903.779297
vt 903.779297 -226.357513
vt 894.584351 -225.299713
vt -907.699951 -186.550049
vt -894.584351 -225.299713
vt 611.502441 922.248413
vt 581.502441 913.003906
vt 913.003906 -227.113861
vt 907.699951 -186.550049
vt -913.003906 -227.113861
vt -903.779297 -226.357513
vt 611.502441 931.502808
vt 581.502441 922.248413
vt 923.557068 -187.589355
vt 915.619995 -187.199432
vt -923.557068 -187.589355
vt -915.619995 -187.199432
vt 611.502441 940.757141
vt 581.502441 931.502808
vt 922.248413 -227.568024
vt 931.502686 -187.719360
vt -931.502686 -187.719360
vt -922.248413 -227.568024
vt 611.502441 950.001587
vt 581.502441 940.757141
vt 931.502808 -227.719421
vt 939.448303 -187.589325
vt -939.448303 -187.589325
vt -931.502808 -227.719421
vt 611.502441 959.226257
vt 581.502441 950.001587
vt 950.001587 -227.113800
vt 940.757141 -227.567963
vt -950.001587 -227.113800
vt -940.757141 -227.567963
vt 611.502441 968.421265
vt 581.502441 959.226257
vt 955.305420 -186.549957
vt 947.385376 -187.199371
vt -955.305420 -186.549957
vt -947.385376 -187.199371
vt 611.502441 977.576660
vt 581.502441 968.421265
vt 959.226257 -226.357422
vt 963.200073 -185.641785
vt -963.200073 -185.641785
vt -959.226257 -226.357422
vt 611.502441 986.682800
vt 581.502441 977.576660
vt 968.421265 -225.299622
vt 971.060730 -184.475739
vt -971.060730 -184.475739
vt -968.421265 -225.299622
vt 611.502441 995.729797
vt 581.502441 986.682800
vt 986.682800 -222.284576
vt 977.576660 -223.941528
vt -978.879028 -183.053131
vt -977.576660 -223.941528
vt 611.502441 1004.708008
vt 581.502441 995.729797
vt 986.646545 -181.375488
vt 978.879028 -183.053131
vt -986.646545 -181.375488
vt -986.682800 -222.284576
vt 581.502441 -218.081665
vt 611.502441 -218.081665
vt 611.502441 -179.444611
vt 995.729797 -220.330597
vt 994.355103 -179.444611
vt -994.355103 -179.444611
vt -995.729797 -220.330597
vt 581.502441 1004.708008
vt 1004.708008 -218.081665
vt -1004.708008 -218.081665
s 0
f 2864/2626/1674 2863/2627/1674 2862/2628/1674
f 2868/2629/1675 2867/2630/1675 2865/2631/1675
f 2865/2631/1676 2864/2632/1676 2862/2633/1676
f 2864/2634/1677 2866/2635/1677 2863/2636/1677
f 2866/2637/1678 2862/2638/1678 2863/2639/1678
f 2871/2640/1679 2870/2641/1679 2868/2629/1679
f 2870/2642/1680 2866/2635/1680 2867/2643/1680
f 2866/2637/1678 2868/2644/1678 2865/2645/1678
f 2874/2646/1681 2873/2647/1681 2871/2640/1681
f 2870/2642/1682 2872/2648/1682 2869/2649/1682
f 2872/2650/1678 2868/2644/1678 2869/2651/1678
f 2877/2652/1683 2876/2653/1683 2874/2646/1683
f 2876/2654/1684 2872/2648/1684 2873/2655/1684
f 2872/2650/1678 2874/2656/1678 2871/2657/1678
f 2880/2658/1685 2879/2659/1685 2877/2652/1685
f 2879/2660/1686 2875/2661/1686 2876/2654/1686
f 2875/2662/1678 2877/2663/1678 2874/2656/1678
f 2883/2664/1687 2882/2665/1687 2880/2658/1687
f 2882/2666/1688 2878/2667/1688 2879/2660/1688
f 2878/2668/1678 2880/2669/1678 2877/2663/1678
f 2886/2670/1689 2885/2671/1689 2883/2664/1689
f 2882/2666/1690 2884/2672/1690 2881/2673/1690
f 2881/2674/1678 2883/2675/1678 2880/2669/1678
f 2889/2676/1691 2888/2677/1691 2886/2670/1691
f 2888/2678/1692 2884/2672/1692 2885/2679/1692
f 2887/2680/1678 2883/2675/1678 2884/2681/1678
f 2892/2682/1693 2891/2683/1693 2889/2676/1693
f 2888/2678/1694 2890/2684/1694 2887/2685/1694
f 2890/2686/1678 2886/2687/1678 2887/2680/1678
f 2895/2688/1695 2894/2689/1695 2892/2682/1695
f 2891/2690/1696 2893/2691/1696 2890/2684/1696
f 2890/2686/1678 2892/2692/1678 2889/2693/1678
f 2898/2694/1697 2897/2695/1697 2895/2688/1697
f 2897/2696/1698 2893/2691/1698 2894/2697/1698
f 2893/2698/1678 2895/2699/1678 2892/2692/1678
f 2901/2700/1699 2900/2701/1699 2898/2694/1699
f 2900/2702/1700 2896/2703/1700 2897/2696/1700
f 2896/2704/1678 2898/2705/1678 2895/2699/1678
f 2904/2706/1701 2903/2707/1701 2901/2700/1701
f 2900/2702/1702 2902/2708/1702 2899/2709/1702
f 2902/2710/1678 2898/2705/1678 2899/2711/1678
f 2907/2712/1703 2906/2713/1703 2904/2706/1703
f 2906/2714/1704 2902/2708/1704 2903/2715/1704
f 2902/2710/1678 2904/2716/1678 2901/2717/1678
f 2910/2718/1705 2909/2719/1705 2907/2712/1705
f 2909/2720/1706 2905/2721/1706 2906/2714/1706
f 2908/2722/1678 2904/2716/1678 2905/2723/1678
f 2913/2724/1707 2912/2725/1707 2910/2718/1707
f 2909/2720/1708 2911/2726/1708 2908/2727/1708
f 2911/2728/1678 2907/2729/1678 2908/2722/1678
f 2916/2730/1709 2915/2731/1709 2913/2724/1709
f 2915/2732/1710 2911/2726/1710 2912/2733/1710
f 2911/2728/1678 2913/2734/1678 2910/2735/1678
f 2919/2736/1711 2918/2737/1711 2916/2730/1711
f 2918/2738/1712 2914/2739/1712 2915/2732/1712
f 2914/2740/1678 2916/2741/1678 2913/2734/1678
f 2922/2742/1713 2921/2743/1713 2919/2736/1713
f 2921/2744/1714 2917/2745/1714 2918/2738/1714
f 2917/2746/1678 2919/2747/1678 2916/2741/1678
f 2925/2748/1715 2924/2749/1715 2922/2742/1715
f 2921/2744/1716 2923/2750/1716 2920/2751/1716
f 2923/2752/1678 2919/2747/1678 2920/2753/1678
f 2928/2754/1717 2927/2755/1717 2925/2748/1717
f 2927/2756/1718 2923/2750/1718 2924/2757/1718
f 2926/2758/1678 2922/2759/1678 2923/2752/1678
f 2931/2760/1719 2930/2761/1719 2928/2754/1719
f 2930/2762/1720 2926/2763/1720 2927/2756/1720
f 2926/2758/1678 2928/2764/1678 2925/2765/1678
f 2934/2766/1721 2933/2767/1721 2931/2760/1721
f 2930/2762/1722 2932/2768/1722 2929/2769/1722
f 2932/2770/1678 2928/2764/1678 2929/2771/1678
f 2937/2772/1723 2936/2773/1723 2934/2766/1723
f 2933/2774/1724 2935/2775/1724 2932/2768/1724
f 2935/2776/1678 2931/2777/1678 2932/2770/1678
f 2940/2778/1725 2939/2779/1725 2937/2772/1725
f 2936/2780/1726 2938/2781/1726 2935/2775/1726
f 2938/2782/1678 2934/2783/1678 2935/2776/1678
f 2943/2784/1727 2942/2785/1727 2940/2778/1727
f 2942/2786/1728 2938/2781/1728 2939/2787/1728
f 2938/2782/1678 2940/2788/1678 2937/2789/1678
f 2946/2790/1729 2945/2791/1729 2943/2784/1729
f 2942/2786/1730 2944/2792/1730 2941/2793/1730
f 2944/2794/1678 2940/2788/1678 2941/2795/1678
f 2949/2796/1731 2948/2797/1731 2946/2790/1731
f 2945/2798/1732 2947/2799/1732 2944/2792/1732
f 2947/2800/1678 2943/2801/1678 2944/2794/1678
f 2952/2802/1733 2951/2803/1733 2949/2796/1733
f 2948/2804/1734 2950/2805/1734 2947/2799/1734
f 2950/2806/1678 2946/2807/1678 2947/2800/1678
f 2955/2808/1735 2954/2809/1735 2952/2802/1735
f 2954/2810/1736 2950/2805/1736 2951/2811/1736
f 2953/2812/1678 2949/2813/1678 2950/2806/1678
f 2958/2814/1737 2957/2815/1737 2955/2808/1737
f 2954/2810/1738 2956/2816/1738 2953/2817/1738
f 2956/2818/1678 2952/2819/1678 2953/2812/1678
f 2960/2820/1739 2958/2821/1739 2959/2822/1739
f 2957/2823/1740 2959/2824/1740 2956/2816/1740
f 2959/2825/1678 2955/2826/1678 2956/2818/1678
f 2868/2629/1675 2870/2641/1675 2867/2630/1675
f 2865/2631/1676 2867/2630/1676 2864/2632/1676
f 2864/2634/1677 2867/2643/1677 2866/2635/1677
f 2866/2637/1678 2865/2645/1678 2862/2638/1678
f 2871/2640/1679 2873/2647/1679 2870/2641/1679
f 2870/2642/1680 2869/2649/1680 2866/2635/1680
f 2866/2637/1678 2869/2651/1678 2868/2644/1678
f 2874/2646/1681 2876/2653/1681 2873/2647/1681
f 2870/2642/1682 2873/2655/1682 2872/2648/1682
f 2872/2650/1678 2871/2657/1678 2868/2644/1678
f 2877/2652/1683 2879/2659/1683 2876/2653/1683
f 2876/2654/1684 2875/2661/1684 2872/2648/1684
f 2872/2650/1678 2875/2662/1678 2874/2656/1678
f 2880/2658/1685 2882/2665/1685 2879/2659/1685
f 2879/2660/1741 2878/2667/1741 2875/2661/1741
f 2875/2662/1678 2878/2668/1678 2877/2663/1678
f 2883/2664/1742 2885/2671/1742 2882/2665/1742
f 2882/2666/1688 2881/2673/1688 2878/2667/1688
f 2878/2668/1678 2881/2674/1678 2880/2669/1678
f 2886/2670/1689 2888/2677/1689 2885/2671/1689
f 2882/2666/1690 2885/2679/1690 2884/2672/1690
f 2881/2674/1678 2884/2681/1678 2883/2675/1678
f 2889/2676/1691 2891/2683/1691 2888/2677/1691
f 2888/2678/1692 2887/2685/1692 2884/2672/1692
f 2887/2680/1678 2886/2687/1678 2883/2675/1678
f 2892/2682/1693 2894/2689/1693 2891/2683/1693
f 2888/2678/1694 2891/2690/1694 2890/2684/1694
f 2890/2686/1678 2889/2693/1678 2886/2687/1678
f 2895/2688/1695 2897/2695/1695 2894/2689/1695
f 2891/2690/1696 2894/2697/1696 2893/2691/1696
f 2890/2686/1678 2893/2698/1678 2892/2692/1678
f 2898/2694/1697 2900/2701/1697 2897/2695/1697
f 2897/2696/1743 2896/2703/1743 2893/2691/1743
f 2893/2698/1678 2896/2704/1678 2895/2699/1678
f 2901/2700/1699 2903/2707/1699 2900/2701/1699
f 2900/2702/1700 2899/2709/1700 2896/2703/1700
f 2896/2704/1678 2899/2711/1678 2898/2705/1678
f 2904/2706/1701 2906/2713/1701 2903/2707/1701
f 2900/2702/1702 2903/2715/1702 2902/2708/1702
f 2902/2710/1678 2901/2717/1678 2898/2705/1678
f 2907/2712/1703 2909/2719/1703 2906/2713/1703
f 2906/2714/1744 2905/2721/1744 2902/2708/1744
f 2902/2710/1678 2905/2723/1678 2904/2716/1678
f 2910/2718/1705 2912/2725/1705 2909/2719/1705
f 2909/2720/1706 2908/2727/1706 2905/2721/1706
f 2908/2722/1678 2907/2729/1678 2904/2716/1678
f 2913/2724/1707 2915/2731/1707 2912/2725/1707
f 2909/2720/1708 2912/2733/1708 2911/2726/1708
f 2911/2728/1678 2910/2735/1678 2907/2729/1678
f 2916/2730/1709 2918/2737/1709 2915/2731/1709
f 2915/2732/1710 2914/2739/1710 2911/2726/1710
f 2911/2728/1678 2914/2740/1678 2913/2734/1678
f 2919/2736/1711 2921/2743/1711 2918/2737/1711
f 2918/2738/1712 2917/2745/1712 2914/2739/1712
f 2914/2740/1678 2917/2746/1678 2916/2741/1678
f 2922/2742/1713 2924/2749/1713 2921/2743/1713
f 2921/2744/1714 2920/2751/1714 2917/2745/1714
f 2917/2746/1678 2920/2753/1678 2919/2747/1678
f 2925/2748/1715 2927/2755/1715 2924/2749/1715
f 2921/2744/1745 2924/2757/1745 2923/2750/1745
f 2923/2752/1678 2922/2759/1678 2919/2747/1678
f 2928/2754/1717 2930/2761/1717 2927/2755/1717
f 2927/2756/1718 2926/2763/1718 2923/2750/1718
f 2926/2758/1678 2925/2765/1678 2922/2759/1678
f 2931/2760/1719 2933/2767/1719 2930/2761/1719
f 2930/2762/1720 2929/2769/1720 2926/2763/1720
f 2926/2758/1678 2929/2771/1678 2928/2764/1678
f 2934/2766/1721 2936/2773/1721 2933/2767/1721
f 2930/2762/1722 2933/2774/1722 2932/2768/1722
f 2932/2770/1678 2931/2777/1678 2928/2764/1678
f 2937/2772/1723 2939/2779/1723 2936/2773/1723
f 2933/2774/1724 2936/2780/1724 2935/2775/1724
f 2935/2776/1678 2934/2783/1678 2931/2777/1678
f 2940/2778/1725 2942/2785/1725 2939/2779/1725
f 2936/2780/1726 2939/2787/1726 2938/2781/1726
f 2938/2782/1678 2937/2789/1678 2934/2783/1678
f 2943/2784/1727 2945/2791/1727 2942/2785/1727
f 2942/2786/1746 2941/2793/1746 2938/2781/1746
f 2938/2782/1678 2941/2795/1678 2940/2788/1678
f 2946/2790/1729 2948/2797/1729 2945/2791/1729
f 2942/2786/1730 2945/2798/1730 2944/2792/1730
f 2944/2794/1678 2943/2801/1678 2940/2788/1678
f 2949/2796/1731 2951/2803/1731 2948/2797/1731
f 2945/2798/1732 2948/2804/1732 2947/2799/1732
f 2947/2800/1678 2946/2807/1678 2943/2801/1678
f 2952/2802/1733 2954/2809/1733 2951/2803/1733
f 2948/2804/1747 2951/2811/1747 2950/2805/1747
f 2950/2806/1678 2949/2813/1678 2946/2807/1678
f 2955/2808/1735 2957/2815/1735 2954/2809/1735
f 2954/2810/1736 2953/2817/1736 2950/2805/1736
f 2953/2812/1678 2952/2819/1678 2949/2813/1678
f 2958/2814/1737 2960/2827/1737 2957/2815/1737
f 2954/2810/1738 2957/2823/1738 2956/2816/1738
f 2956/2818/1678 2955/2826/1678 2952/2819/1678
f 2957/2823/1740 2960/2828/1740 2959/2824/1740
f 2959/2825/1678 2958/2829/1678 2955/2826/1678
o prop_static_models/dev/dev_cube.vmdl.015
v -30.407070 5.501281 57.716003
v 8.876887 5.011872 54.656731
v 3.123137 -6.518050 -17.382338
v -36.160820 -6.028640 -14.323065
v 8.876895 3.622203 54.879150
v -30.407063 4.111613 57.938423
v -36.160812 -7.418309 -14.100645
v 3.123145 -7.907718 -17.159918
v -36.160812 -7.418309 -14.100645
v -36.160820 -6.028640 -14.323065
v 3.123137 -6.518050 -17.382338
v 3.123145 -7.907718 -17.159918
v -30.407070 5.501281 57.716003
v -30.407063 4.111613 57.938423
v 8.876895 3.622203 54.879150
v 8.876887 5.011872 54.656731
v 3.123145 -7.907718 -17.159918
v 3.123137 -6.518050 -17.382338
v 8.876887 5.011872 54.656731
v 8.876895 3.622203 54.879150
v -36.160820 -6.028640 -14.323065
v -36.160812 -7.418309 -14.100645
v -30.407063 4.111613 57.938423
v -30.407070 5.501281 57.716003
vn 0.0011 0.9876 -0.1571
vn -0.0000 -0.9874 0.1580
vn -0.0786 -0.1585 -0.9842
vn 0.0786 0.1566 0.9845
vn 0.9969 -0.0134 -0.0775
vn -0.9969 0.0115 0.0778
vt -3.000000 -2.500000
vt -3.000000 -2.000000
vt -3.500000 -2.000000
vt -3.500000 -2.500000
vt -2.500000 1.000000
vt -2.500000 1.500000
vt -2.000000 1.500000
vt -2.000000 1.000000
vt -3.500000 1.000000
vt -3.500000 1.500000
vt -3.000000 1.500000
vt -3.000000 1.000000
s 1
usemtl materials/dev/reflectivity_30.vmat
f 2961/2830/1748 2962/2831/1748 2963/2832/1748
f 2961/2830/1748 2963/2832/1748 2964/2833/1748
f 2965/2831/1749 2966/2830/1749 2967/2833/1749
f 2965/2831/1749 2967/2833/1749 2968/2832/1749
f 2969/2834/1750 2970/2835/1750 2971/2836/1750
f 2969/2834/1750 2971/2836/1750 2972/2837/1750
f 2973/2835/1751 2974/2834/1751 2975/2837/1751
f 2973/2835/1751 2975/2837/1751 2976/2836/1751
f 2977/2838/1752 2978/2839/1752 2979/2840/1752
f 2977/2838/1752 2979/2840/1752 2980/2841/1752
f 2981/2839/1753 2982/2838/1753 2983/2841/1753
f 2981/2839/1753 2983/2841/1753 2984/2840/1753
